Chain
	Aln	8	+SRR33939694.35/1 132 1546 1548 +edge_5_0_+disjointig_2_3588_44283 14955 16381 40695 -1 -1 1236 0.0241994
Chain
	Aln	9	-SRR33939694.35/1 1 1415 1548 -edge_5_0_+disjointig_2_3588_44283 24313 25739 40695 -1 -1 1236 0.0241994
Chain
	Aln	9	+SRR33939694.51/1 118 1204 1208 -edge_5_0_+disjointig_2_3588_44283 23602 24720 40695 -1 -1 980 0.0220998
Chain
	Aln	8	-SRR33939694.51/1 3 1089 1208 +edge_5_0_+disjointig_2_3588_44283 15974 17092 40695 -1 -1 980 0.0220998
Chain
	Aln	8	+SRR33939694.79/1 144 1498 1501 +edge_5_0_+disjointig_2_3588_44283 14674 16037 40695 -1 -1 1071 0.0480043
Chain
	Aln	9	-SRR33939694.79/1 2 1356 1501 -edge_5_0_+disjointig_2_3588_44283 24657 26020 40695 -1 -1 1071 0.0480043
Chain
	Aln	8	+SRR33939694.229/1 126 1306 1323 +edge_5_0_+disjointig_2_3588_44283 26245 27452 40695 -1 -1 1010 0.0300807
Chain
	Aln	9	-SRR33939694.229/1 16 1196 1323 -edge_5_0_+disjointig_2_3588_44283 13242 14449 40695 -1 -1 1010 0.0300807
Chain
	Aln	9	+SRR33939694.191/1 107 1261 1263 -edge_5_0_+disjointig_2_3588_44283 39357 40509 40695 -1 -1 1100 0.0119373
Chain
	Aln	8	-SRR33939694.191/1 1 1155 1263 +edge_5_0_+disjointig_2_3588_44283 185 1337 40695 -1 -1 1100 0.0119373
Chain
	Aln	8	+SRR33939694.128/1 132 1769 1772 +edge_5_0_+disjointig_2_3588_44283 34582 36220 40695 -1 -1 1457 0.0216692
Chain
	Aln	9	-SRR33939694.128/1 2 1639 1772 -edge_5_0_+disjointig_2_3588_44283 4474 6112 40695 -1 -1 1457 0.0216692
Chain
	Aln	8	+SRR33939694.278/1 119 1345 1348 +edge_5_0_+disjointig_2_3588_44283 7215 8445 40695 -1 -1 1108 0.0225081
Chain
	Aln	9	-SRR33939694.278/1 2 1228 1348 -edge_5_0_+disjointig_2_3588_44283 32249 33479 40695 -1 -1 1108 0.0225081
Chain
	Aln	8	+SRR33939694.166/1 120 2702 2704 +edge_5_0_+disjointig_2_3588_44283 9195 11848 40695 -1 -1 2115 0.0366185
Chain
	Aln	9	-SRR33939694.166/1 1 2583 2704 -edge_5_0_+disjointig_2_3588_44283 28846 31499 40695 -1 -1 2115 0.0366185
Chain
	Aln	8	+SRR33939694.285/1 112 1172 1174 +edge_5_0_+disjointig_2_3588_44283 36230 37284 40695 -1 -1 890 0.0293392
Chain
	Aln	9	-SRR33939694.285/1 1 1061 1174 -edge_5_0_+disjointig_2_3588_44283 3410 4464 40695 -1 -1 890 0.0293392
Chain
	Aln	8	+SRR33939694.366/1 172 1228 1230 +edge_5_0_+disjointig_2_3588_44283 8030 9125 40695 -1 -1 731 0.0596153
Chain
	Aln	9	-SRR33939694.366/1 1 1057 1230 -edge_5_0_+disjointig_2_3588_44283 31569 32664 40695 -1 -1 731 0.0596153
Chain
	Aln	9	+SRR33939694.475/1 122 1233 1240 -edge_5_0_+disjointig_2_3588_44283 25100 26199 40695 -1 -1 899 0.0285534
Chain
	Aln	8	-SRR33939694.475/1 6 1117 1240 +edge_5_0_+disjointig_2_3588_44283 14495 15594 40695 -1 -1 899 0.0285534
Chain
	Aln	9	+SRR33939694.353/1 101 1578 1607 -edge_5_0_+disjointig_2_3588_44283 25411 26890 40695 -1 -1 1439 0.0113555
Chain
	Aln	8	-SRR33939694.353/1 28 1505 1607 +edge_5_0_+disjointig_2_3588_44283 13804 15283 40695 -1 -1 1439 0.0113555
Chain
	Aln	9	+SRR33939694.305/1 133 1718 1721 -edge_5_0_+disjointig_2_3588_44283 27537 29130 40695 -1 -1 1408 0.021664
Chain
	Aln	8	-SRR33939694.305/1 2 1587 1721 +edge_5_0_+disjointig_2_3588_44283 11564 13157 40695 -1 -1 1408 0.021664
Chain
	Aln	9	+SRR33939694.705/1 105 1317 1319 -edge_5_0_+disjointig_2_3588_44283 31175 32390 40695 -1 -1 1179 0.0136689
Chain
	Aln	8	-SRR33939694.705/1 1 1213 1319 +edge_5_0_+disjointig_2_3588_44283 8304 9519 40695 -1 -1 1179 0.0136689
Chain
	Aln	9	+SRR33939694.687/1 115 1572 1589 -edge_5_0_+disjointig_2_3588_44283 28823 30269 40695 -1 -1 1298 0.0239876
Chain
	Aln	8	-SRR33939694.687/1 16 1473 1589 +edge_5_0_+disjointig_2_3588_44283 10425 11871 40695 -1 -1 1298 0.0239876
Chain
	Aln	8	+SRR33939694.671/1 116 1947 1964 +edge_5_0_+disjointig_2_3588_44283 17863 19711 40695 -1 -1 1561 0.0269234
Chain
	Aln	9	-SRR33939694.671/1 16 1847 1964 -edge_5_0_+disjointig_2_3588_44283 20983 22831 40695 -1 -1 1561 0.0269234
Chain
	Aln	9	+SRR33939694.781/1 105 1304 1306 -edge_5_0_+disjointig_2_3588_44283 35838 37040 40695 -1 -1 1134 0.0203865
Chain
	Aln	8	-SRR33939694.781/1 1 1200 1306 +edge_5_0_+disjointig_2_3588_44283 3654 4856 40695 -1 -1 1134 0.0203865
Chain
	Aln	8	+SRR33939694.761/1 109 1533 1535 +edge_5_0_+disjointig_2_3588_44283 632 2060 40695 -1 -1 1362 0.0103143
Chain
	Aln	9	-SRR33939694.761/1 1 1425 1535 -edge_5_0_+disjointig_2_3588_44283 38634 40062 40695 -1 -1 1362 0.0103143
Chain
	Aln	9	+SRR33939694.828/1 138 1202 1207 -edge_5_0_+disjointig_2_3588_44283 38122 39199 40695 -1 -1 996 0.0250273
Chain
	Aln	8	-SRR33939694.828/1 4 1068 1207 +edge_5_0_+disjointig_2_3588_44283 1495 2572 40695 -1 -1 996 0.0250273
Chain
	Aln	8	+SRR33939694.859/1 113 1176 1181 +edge_5_0_+disjointig_2_3588_44283 38036 39109 40695 -1 -1 942 0.0293289
Chain
	Aln	9	-SRR33939694.859/1 4 1067 1181 -edge_5_0_+disjointig_2_3588_44283 1585 2658 40695 -1 -1 942 0.0293289
Chain
	Aln	9	+SRR33939694.844/1 113 1667 1672 -edge_5_0_+disjointig_2_3588_44283 35866 37451 40695 -1 -1 1303 0.0309183
Chain
	Aln	8	-SRR33939694.844/1 4 1558 1672 +edge_5_0_+disjointig_2_3588_44283 3243 4828 40695 -1 -1 1303 0.0309183
Chain
	Aln	4	+SRR33939694.1055/1 500 1588 1592 +edge_3_0_-disjointig_2_41855_44283 1 1088 2428 -1 -1 1017 0.0164977
Chain
	Aln	5	-SRR33939694.1055/1 3 1091 1592 -edge_3_0_-disjointig_2_41855_44283 1339 2426 2428 -1 -1 1017 0.0164977
Chain
	Aln	9	+SRR33939694.1119/1 119 1259 1264 -edge_5_0_+disjointig_2_3588_44283 1885 3023 40695 -1 -1 1083 0.0119742
Chain
	Aln	8	-SRR33939694.1119/1 4 1144 1264 +edge_5_0_+disjointig_2_3588_44283 37671 38809 40695 -1 -1 1083 0.0119742
Chain
	Aln	9	+SRR33939694.1125/1 110 1237 1520 -edge_5_0_+disjointig_2_3588_44283 39540 40664 40695 -1 -1 1000 0.031588
Chain
	Aln	8	-SRR33939694.1125/1 282 1409 1520 +edge_5_0_+disjointig_2_3588_44283 30 1154 40695 -1 -1 1000 0.031588
Chain
	Aln	8	+SRR33939694.974/1 122 2374 2408 +edge_5_0_+disjointig_2_3588_44283 38089 40354 40695 -1 -1 2155 0.0144069
Chain
	Aln	9	-SRR33939694.974/1 33 2285 2408 -edge_5_0_+disjointig_2_3588_44283 340 2605 40695 -1 -1 2155 0.0144069
Chain
	Aln	8	+SRR33939694.1168/1 108 1165 1167 +edge_5_0_+disjointig_2_3588_44283 13918 14977 40695 -1 -1 998 0.0121102
Chain
	Aln	9	-SRR33939694.1168/1 1 1058 1167 -edge_5_0_+disjointig_2_3588_44283 25717 26776 40695 -1 -1 998 0.0121102
Chain
	Aln	8	+SRR33939694.1205/1 111 1309 1313 +edge_5_0_+disjointig_2_3588_44283 6777 7980 40695 -1 -1 1141 0.0207132
Chain
	Aln	9	-SRR33939694.1205/1 3 1201 1313 -edge_5_0_+disjointig_2_3588_44283 32714 33917 40695 -1 -1 1141 0.0207132
Chain
	Aln	5	+SRR33939694.1223/1 103 1222 1396 -edge_3_0_-disjointig_2_41855_44283 1269 2403 2428 -1 -1 825 0.0362154
Chain
	Aln	4	-SRR33939694.1223/1 173 1292 1396 +edge_3_0_-disjointig_2_41855_44283 24 1158 2428 -1 -1 825 0.0362154
Chain
	Aln	8	+SRR33939694.1314/1 112 1642 1649 +edge_5_0_+disjointig_2_3588_44283 37001 38536 40695 -1 -1 1470 0.015957
Chain
	Aln	9	-SRR33939694.1314/1 6 1536 1649 -edge_5_0_+disjointig_2_3588_44283 2158 3693 40695 -1 -1 1470 0.015957
Chain
	Aln	0	+SRR33939694.1198/1 275 2905 2907 +edge_1_0_+disjointig_1_0_20896 8098 10777 20896 -1 -1 2083 0.0349201
Chain
	Aln	1	-SRR33939694.1198/1 1 2631 2907 -edge_1_0_+disjointig_1_0_20896 10118 12797 20896 -1 -1 2083 0.0349201
Chain
	Aln	8	+SRR33939694.1427/1 113 1297 1300 +edge_5_0_+disjointig_2_3588_44283 3578 4776 40695 -1 -1 1107 0.0159798
Chain
	Aln	9	-SRR33939694.1427/1 2 1186 1300 -edge_5_0_+disjointig_2_3588_44283 35918 37116 40695 -1 -1 1107 0.0159798
Chain
	Aln	9	+SRR33939694.1452/1 137 1538 1543 -edge_5_0_+disjointig_2_3588_44283 27216 28645 40695 -1 -1 1326 0.0220615
Chain
	Aln	8	-SRR33939694.1452/1 4 1405 1543 +edge_5_0_+disjointig_2_3588_44283 12049 13478 40695 -1 -1 1326 0.0220615
Chain
	Aln	9	+SRR33939694.1523/1 151 1278 1280 -edge_5_0_+disjointig_2_3588_44283 21657 22811 40695 -1 -1 810 0.0439563
Chain
	Aln	8	-SRR33939694.1523/1 1 1128 1280 +edge_5_0_+disjointig_2_3588_44283 17883 19037 40695 -1 -1 810 0.0439563
Chain
	Aln	9	+SRR33939694.1588/1 113 1215 1217 -edge_5_0_+disjointig_2_3588_44283 32734 33836 40695 -1 -1 1083 0.00512083
Chain
	Aln	8	-SRR33939694.1588/1 1 1103 1217 +edge_5_0_+disjointig_2_3588_44283 6858 7960 40695 -1 -1 1083 0.00512083
Chain
	Aln	8	+SRR33939694.1594/1 111 1599 1602 +edge_5_0_+disjointig_2_3588_44283 21693 23174 40695 -1 -1 1407 0.015194
Chain
	Aln	9	-SRR33939694.1594/1 2 1490 1602 -edge_5_0_+disjointig_2_3588_44283 17520 19001 40695 -1 -1 1407 0.015194
Chain
	Aln	9	+SRR33939694.1769/1 105 1781 1783 -edge_5_0_+disjointig_2_3588_44283 15104 16809 40695 -1 -1 1485 0.0269572
Chain
	Aln	8	-SRR33939694.1769/1 1 1677 1783 +edge_5_0_+disjointig_2_3588_44283 23885 25590 40695 -1 -1 1485 0.0269572
Chain
	Aln	9	+SRR33939694.1842/1 114 1162 1164 -edge_5_0_+disjointig_2_3588_44283 17964 19024 40695 -1 -1 988 0.0184317
Chain
	Aln	8	-SRR33939694.1842/1 1 1049 1164 +edge_5_0_+disjointig_2_3588_44283 21670 22730 40695 -1 -1 988 0.0184317
Chain
	Aln	8	+SRR33939694.1807/1 110 1269 1272 +edge_5_0_+disjointig_2_3588_44283 165 1350 40695 -1 -1 871 0.0305651
Chain
	Aln	9	-SRR33939694.1807/1 2 1161 1272 -edge_5_0_+disjointig_2_3588_44283 39344 40529 40695 -1 -1 871 0.0305651
Chain
	Aln	8	+SRR33939694.1871/1 111 1147 1149 +edge_5_0_+disjointig_2_3588_44283 2733 3776 40695 -1 -1 942 0.0221448
Chain
	Aln	9	-SRR33939694.1871/1 1 1037 1149 -edge_5_0_+disjointig_2_3588_44283 36918 37961 40695 -1 -1 942 0.0221448
Chain
	Aln	6	+SRR33939694.1966/1 224 1323 1325 +edge_4_0_+disjointig_1_22059_47419 12344 13444 25360 -1 -1 966 0.0257704
Chain
	Aln	7	-SRR33939694.1966/1 1 1100 1325 -edge_4_0_+disjointig_1_22059_47419 11915 13015 25360 -1 -1 966 0.0257704
Chain
	Aln	8	+SRR33939694.1985/1 109 1156 1158 +edge_5_0_+disjointig_2_3588_44283 25059 26111 40695 -1 -1 964 0.0210274
Chain
	Aln	9	-SRR33939694.1985/1 1 1048 1158 -edge_5_0_+disjointig_2_3588_44283 14583 15635 40695 -1 -1 964 0.0210274
Chain
	Aln	9	+SRR33939694.2055/1 107 1566 1570 -edge_5_0_+disjointig_2_3588_44283 21628 23099 40695 -1 -1 1327 0.0204999
Chain
	Aln	8	-SRR33939694.2055/1 3 1462 1570 +edge_5_0_+disjointig_2_3588_44283 17595 19066 40695 -1 -1 1327 0.0204999
Chain
	Aln	8	+SRR33939694.2130/1 109 1153 1155 +edge_5_0_+disjointig_2_3588_44283 22576 23623 40695 -1 -1 820 0.0454444
Chain
	Aln	9	-SRR33939694.2130/1 1 1045 1155 -edge_5_0_+disjointig_2_3588_44283 17071 18118 40695 -1 -1 820 0.0454444
Chain
	Aln	8	+SRR33939694.2079/1 122 1329 1353 +edge_5_0_+disjointig_2_3588_44283 31902 33155 40695 -1 -1 847 0.0555246
Chain
	Aln	9	-SRR33939694.2079/1 23 1230 1353 -edge_5_0_+disjointig_2_3588_44283 7539 8792 40695 -1 -1 847 0.0555246
Chain
	Aln	8	+SRR33939694.2322/1 113 1142 1146 +edge_5_0_+disjointig_2_3588_44283 34396 35437 40695 -1 -1 950 0.0224447
Chain
	Aln	9	-SRR33939694.2322/1 3 1032 1146 -edge_5_0_+disjointig_2_3588_44283 5257 6298 40695 -1 -1 950 0.0224447
Chain
	Aln	9	+SRR33939694.2253/1 134 1259 1278 -edge_5_0_+disjointig_2_3588_44283 30565 31702 40695 -1 -1 839 0.04618
Chain
	Aln	8	-SRR33939694.2253/1 18 1143 1278 +edge_5_0_+disjointig_2_3588_44283 8992 10129 40695 -1 -1 839 0.04618
Chain
	Aln	9	+SRR33939694.2356/1 115 1197 1199 -edge_5_0_+disjointig_2_3588_44283 6519 7609 40695 -1 -1 949 0.0238394
Chain
	Aln	8	-SRR33939694.2356/1 1 1083 1199 +edge_5_0_+disjointig_2_3588_44283 33085 34175 40695 -1 -1 949 0.0238394
Chain
	Aln	9	+SRR33939694.2386/1 116 1318 1325 -edge_5_0_+disjointig_2_3588_44283 31525 32722 40695 -1 -1 1093 0.0253727
Chain
	Aln	8	-SRR33939694.2386/1 6 1208 1325 +edge_5_0_+disjointig_2_3588_44283 7972 9169 40695 -1 -1 1093 0.0253727
Chain
	Aln	8	+SRR33939694.2504/1 115 1234 1236 +edge_5_0_+disjointig_2_3588_44283 16752 17876 40695 -1 -1 1082 0.0111428
Chain
	Aln	9	-SRR33939694.2504/1 1 1120 1236 -edge_5_0_+disjointig_2_3588_44283 22818 23942 40695 -1 -1 1082 0.0111428
Chain
	Aln	9	+SRR33939694.2544/1 118 1180 1182 -edge_5_0_+disjointig_2_3588_44283 13004 14072 40695 -1 -1 943 0.0246175
Chain
	Aln	8	-SRR33939694.2544/1 1 1063 1182 +edge_5_0_+disjointig_2_3588_44283 26622 27690 40695 -1 -1 943 0.0246175
Chain
	Aln	9	+SRR33939694.2705/1 114 1976 1981 -edge_5_0_+disjointig_2_3588_44283 12314 14184 40695 -1 -1 1654 0.024006
Chain
	Aln	8	-SRR33939694.2705/1 4 1866 1981 +edge_5_0_+disjointig_2_3588_44283 26510 28380 40695 -1 -1 1654 0.024006
Chain
	Aln	7	+SRR33939694.2737/1 553 1840 1844 -edge_4_0_+disjointig_1_22059_47419 7238 8535 25360 -1 -1 1191 0.0228853
Chain
	Aln	6	-SRR33939694.2737/1 3 1290 1844 +edge_4_0_+disjointig_1_22059_47419 16824 18121 25360 -1 -1 1191 0.0228853
Chain
	Aln	8	+SRR33939694.2738/1 117 1508 1544 +edge_5_0_+disjointig_2_3588_44283 13883 15293 40695 -1 -1 1134 0.0372252
Chain
	Aln	9	-SRR33939694.2738/1 35 1426 1544 -edge_5_0_+disjointig_2_3588_44283 25401 26811 40695 -1 -1 1134 0.0372252
Chain
	Aln	9	+SRR33939694.2916/1 113 1631 1633 -edge_5_0_+disjointig_2_3588_44283 24236 25756 40695 -1 -1 1470 0.00818873
Chain
	Aln	8	-SRR33939694.2916/1 1 1519 1633 +edge_5_0_+disjointig_2_3588_44283 14938 16458 40695 -1 -1 1470 0.00818873
Chain
	Aln	4	+SRR33939694.3095/1 113 1129 1152 +edge_3_0_-disjointig_2_41855_44283 1411 2423 2428 -1 -1 867 0.0348703
Chain
	Aln	5	-SRR33939694.3095/1 22 1038 1152 -edge_3_0_-disjointig_2_41855_44283 4 1016 2428 -1 -1 867 0.0348703
Chain
	Aln	8	+SRR33939694.3064/1 125 1304 1311 +edge_5_0_+disjointig_2_3588_44283 23769 24958 40695 -1 -1 1106 0.0185806
Chain
	Aln	9	-SRR33939694.3064/1 6 1185 1311 -edge_5_0_+disjointig_2_3588_44283 15736 16925 40695 -1 -1 1106 0.0185806
Chain
	Aln	9	+SRR33939694.3202/1 109 1125 1128 -edge_5_0_+disjointig_2_3588_44283 31825 32833 40695 -1 -1 886 0.024778
Chain
	Aln	8	-SRR33939694.3202/1 2 1018 1128 +edge_5_0_+disjointig_2_3588_44283 7861 8869 40695 -1 -1 886 0.024778
Chain
	Aln	8	+SRR33939694.2824/1 107 3120 3122 +edge_5_0_+disjointig_2_3588_44283 33824 36892 40695 -1 -1 2370 0.0410926
Chain
	Aln	9	-SRR33939694.2824/1 1 3014 3122 -edge_5_0_+disjointig_2_3588_44283 3802 6870 40695 -1 -1 2370 0.0410926
Chain
	Aln	8	+SRR33939694.3257/1 139 1154 1156 +edge_5_0_+disjointig_2_3588_44283 34855 35878 40695 -1 -1 964 0.0126595
Chain
	Aln	9	-SRR33939694.3257/1 1 1016 1156 -edge_5_0_+disjointig_2_3588_44283 4816 5839 40695 -1 -1 964 0.0126595
Chain
	Aln	8	+SRR33939694.3229/1 116 1369 1384 +edge_5_0_+disjointig_2_3588_44283 24421 25687 40695 -1 -1 1013 0.0376303
Chain
	Aln	9	-SRR33939694.3229/1 14 1267 1384 -edge_5_0_+disjointig_2_3588_44283 15007 16273 40695 -1 -1 1013 0.0376303
Chain
	Aln	9	+SRR33939694.3283/1 114 1504 1507 -edge_5_0_+disjointig_2_3588_44283 18388 19775 40695 -1 -1 1312 0.0147238
Chain
	Aln	8	-SRR33939694.3283/1 2 1392 1507 +edge_5_0_+disjointig_2_3588_44283 20919 22306 40695 -1 -1 1312 0.0147238
Chain
	Aln	8	+SRR33939694.3311/1 116 1289 1291 +edge_5_0_+disjointig_2_3588_44283 29929 31111 40695 -1 -1 1075 0.0311728
Chain
	Aln	9	-SRR33939694.3311/1 1 1174 1291 -edge_5_0_+disjointig_2_3588_44283 9583 10765 40695 -1 -1 1075 0.0311728
Chain
	Aln	9	+SRR33939694.3355/1 118 1406 1438 -edge_5_0_+disjointig_2_3588_44283 39278 40558 40695 -1 -1 1223 0.0160106
Chain
	Aln	8	-SRR33939694.3355/1 31 1319 1438 +edge_5_0_+disjointig_2_3588_44283 136 1416 40695 -1 -1 1223 0.0160106
Chain
	Aln	9	+SRR33939694.3366/1 130 1854 1856 -edge_5_0_+disjointig_2_3588_44283 8939 10667 40695 -1 -1 1593 0.0183277
Chain
	Aln	8	-SRR33939694.3366/1 1 1725 1856 +edge_5_0_+disjointig_2_3588_44283 30027 31755 40695 -1 -1 1593 0.0183277
Chain
	Aln	9	+SRR33939694.3379/1 142 1326 1334 -edge_5_0_+disjointig_2_3588_44283 5715 6992 40695 -1 -1 806 0.0498063
Chain
	Aln	8	-SRR33939694.3379/1 7 1191 1334 +edge_5_0_+disjointig_2_3588_44283 33702 34979 40695 -1 -1 806 0.0498063
Chain
	Aln	6	+SRR33939694.3373/1 206 1425 1462 +edge_4_0_+disjointig_1_22059_47419 16074 17306 25360 -1 -1 1026 0.0278114
Chain
	Aln	7	-SRR33939694.3373/1 36 1255 1462 -edge_4_0_+disjointig_1_22059_47419 8053 9285 25360 -1 -1 1026 0.0278114
Chain
	Aln	9	+SRR33939694.2767/1 125 5896 5904 -edge_5_0_+disjointig_2_3588_44283 18400 24182 40695 -1 -1 4779 0.0325335
Chain
	Aln	8	-SRR33939694.2767/1 7 5778 5904 +edge_5_0_+disjointig_2_3588_44283 16512 22294 40695 -1 -1 4779 0.0325335
Chain
	Aln	9	+SRR33939694.3517/1 114 1300 1302 -edge_5_0_+disjointig_2_3588_44283 2705 3897 40695 -1 -1 1055 0.0248059
Chain
	Aln	8	-SRR33939694.3517/1 1 1187 1302 +edge_5_0_+disjointig_2_3588_44283 36797 37989 40695 -1 -1 1055 0.0248059
Chain
	Aln	9	+SRR33939694.3522/1 113 1582 1595 -edge_5_0_+disjointig_2_3588_44283 30191 31664 40695 -1 -1 1263 0.0262317
Chain
	Aln	8	-SRR33939694.3522/1 12 1481 1595 +edge_5_0_+disjointig_2_3588_44283 9030 10503 40695 -1 -1 1263 0.0262317
Chain
	Aln	4	+SRR33939694.3596/1 108 1375 1378 +edge_3_0_-disjointig_2_41855_44283 531 1802 2428 -1 -1 1231 0.0131648
Chain
	Aln	5	-SRR33939694.3596/1 2 1269 1378 -edge_3_0_-disjointig_2_41855_44283 625 1896 2428 -1 -1 1231 0.0131648
Chain
	Aln	9	+SRR33939694.3688/1 108 1495 1498 -edge_5_0_+disjointig_2_3588_44283 30095 31475 40695 -1 -1 1262 0.0167017
Chain
	Aln	8	-SRR33939694.3688/1 2 1389 1498 +edge_5_0_+disjointig_2_3588_44283 9219 10599 40695 -1 -1 1262 0.0167017
Chain
	Aln	6	+SRR33939694.3653/1 230 1524 1693 +edge_4_0_+disjointig_1_22059_47419 24028 25346 25360 -1 -1 1135 0.0313223
Chain
	Aln	7	-SRR33939694.3653/1 168 1462 1693 -edge_4_0_+disjointig_1_22059_47419 13 1331 25360 -1 -1 1135 0.0313223
Chain
	Aln	9	+SRR33939694.3708/1 157 1173 1175 -edge_5_0_+disjointig_2_3588_44283 27239 28269 40695 -1 -1 975 0.0246194
Chain
	Aln	8	-SRR33939694.3708/1 1 1017 1175 +edge_5_0_+disjointig_2_3588_44283 12425 13455 40695 -1 -1 975 0.0246194
Chain
	Aln	8	+SRR33939694.3651/1 113 2498 2510 +edge_5_0_+disjointig_2_3588_44283 6433 8825 40695 -1 -1 2168 0.0185872
Chain
	Aln	9	-SRR33939694.3651/1 11 2396 2510 -edge_5_0_+disjointig_2_3588_44283 31869 34261 40695 -1 -1 2168 0.0185872
Chain
	Aln	8	+SRR33939694.3773/1 109 1190 1192 +edge_5_0_+disjointig_2_3588_44283 2829 3907 40695 -1 -1 1042 0.0124381
Chain
	Aln	9	-SRR33939694.3773/1 1 1082 1192 -edge_5_0_+disjointig_2_3588_44283 36787 37865 40695 -1 -1 1042 0.0124381
Chain
	Aln	8	+SRR33939694.3776/1 113 1271 1273 +edge_5_0_+disjointig_2_3588_44283 37747 38903 40695 -1 -1 1079 0.017504
Chain
	Aln	9	-SRR33939694.3776/1 1 1159 1273 -edge_5_0_+disjointig_2_3588_44283 1791 2947 40695 -1 -1 1079 0.017504
Chain
	Aln	8	+SRR33939694.3968/1 111 1128 1131 +edge_5_0_+disjointig_2_3588_44283 37410 38430 40695 -1 -1 902 0.0240455
Chain
	Aln	9	-SRR33939694.3968/1 2 1019 1131 -edge_5_0_+disjointig_2_3588_44283 2264 3284 40695 -1 -1 902 0.0240455
Chain
	Aln	5	+SRR33939694.3958/1 127 1369 1380 -edge_3_0_-disjointig_2_41855_44283 312 1575 2428 -1 -1 1024 0.0344823
Chain
	Aln	4	-SRR33939694.3958/1 10 1252 1380 +edge_3_0_-disjointig_2_41855_44283 852 2115 2428 -1 -1 1024 0.0344823
Chain
	Aln	9	+SRR33939694.3869/1 123 1250 1263 -edge_5_0_+disjointig_2_3588_44283 5777 6923 40695 -1 -1 1027 0.0321262
Chain
	Aln	8	-SRR33939694.3869/1 12 1139 1263 +edge_5_0_+disjointig_2_3588_44283 33771 34917 40695 -1 -1 1027 0.0321262
Chain
	Aln	8	+SRR33939694.4003/1 140 1494 1504 +edge_5_0_+disjointig_2_3588_44283 23969 25323 40695 -1 -1 1298 0.017002
Chain
	Aln	9	-SRR33939694.4003/1 9 1363 1504 -edge_5_0_+disjointig_2_3588_44283 15371 16725 40695 -1 -1 1298 0.017002
Chain
	Aln	8	+SRR33939694.4066/1 119 1490 1494 +edge_5_0_+disjointig_2_3588_44283 22363 23741 40695 -1 -1 1095 0.0362694
Chain
	Aln	9	-SRR33939694.4066/1 3 1374 1494 -edge_5_0_+disjointig_2_3588_44283 16953 18331 40695 -1 -1 1095 0.0362694
Chain
	Aln	8	+SRR33939694.3800/1 104 2498 2501 +edge_5_0_+disjointig_2_3588_44283 13290 15707 40695 -1 -1 1677 0.0531565
Chain
	Aln	9	-SRR33939694.3800/1 2 2396 2501 -edge_5_0_+disjointig_2_3588_44283 24987 27404 40695 -1 -1 1677 0.0531565
Chain
	Aln	9	+SRR33939694.4174/1 139 1230 1232 -edge_5_0_+disjointig_2_3588_44283 14518 15637 40695 -1 -1 931 0.0381869
Chain
	Aln	8	-SRR33939694.4174/1 1 1092 1232 +edge_5_0_+disjointig_2_3588_44283 25057 26176 40695 -1 -1 931 0.0381869
Chain
	Aln	8	+SRR33939694.4109/1 132 1788 1792 +edge_5_0_+disjointig_2_3588_44283 573 2248 40695 -1 -1 1490 0.0216982
Chain
	Aln	9	-SRR33939694.4109/1 3 1659 1792 -edge_5_0_+disjointig_2_3588_44283 38446 40121 40695 -1 -1 1490 0.0216982
Chain
	Aln	8	+SRR33939694.4195/1 112 1363 1383 +edge_5_0_+disjointig_2_3588_44283 35108 36354 40695 -1 -1 1082 0.0305026
Chain
	Aln	9	-SRR33939694.4195/1 19 1270 1383 -edge_5_0_+disjointig_2_3588_44283 4340 5586 40695 -1 -1 1082 0.0305026
Chain
	Aln	9	+SRR33939694.4205/1 184 1290 1292 -edge_5_0_+disjointig_2_3588_44283 14812 15945 40695 -1 -1 959 0.0328921
Chain
	Aln	8	-SRR33939694.4205/1 1 1107 1292 +edge_5_0_+disjointig_2_3588_44283 24749 25882 40695 -1 -1 959 0.0328921
Chain
	Aln	9	+SRR33939694.4265/1 104 1157 1160 -edge_5_0_+disjointig_2_3588_44283 33805 34862 40695 -1 -1 971 0.0222746
Chain
	Aln	8	-SRR33939694.4265/1 2 1055 1160 +edge_5_0_+disjointig_2_3588_44283 5832 6889 40695 -1 -1 971 0.0222746
Chain
	Aln	9	+SRR33939694.4337/1 107 1235 1243 -edge_5_0_+disjointig_2_3588_44283 39542 40694 40695 -1 -1 953 0.0359995
Chain
	Aln	8	-SRR33939694.4337/1 7 1135 1243 +edge_5_0_+disjointig_2_3588_44283 0 1152 40695 -1 -1 953 0.0359995
Chain
	Aln	9	+SRR33939694.4255/1 107 1261 1270 -edge_5_0_+disjointig_2_3588_44283 31205 32365 40695 -1 -1 993 0.0258234
Chain
	Aln	8	-SRR33939694.4255/1 8 1162 1270 +edge_5_0_+disjointig_2_3588_44283 8329 9489 40695 -1 -1 993 0.0258234
Chain
	Aln	8	+SRR33939694.4362/1 105 1333 1342 +edge_5_0_+disjointig_2_3588_44283 27460 28697 40695 -1 -1 1060 0.0359154
Chain
	Aln	9	-SRR33939694.4362/1 8 1236 1342 -edge_5_0_+disjointig_2_3588_44283 11997 13234 40695 -1 -1 1060 0.0359154
Chain
	Aln	9	+SRR33939694.4478/1 112 1198 1223 -edge_5_0_+disjointig_2_3588_44283 9546 10667 40695 -1 -1 754 0.0537553
Chain
	Aln	8	-SRR33939694.4478/1 24 1110 1223 +edge_5_0_+disjointig_2_3588_44283 30027 31148 40695 -1 -1 754 0.0537553
Chain
	Aln	9	+SRR33939694.4401/1 114 1366 1369 -edge_5_0_+disjointig_2_3588_44283 30057 31345 40695 -1 -1 987 0.0405255
Chain
	Aln	8	-SRR33939694.4401/1 2 1254 1369 +edge_5_0_+disjointig_2_3588_44283 9349 10637 40695 -1 -1 987 0.0405255
Chain
	Aln	9	+SRR33939694.4388/1 115 1379 1381 -edge_5_0_+disjointig_2_3588_44283 22412 23678 40695 -1 -1 1228 0.0121272
Chain
	Aln	8	-SRR33939694.4388/1 1 1265 1381 +edge_5_0_+disjointig_2_3588_44283 17016 18282 40695 -1 -1 1228 0.0121272
Chain
	Aln	8	+SRR33939694.4486/1 108 1592 1594 +edge_5_0_+disjointig_2_3588_44283 16828 18320 40695 -1 -1 1433 0.0159183
Chain
	Aln	9	-SRR33939694.4486/1 1 1485 1594 -edge_5_0_+disjointig_2_3588_44283 22374 23866 40695 -1 -1 1433 0.0159183
Chain
	Aln	8	+SRR33939694.4559/1 115 1493 1504 +edge_5_0_+disjointig_2_3588_44283 10535 11919 40695 -1 -1 1263 0.0213297
Chain
	Aln	9	-SRR33939694.4559/1 10 1388 1504 -edge_5_0_+disjointig_2_3588_44283 28775 30159 40695 -1 -1 1263 0.0213297
Chain
	Aln	8	+SRR33939694.4564/1 111 1162 1168 +edge_5_0_+disjointig_2_3588_44283 9912 10972 40695 -1 -1 872 0.0329225
Chain
	Aln	9	-SRR33939694.4564/1 5 1056 1168 -edge_5_0_+disjointig_2_3588_44283 29722 30782 40695 -1 -1 872 0.0329225
Chain
	Aln	9	+SRR33939694.4522/1 113 1497 1566 -edge_5_0_+disjointig_2_3588_44283 12038 13424 40695 -1 -1 1123 0.0310971
Chain
	Aln	8	-SRR33939694.4522/1 68 1452 1566 +edge_5_0_+disjointig_2_3588_44283 27270 28656 40695 -1 -1 1123 0.0310971
Chain
	Aln	8	+SRR33939694.4585/1 105 1155 1158 +edge_5_0_+disjointig_2_3588_44283 33930 34970 40695 -1 -1 1012 0.0110641
Chain
	Aln	9	-SRR33939694.4585/1 2 1052 1158 -edge_5_0_+disjointig_2_3588_44283 5724 6764 40695 -1 -1 1012 0.0110641
Chain
	Aln	8	+SRR33939694.4611/1 116 1313 1318 +edge_5_0_+disjointig_2_3588_44283 11409 12607 40695 -1 -1 1087 0.0165631
Chain
	Aln	9	-SRR33939694.4611/1 4 1201 1318 -edge_5_0_+disjointig_2_3588_44283 28087 29285 40695 -1 -1 1087 0.0165631
Chain
	Aln	9	+SRR33939694.4727/1 110 1210 1212 -edge_5_0_+disjointig_2_3588_44283 29949 31074 40695 -1 -1 963 0.0335765
Chain
	Aln	8	-SRR33939694.4727/1 1 1101 1212 +edge_5_0_+disjointig_2_3588_44283 9620 10745 40695 -1 -1 963 0.0335765
Chain
	Aln	9	+SRR33939694.4784/1 117 1617 1621 -edge_5_0_+disjointig_2_3588_44283 15651 17146 40695 -1 -1 1471 0.0124753
Chain
	Aln	8	-SRR33939694.4784/1 3 1503 1621 +edge_5_0_+disjointig_2_3588_44283 23548 25043 40695 -1 -1 1471 0.0124753
Chain
	Aln	8	+SRR33939694.4227/1 127 4950 4964 +edge_5_0_+disjointig_2_3588_44283 35860 40678 40695 -1 -1 4559 0.012884
Chain
	Aln	9	-SRR33939694.4227/1 13 4836 4964 -edge_5_0_+disjointig_2_3588_44283 16 4834 40695 -1 -1 4559 0.012884
Chain
	Aln	8	+SRR33939694.4912/1 121 1218 1220 +edge_5_0_+disjointig_2_3588_44283 5964 7065 40695 -1 -1 1031 0.0174837
Chain
	Aln	9	-SRR33939694.4912/1 1 1098 1220 -edge_5_0_+disjointig_2_3588_44283 33629 34730 40695 -1 -1 1031 0.0174837
Chain
	Aln	8	+SRR33939694.4994/1 111 1151 1154 +edge_5_0_+disjointig_2_3588_44283 23661 24701 40695 -1 -1 964 0.0165561
Chain
	Aln	9	-SRR33939694.4994/1 2 1042 1154 -edge_5_0_+disjointig_2_3588_44283 15993 17033 40695 -1 -1 964 0.0165561
Chain
	Aln	8	+SRR33939694.5097/1 108 1335 1349 +edge_5_0_+disjointig_2_3588_44283 11856 13078 40695 -1 -1 1120 0.0209086
Chain
	Aln	9	-SRR33939694.5097/1 13 1240 1349 -edge_5_0_+disjointig_2_3588_44283 27616 28838 40695 -1 -1 1120 0.0209086
Chain
	Aln	9	+SRR33939694.5116/1 111 1382 1387 -edge_5_0_+disjointig_2_3588_44283 13673 14945 40695 -1 -1 1164 0.0217404
Chain
	Aln	8	-SRR33939694.5116/1 4 1275 1387 +edge_5_0_+disjointig_2_3588_44283 25749 27021 40695 -1 -1 1164 0.0217404
Chain
	Aln	9	+SRR33939694.5125/1 140 1590 1592 -edge_5_0_+disjointig_2_3588_44283 12661 14129 40695 -1 -1 1127 0.038121
Chain
	Aln	8	-SRR33939694.5125/1 1 1451 1592 +edge_5_0_+disjointig_2_3588_44283 26565 28033 40695 -1 -1 1127 0.038121
Chain
	Aln	9	+SRR33939694.5063/1 129 3287 3289 -edge_5_0_+disjointig_2_3588_44283 34448 37622 40695 -1 -1 2919 0.0202782
Chain
	Aln	8	-SRR33939694.5063/1 1 3159 3289 +edge_5_0_+disjointig_2_3588_44283 3072 6246 40695 -1 -1 2919 0.0202782
Chain
	Aln	8	+SRR33939694.5138/1 111 1331 1333 +edge_5_0_+disjointig_2_3588_44283 12347 13572 40695 -1 -1 977 0.0294255
Chain
	Aln	9	-SRR33939694.5138/1 1 1221 1333 -edge_5_0_+disjointig_2_3588_44283 27122 28347 40695 -1 -1 977 0.0294255
Chain
	Aln	8	+SRR33939694.5155/1 107 1164 1167 +edge_5_0_+disjointig_2_3588_44283 17583 18649 40695 -1 -1 950 0.0324818
Chain
	Aln	9	-SRR33939694.5155/1 2 1059 1167 -edge_5_0_+disjointig_2_3588_44283 22045 23111 40695 -1 -1 950 0.0324818
Chain
	Aln	8	+SRR33939694.5127/1 284 1525 1527 +edge_5_0_+disjointig_2_3588_44283 1 1257 40695 -1 -1 1125 0.0213317
Chain
	Aln	9	-SRR33939694.5127/1 1 1242 1527 -edge_5_0_+disjointig_2_3588_44283 39437 40693 40695 -1 -1 1125 0.0213317
Chain
	Aln	9	+SRR33939694.5284/1 106 1252 1259 -edge_5_0_+disjointig_2_3588_44283 7218 8367 40695 -1 -1 1067 0.0215256
Chain
	Aln	8	-SRR33939694.5284/1 6 1152 1259 +edge_5_0_+disjointig_2_3588_44283 32327 33476 40695 -1 -1 1067 0.0215256
Chain
	Aln	8	+SRR33939694.5319/1 118 1245 1247 +edge_5_0_+disjointig_2_3588_44283 10787 11922 40695 -1 -1 1014 0.0204361
Chain
	Aln	9	-SRR33939694.5319/1 1 1128 1247 -edge_5_0_+disjointig_2_3588_44283 28772 29907 40695 -1 -1 1014 0.0204361
Chain
	Aln	8	+SRR33939694.5389/1 137 1145 1147 +edge_5_0_+disjointig_2_3588_44283 25773 26791 40695 -1 -1 956 0.0149245
Chain
	Aln	9	-SRR33939694.5389/1 1 1009 1147 -edge_5_0_+disjointig_2_3588_44283 13903 14921 40695 -1 -1 956 0.0149245
Chain
	Aln	9	+SRR33939694.5476/1 111 1188 1195 -edge_5_0_+disjointig_2_3588_44283 38667 39766 40695 -1 -1 801 0.0441805
Chain
	Aln	8	-SRR33939694.5476/1 6 1083 1195 +edge_5_0_+disjointig_2_3588_44283 928 2027 40695 -1 -1 801 0.0441805
Chain
	Aln	9	+SRR33939694.5510/1 125 1285 1287 -edge_5_0_+disjointig_2_3588_44283 11190 12352 40695 -1 -1 1083 0.019233
Chain
	Aln	8	-SRR33939694.5510/1 1 1161 1287 +edge_5_0_+disjointig_2_3588_44283 28342 29504 40695 -1 -1 1083 0.019233
Chain
	Aln	9	+SRR33939694.5517/1 117 1602 1604 -edge_5_0_+disjointig_2_3588_44283 7026 8530 40695 -1 -1 1169 0.0438405
Chain
	Aln	8	-SRR33939694.5517/1 1 1486 1604 +edge_5_0_+disjointig_2_3588_44283 32164 33668 40695 -1 -1 1169 0.0438405
Chain
	Aln	9	+SRR33939694.5519/1 127 1425 1427 -edge_5_0_+disjointig_2_3588_44283 7619 8945 40695 -1 -1 877 0.0450331
Chain
	Aln	8	-SRR33939694.5519/1 1 1299 1427 +edge_5_0_+disjointig_2_3588_44283 31749 33075 40695 -1 -1 877 0.0450331
Chain
	Aln	8	+SRR33939694.5531/1 159 1259 1275 +edge_5_0_+disjointig_2_3588_44283 16578 17679 40695 -1 -1 1032 0.0255755
Chain
	Aln	9	-SRR33939694.5531/1 15 1115 1275 -edge_5_0_+disjointig_2_3588_44283 23015 24116 40695 -1 -1 1032 0.0255755
Chain
	Aln	9	+SRR33939694.5594/1 115 1753 1755 -edge_5_0_+disjointig_2_3588_44283 38866 40504 40695 -1 -1 1534 0.0189777
Chain
	Aln	8	-SRR33939694.5594/1 1 1639 1755 +edge_5_0_+disjointig_2_3588_44283 190 1828 40695 -1 -1 1534 0.0189777
Chain
	Aln	9	+SRR33939694.5668/1 108 1141 1143 -edge_5_0_+disjointig_2_3588_44283 28039 29064 40695 -1 -1 746 0.0444094
Chain
	Aln	8	-SRR33939694.5668/1 1 1034 1143 +edge_5_0_+disjointig_2_3588_44283 11630 12655 40695 -1 -1 746 0.0444094
Chain
	Aln	8	+SRR33939694.5659/1 112 1409 1414 +edge_5_0_+disjointig_2_3588_44283 12209 13513 40695 -1 -1 1190 0.0188139
Chain
	Aln	9	-SRR33939694.5659/1 4 1301 1414 -edge_5_0_+disjointig_2_3588_44283 27181 28485 40695 -1 -1 1190 0.0188139
Chain
	Aln	8	+SRR33939694.5743/1 132 1248 1255 +edge_5_0_+disjointig_2_3588_44283 15280 16408 40695 -1 -1 744 0.0528258
Chain
	Aln	9	-SRR33939694.5743/1 6 1122 1255 -edge_5_0_+disjointig_2_3588_44283 24286 25414 40695 -1 -1 744 0.0528258
Chain
	Aln	9	+SRR33939694.5758/1 118 1183 1186 -edge_5_0_+disjointig_2_3588_44283 14883 15966 40695 -1 -1 774 0.0364651
Chain
	Aln	8	-SRR33939694.5758/1 2 1067 1186 +edge_5_0_+disjointig_2_3588_44283 24728 25811 40695 -1 -1 774 0.0364651
Chain
	Aln	8	+SRR33939694.5770/1 101 1249 1251 +edge_5_0_+disjointig_2_3588_44283 11277 12428 40695 -1 -1 1050 0.0170105
Chain
	Aln	9	-SRR33939694.5770/1 1 1149 1251 -edge_5_0_+disjointig_2_3588_44283 28266 29417 40695 -1 -1 1050 0.0170105
Chain
	Aln	8	+SRR33939694.5806/1 117 1292 1307 +edge_5_0_+disjointig_2_3588_44283 5868 7035 40695 -1 -1 1137 0.0146463
Chain
	Aln	9	-SRR33939694.5806/1 14 1189 1307 -edge_5_0_+disjointig_2_3588_44283 33659 34826 40695 -1 -1 1137 0.0146463
Chain
	Aln	6	+SRR33939694.5609/1 226 3394 3445 +edge_4_0_+disjointig_1_22059_47419 14450 17633 25360 -1 -1 2932 0.0202878
Chain
	Aln	7	-SRR33939694.5609/1 50 3218 3445 -edge_4_0_+disjointig_1_22059_47419 7726 10909 25360 -1 -1 2932 0.0202878
Chain
	Aln	9	+SRR33939694.5771/1 113 1445 1460 -edge_5_0_+disjointig_2_3588_44283 15032 16372 40695 -1 -1 1001 0.0451753
Chain
	Aln	8	-SRR33939694.5771/1 14 1346 1460 +edge_5_0_+disjointig_2_3588_44283 24322 25662 40695 -1 -1 1001 0.0451753
Chain
	Aln	8	+SRR33939694.5856/1 121 1144 1148 +edge_5_0_+disjointig_2_3588_44283 10126 11154 40695 -1 -1 899 0.0315096
Chain
	Aln	9	-SRR33939694.5856/1 3 1026 1148 -edge_5_0_+disjointig_2_3588_44283 29540 30568 40695 -1 -1 899 0.0315096
Chain
	Aln	9	+SRR33939694.5824/1 109 1446 1448 -edge_5_0_+disjointig_2_3588_44283 22109 23448 40695 -1 -1 1218 0.0185958
Chain
	Aln	8	-SRR33939694.5824/1 1 1338 1448 +edge_5_0_+disjointig_2_3588_44283 17246 18585 40695 -1 -1 1218 0.0185958
Chain
	Aln	9	+SRR33939694.5814/1 118 2096 2098 -edge_5_0_+disjointig_2_3588_44283 23773 25762 40695 -1 -1 1623 0.0305477
Chain
	Aln	8	-SRR33939694.5814/1 1 1979 2098 +edge_5_0_+disjointig_2_3588_44283 14932 16921 40695 -1 -1 1623 0.0305477
Chain
	Aln	9	+SRR33939694.5857/1 123 1238 1268 -edge_5_0_+disjointig_2_3588_44283 28566 29724 40695 -1 -1 794 0.0611542
Chain
	Aln	8	-SRR33939694.5857/1 29 1144 1268 +edge_5_0_+disjointig_2_3588_44283 10970 12128 40695 -1 -1 794 0.0611542
Chain
	Aln	9	+SRR33939694.5865/1 108 1357 1364 -edge_5_0_+disjointig_2_3588_44283 24420 25661 40695 -1 -1 1134 0.0236913
Chain
	Aln	8	-SRR33939694.5865/1 6 1255 1364 +edge_5_0_+disjointig_2_3588_44283 15033 16274 40695 -1 -1 1134 0.0236913
Chain
	Aln	9	+SRR33939694.5749/1 122 4152 4155 -edge_5_0_+disjointig_2_3588_44283 13175 17224 40695 -1 -1 3556 0.0242522
Chain
	Aln	8	-SRR33939694.5749/1 2 4032 4155 +edge_5_0_+disjointig_2_3588_44283 23470 27519 40695 -1 -1 3556 0.0242522
Chain
	Aln	8	+SRR33939694.5880/1 116 1459 1461 +edge_5_0_+disjointig_2_3588_44283 9302 10651 40695 -1 -1 1116 0.0247305
Chain
	Aln	9	-SRR33939694.5880/1 1 1344 1461 -edge_5_0_+disjointig_2_3588_44283 30043 31392 40695 -1 -1 1116 0.0247305
Chain
	Aln	9	+SRR33939694.5923/1 103 1286 1288 -edge_5_0_+disjointig_2_3588_44283 33126 34309 40695 -1 -1 1150 0.0153031
Chain
	Aln	8	-SRR33939694.5923/1 1 1184 1288 +edge_5_0_+disjointig_2_3588_44283 6385 7568 40695 -1 -1 1150 0.0153031
Chain
	Aln	9	+SRR33939694.6027/1 116 1511 1517 -edge_5_0_+disjointig_2_3588_44283 22141 23538 40695 -1 -1 1284 0.0194833
Chain
	Aln	8	-SRR33939694.6027/1 5 1400 1517 +edge_5_0_+disjointig_2_3588_44283 17156 18553 40695 -1 -1 1284 0.0194833
Chain
	Aln	8	+SRR33939694.5896/1 122 2266 2272 +edge_5_0_+disjointig_2_3588_44283 31565 33709 40695 -1 -1 1927 0.0245031
Chain
	Aln	9	-SRR33939694.5896/1 5 2149 2272 -edge_5_0_+disjointig_2_3588_44283 6985 9129 40695 -1 -1 1927 0.0245031
Chain
	Aln	8	+SRR33939694.6050/1 104 1599 1604 +edge_5_0_+disjointig_2_3588_44283 20456 21956 40695 -1 -1 1359 0.0233167
Chain
	Aln	9	-SRR33939694.6050/1 4 1499 1604 -edge_5_0_+disjointig_2_3588_44283 18738 20238 40695 -1 -1 1359 0.0233167
Chain
	Aln	8	+SRR33939694.5901/1 111 2308 2319 +edge_5_0_+disjointig_2_3588_44283 3939 6160 40695 -1 -1 1898 0.0315306
Chain
	Aln	9	-SRR33939694.5901/1 10 2207 2319 -edge_5_0_+disjointig_2_3588_44283 34534 36755 40695 -1 -1 1898 0.0315306
Chain
	Aln	8	+SRR33939694.6160/1 130 1315 1317 +edge_5_0_+disjointig_2_3588_44283 35713 36906 40695 -1 -1 1046 0.0298026
Chain
	Aln	9	-SRR33939694.6160/1 1 1186 1317 -edge_5_0_+disjointig_2_3588_44283 3788 4981 40695 -1 -1 1046 0.0298026
Chain
	Aln	9	+SRR33939694.6282/1 115 1327 1330 -edge_5_0_+disjointig_2_3588_44283 7860 9084 40695 -1 -1 1105 0.0214534
Chain
	Aln	8	-SRR33939694.6282/1 2 1214 1330 +edge_5_0_+disjointig_2_3588_44283 31610 32834 40695 -1 -1 1105 0.0214534
Chain
	Aln	8	+SRR33939694.6074/1 114 2321 2323 +edge_5_0_+disjointig_2_3588_44283 2982 5198 40695 -1 -1 2037 0.0162934
Chain
	Aln	9	-SRR33939694.6074/1 1 2208 2323 -edge_5_0_+disjointig_2_3588_44283 35496 37712 40695 -1 -1 2037 0.0162934
Chain
	Aln	8	+SRR33939694.6337/1 185 1830 1832 +edge_5_0_+disjointig_2_3588_44283 21518 23177 40695 -1 -1 1222 0.0423255
Chain
	Aln	9	-SRR33939694.6337/1 1 1646 1832 -edge_5_0_+disjointig_2_3588_44283 17517 19176 40695 -1 -1 1222 0.0423255
Chain
	Aln	9	+SRR33939694.6536/1 129 1149 1634 -edge_5_0_+disjointig_2_3588_44283 39662 40694 40695 -1 -1 903 0.0244734
Chain
	Aln	8	-SRR33939694.6536/1 484 1504 1634 +edge_5_0_+disjointig_2_3588_44283 0 1032 40695 -1 -1 903 0.0244734
Chain
	Aln	9	+SRR33939694.6550/1 112 1384 1386 -edge_5_0_+disjointig_2_3588_44283 22184 23466 40695 -1 -1 1200 0.0231465
Chain
	Aln	8	-SRR33939694.6550/1 1 1273 1386 +edge_5_0_+disjointig_2_3588_44283 17228 18510 40695 -1 -1 1200 0.0231465
Chain
	Aln	8	+SRR33939694.6592/1 107 1220 1223 +edge_5_0_+disjointig_2_3588_44283 39561 40693 40695 -1 -1 972 0.0243861
Chain
	Aln	9	-SRR33939694.6592/1 2 1115 1223 -edge_5_0_+disjointig_2_3588_44283 1 1133 40695 -1 -1 972 0.0243861
Chain
	Aln	8	+SRR33939694.6284/1 114 4147 4149 +edge_5_0_+disjointig_2_3588_44283 9648 13687 40695 -1 -1 3843 0.0161477
Chain
	Aln	9	-SRR33939694.6284/1 1 4034 4149 -edge_5_0_+disjointig_2_3588_44283 27007 31046 40695 -1 -1 3843 0.0161477
Chain
	Aln	9	+SRR33939694.6623/1 106 1253 1255 -edge_5_0_+disjointig_2_3588_44283 5735 6916 40695 -1 -1 1000 0.0255551
Chain
	Aln	8	-SRR33939694.6623/1 1 1148 1255 +edge_5_0_+disjointig_2_3588_44283 33778 34959 40695 -1 -1 1000 0.0255551
Chain
	Aln	9	+SRR33939694.6613/1 97 1902 1912 -edge_5_0_+disjointig_2_3588_44283 18704 20516 40695 -1 -1 1606 0.0276598
Chain
	Aln	8	-SRR33939694.6613/1 9 1814 1912 +edge_5_0_+disjointig_2_3588_44283 20178 21990 40695 -1 -1 1606 0.0276598
Chain
	Aln	9	+SRR33939694.6624/1 113 1305 1307 -edge_5_0_+disjointig_2_3588_44283 15904 17127 40695 -1 -1 879 0.0484597
Chain
	Aln	8	-SRR33939694.6624/1 1 1193 1307 +edge_5_0_+disjointig_2_3588_44283 23567 24790 40695 -1 -1 879 0.0484597
Chain
	Aln	9	+SRR33939694.6626/1 117 1177 1189 -edge_5_0_+disjointig_2_3588_44283 24193 25262 40695 -1 -1 1016 0.0218105
Chain
	Aln	8	-SRR33939694.6626/1 11 1071 1189 +edge_5_0_+disjointig_2_3588_44283 15432 16501 40695 -1 -1 1016 0.0218105
Chain
	Aln	8	+SRR33939694.6646/1 111 1323 1329 +edge_5_0_+disjointig_2_3588_44283 15238 16459 40695 -1 -1 949 0.0437226
Chain
	Aln	9	-SRR33939694.6646/1 5 1217 1329 -edge_5_0_+disjointig_2_3588_44283 24235 25456 40695 -1 -1 949 0.0437226
Chain
	Aln	8	+SRR33939694.6629/1 111 1127 1129 +edge_5_0_+disjointig_2_3588_44283 10391 11440 40695 -1 -1 827 0.0458007
Chain
	Aln	9	-SRR33939694.6629/1 1 1017 1129 -edge_5_0_+disjointig_2_3588_44283 29254 30303 40695 -1 -1 827 0.0458007
Chain
	Aln	9	+SRR33939694.6765/1 107 1479 1483 -edge_5_0_+disjointig_2_3588_44283 33504 34892 40695 -1 -1 1339 0.0159042
Chain
	Aln	8	-SRR33939694.6765/1 3 1375 1483 +edge_5_0_+disjointig_2_3588_44283 5802 7190 40695 -1 -1 1339 0.0159042
Chain
	Aln	9	+SRR33939694.6806/1 109 1151 1159 -edge_5_0_+disjointig_2_3588_44283 37253 38300 40695 -1 -1 967 0.01909
Chain
	Aln	8	-SRR33939694.6806/1 7 1049 1159 +edge_5_0_+disjointig_2_3588_44283 2394 3441 40695 -1 -1 967 0.01909
Chain
	Aln	9	+SRR33939694.6810/1 89 1188 1204 -edge_5_0_+disjointig_2_3588_44283 9538 10627 40695 -1 -1 1009 0.0174487
Chain
	Aln	8	-SRR33939694.6810/1 15 1114 1204 +edge_5_0_+disjointig_2_3588_44283 30067 31156 40695 -1 -1 1009 0.0174487
Chain
	Aln	8	+SRR33939694.6915/1 149 1430 1457 +edge_5_0_+disjointig_2_3588_44283 7038 8350 40695 -1 -1 785 0.0541487
Chain
	Aln	9	-SRR33939694.6915/1 26 1307 1457 -edge_5_0_+disjointig_2_3588_44283 32344 33656 40695 -1 -1 785 0.0541487
Chain
	Aln	9	+SRR33939694.6899/1 107 1815 1818 -edge_5_0_+disjointig_2_3588_44283 36038 37774 40695 -1 -1 1367 0.0385783
Chain
	Aln	8	-SRR33939694.6899/1 2 1710 1818 +edge_5_0_+disjointig_2_3588_44283 2920 4656 40695 -1 -1 1367 0.0385783
Chain
	Aln	9	+SRR33939694.6976/1 103 1284 1286 -edge_5_0_+disjointig_2_3588_44283 5625 6826 40695 -1 -1 1041 0.0244256
Chain
	Aln	8	-SRR33939694.6976/1 1 1182 1286 +edge_5_0_+disjointig_2_3588_44283 33868 35069 40695 -1 -1 1041 0.0244256
Chain
	Aln	8	+SRR33939694.7012/1 158 1257 1292 +edge_5_0_+disjointig_2_3588_44283 21805 22932 40695 -1 -1 797 0.0403437
Chain
	Aln	9	-SRR33939694.7012/1 34 1133 1292 -edge_5_0_+disjointig_2_3588_44283 17762 18889 40695 -1 -1 797 0.0403437
Chain
	Aln	9	+SRR33939694.7134/1 112 1362 1379 -edge_5_0_+disjointig_2_3588_44283 34613 35866 40695 -1 -1 1136 0.0199905
Chain
	Aln	8	-SRR33939694.7134/1 16 1266 1379 +edge_5_0_+disjointig_2_3588_44283 4828 6081 40695 -1 -1 1136 0.0199905
Chain
	Aln	8	+SRR33939694.7220/1 114 1356 1372 +edge_5_0_+disjointig_2_3588_44283 28078 29335 40695 -1 -1 1078 0.0257119
Chain
	Aln	9	-SRR33939694.7220/1 15 1257 1372 -edge_5_0_+disjointig_2_3588_44283 11359 12616 40695 -1 -1 1078 0.0257119
Chain
	Aln	2	+SRR33939694.7241/1 353 1492 1657 +edge_2_1_+disjointig_2_2428_3588 14 1158 1160 -1 -1 767 0.0533985
Chain
	Aln	3	-SRR33939694.7241/1 164 1303 1657 -edge_2_1_+disjointig_2_2428_3588 1 1145 1160 -1 -1 767 0.0533985
Chain
	Aln	8	+SRR33939694.7376/1 119 1612 1614 +edge_5_0_+disjointig_2_3588_44283 6522 8018 40695 -1 -1 1367 0.0280873
Chain
	Aln	9	-SRR33939694.7376/1 1 1494 1614 -edge_5_0_+disjointig_2_3588_44283 32676 34172 40695 -1 -1 1367 0.0280873
Chain
	Aln	8	+SRR33939694.7386/1 106 1732 1734 +edge_5_0_+disjointig_2_3588_44283 1036 2671 40695 -1 -1 1514 0.0192183
Chain
	Aln	9	-SRR33939694.7386/1 1 1627 1734 -edge_5_0_+disjointig_2_3588_44283 38023 39658 40695 -1 -1 1514 0.0192183
Chain
	Aln	8	+SRR33939694.7439/1 115 1576 1579 +edge_5_0_+disjointig_2_3588_44283 7642 9116 40695 -1 -1 1316 0.022522
Chain
	Aln	9	-SRR33939694.7439/1 2 1463 1579 -edge_5_0_+disjointig_2_3588_44283 31578 33052 40695 -1 -1 1316 0.022522
Chain
	Aln	8	+SRR33939694.7478/1 110 1574 1578 +edge_5_0_+disjointig_2_3588_44283 17888 19401 40695 -1 -1 1083 0.0425642
Chain
	Aln	9	-SRR33939694.7478/1 3 1467 1578 -edge_5_0_+disjointig_2_3588_44283 21293 22806 40695 -1 -1 1083 0.0425642
Chain
	Aln	9	+SRR33939694.7538/1 107 1188 1190 -edge_5_0_+disjointig_2_3588_44283 37565 38648 40695 -1 -1 984 0.0179719
Chain
	Aln	8	-SRR33939694.7538/1 1 1082 1190 +edge_5_0_+disjointig_2_3588_44283 2046 3129 40695 -1 -1 984 0.0179719
Chain
	Aln	8	+SRR33939694.7517/1 112 1366 1371 +edge_5_0_+disjointig_2_3588_44283 36808 38072 40695 -1 -1 1147 0.0223829
Chain
	Aln	9	-SRR33939694.7517/1 4 1258 1371 -edge_5_0_+disjointig_2_3588_44283 2622 3886 40695 -1 -1 1147 0.0223829
Chain
	Aln	9	+SRR33939694.7559/1 123 1441 1443 -edge_5_0_+disjointig_2_3588_44283 19292 20627 40695 -1 -1 1206 0.0217714
Chain
	Aln	8	-SRR33939694.7559/1 1 1319 1443 +edge_5_0_+disjointig_2_3588_44283 20067 21402 40695 -1 -1 1206 0.0217714
Chain
	Aln	9	+SRR33939694.7650/1 113 1198 1207 -edge_5_0_+disjointig_2_3588_44283 34248 35333 40695 -1 -1 1052 0.0138109
Chain
	Aln	8	-SRR33939694.7650/1 8 1093 1207 +edge_5_0_+disjointig_2_3588_44283 5361 6446 40695 -1 -1 1052 0.0138109
Chain
	Aln	9	+SRR33939694.7619/1 110 1887 1889 -edge_5_0_+disjointig_2_3588_44283 25936 27725 40695 -1 -1 1642 0.0180864
Chain
	Aln	8	-SRR33939694.7619/1 1 1778 1889 +edge_5_0_+disjointig_2_3588_44283 12969 14758 40695 -1 -1 1642 0.0180864
Chain
	Aln	9	+SRR33939694.7753/1 107 1314 1345 -edge_5_0_+disjointig_2_3588_44283 26183 27400 40695 -1 -1 1153 0.0151892
Chain
	Aln	8	-SRR33939694.7753/1 30 1237 1345 +edge_5_0_+disjointig_2_3588_44283 13294 14511 40695 -1 -1 1153 0.0151892
Chain
	Aln	8	+SRR33939694.7667/1 119 1136 1138 +edge_5_0_+disjointig_2_3588_44283 26761 27783 40695 -1 -1 944 0.0150062
Chain
	Aln	9	-SRR33939694.7667/1 1 1018 1138 -edge_5_0_+disjointig_2_3588_44283 12911 13933 40695 -1 -1 944 0.0150062
Chain
	Aln	9	+SRR33939694.7770/1 107 1527 1529 -edge_5_0_+disjointig_2_3588_44283 37806 39240 40695 -1 -1 1318 0.0169391
Chain
	Aln	8	-SRR33939694.7770/1 1 1421 1529 +edge_5_0_+disjointig_2_3588_44283 1454 2888 40695 -1 -1 1318 0.0169391
Chain
	Aln	9	+SRR33939694.7935/1 111 1209 1211 -edge_5_0_+disjointig_2_3588_44283 2605 3716 40695 -1 -1 871 0.0444796
Chain
	Aln	8	-SRR33939694.7935/1 1 1099 1211 +edge_5_0_+disjointig_2_3588_44283 36978 38089 40695 -1 -1 871 0.0444796
Chain
	Aln	9	+SRR33939694.7937/1 113 1234 1236 -edge_5_0_+disjointig_2_3588_44283 29873 31012 40695 -1 -1 892 0.0371509
Chain
	Aln	8	-SRR33939694.7937/1 1 1122 1236 +edge_5_0_+disjointig_2_3588_44283 9682 10821 40695 -1 -1 892 0.0371509
Chain
	Aln	7	+SRR33939694.7922/1 297 1677 1681 -edge_4_0_+disjointig_1_22059_47419 863 2256 25360 -1 -1 1327 0.0208009
Chain
	Aln	6	-SRR33939694.7922/1 3 1383 1681 +edge_4_0_+disjointig_1_22059_47419 23103 24496 25360 -1 -1 1327 0.0208009
Chain
	Aln	9	+SRR33939694.7976/1 116 1264 1289 -edge_5_0_+disjointig_2_3588_44283 37044 38201 40695 -1 -1 989 0.0316329
Chain
	Aln	8	-SRR33939694.7976/1 24 1172 1289 +edge_5_0_+disjointig_2_3588_44283 2493 3650 40695 -1 -1 989 0.0316329
Chain
	Aln	8	+SRR33939694.7989/1 108 1145 1147 +edge_5_0_+disjointig_2_3588_44283 11240 12295 40695 -1 -1 780 0.0446867
Chain
	Aln	9	-SRR33939694.7989/1 1 1038 1147 -edge_5_0_+disjointig_2_3588_44283 28399 29454 40695 -1 -1 780 0.0446867
Chain
	Aln	9	+SRR33939694.8079/1 107 1136 1138 -edge_5_0_+disjointig_2_3588_44283 31112 32151 40695 -1 -1 884 0.03243
Chain
	Aln	8	-SRR33939694.8079/1 1 1030 1138 +edge_5_0_+disjointig_2_3588_44283 8543 9582 40695 -1 -1 884 0.03243
Chain
	Aln	9	+SRR33939694.8049/1 114 1433 1436 -edge_5_0_+disjointig_2_3588_44283 20927 22258 40695 -1 -1 1232 0.0184851
Chain
	Aln	8	-SRR33939694.8049/1 2 1321 1436 +edge_5_0_+disjointig_2_3588_44283 18436 19767 40695 -1 -1 1232 0.0184851
Chain
	Aln	8	+SRR33939694.8102/1 119 1532 1563 +edge_5_0_+disjointig_2_3588_44283 2377 3795 40695 -1 -1 1241 0.0221491
Chain
	Aln	9	-SRR33939694.8102/1 30 1443 1563 -edge_5_0_+disjointig_2_3588_44283 36899 38317 40695 -1 -1 1241 0.0221491
Chain
	Aln	8	+SRR33939694.8127/1 118 1223 1225 +edge_5_0_+disjointig_2_3588_44283 15543 16647 40695 -1 -1 1023 0.0196738
Chain
	Aln	9	-SRR33939694.8127/1 1 1106 1225 -edge_5_0_+disjointig_2_3588_44283 24047 25151 40695 -1 -1 1023 0.0196738
Chain
	Aln	9	+SRR33939694.8177/1 127 1690 1705 -edge_5_0_+disjointig_2_3588_44283 32231 33805 40695 -1 -1 1350 0.0322952
Chain
	Aln	8	-SRR33939694.8177/1 14 1577 1705 +edge_5_0_+disjointig_2_3588_44283 6889 8463 40695 -1 -1 1350 0.0322952
Chain
	Aln	9	+SRR33939694.8216/1 112 1443 1502 -edge_5_0_+disjointig_2_3588_44283 1706 3041 40695 -1 -1 1160 0.024517
Chain
	Aln	8	-SRR33939694.8216/1 58 1389 1502 +edge_5_0_+disjointig_2_3588_44283 37653 38988 40695 -1 -1 1160 0.024517
Chain
	Aln	7	+SRR33939694.8227/1 211 2077 2079 -edge_4_0_+disjointig_1_22059_47419 8455 10316 25360 -1 -1 1767 0.0169201
Chain
	Aln	6	-SRR33939694.8227/1 1 1867 2079 +edge_4_0_+disjointig_1_22059_47419 15043 16904 25360 -1 -1 1767 0.0169201
Chain
	Aln	9	+SRR33939694.8214/1 112 2792 2800 -edge_5_0_+disjointig_2_3588_44283 9000 11670 40695 -1 -1 2418 0.0175044
Chain
	Aln	8	-SRR33939694.8214/1 7 2687 2800 +edge_5_0_+disjointig_2_3588_44283 29024 31694 40695 -1 -1 2418 0.0175044
Chain
	Aln	8	+SRR33939694.8311/1 108 1680 1682 +edge_5_0_+disjointig_2_3588_44283 11519 13105 40695 -1 -1 1473 0.0169312
Chain
	Aln	9	-SRR33939694.8311/1 1 1573 1682 -edge_5_0_+disjointig_2_3588_44283 27589 29175 40695 -1 -1 1473 0.0169312
Chain
	Aln	9	+SRR33939694.8331/1 110 1696 1710 -edge_5_0_+disjointig_2_3588_44283 26439 28024 40695 -1 -1 1504 0.0151752
Chain
	Aln	8	-SRR33939694.8331/1 13 1599 1710 +edge_5_0_+disjointig_2_3588_44283 12670 14255 40695 -1 -1 1504 0.0151752
Chain
	Aln	9	+SRR33939694.8386/1 145 1361 1363 -edge_5_0_+disjointig_2_3588_44283 8888 10105 40695 -1 -1 1054 0.0291194
Chain
	Aln	8	-SRR33939694.8386/1 1 1217 1363 +edge_5_0_+disjointig_2_3588_44283 30589 31806 40695 -1 -1 1054 0.0291194
Chain
	Aln	9	+SRR33939694.7977/1 115 8753 8756 -edge_5_0_+disjointig_2_3588_44283 5411 14064 40695 -1 -1 7864 0.021945
Chain
	Aln	8	-SRR33939694.7977/1 2 8640 8756 +edge_5_0_+disjointig_2_3588_44283 26630 35283 40695 -1 -1 7864 0.021945
Chain
	Aln	9	+SRR33939694.8402/1 115 1237 1243 -edge_5_0_+disjointig_2_3588_44283 17591 18724 40695 -1 -1 1089 0.0118657
Chain
	Aln	8	-SRR33939694.8402/1 5 1127 1243 +edge_5_0_+disjointig_2_3588_44283 21970 23103 40695 -1 -1 1089 0.0118657
Chain
	Aln	9	+SRR33939694.8395/1 139 2359 2361 -edge_5_0_+disjointig_2_3588_44283 34448 36667 40695 -1 -1 1919 0.0283714
Chain
	Aln	8	-SRR33939694.8395/1 1 2221 2361 +edge_5_0_+disjointig_2_3588_44283 4027 6246 40695 -1 -1 1919 0.0283714
Chain
	Aln	8	+SRR33939694.8442/1 145 1549 1551 +edge_5_0_+disjointig_2_3588_44283 3942 5353 40695 -1 -1 1044 0.0443627
Chain
	Aln	9	-SRR33939694.8442/1 1 1405 1551 -edge_5_0_+disjointig_2_3588_44283 35341 36752 40695 -1 -1 1044 0.0443627
Chain
	Aln	9	+SRR33939694.8461/1 178 1639 1645 -edge_5_0_+disjointig_2_3588_44283 9010 10476 40695 -1 -1 1205 0.0336103
Chain
	Aln	8	-SRR33939694.8461/1 5 1466 1645 +edge_5_0_+disjointig_2_3588_44283 30218 31684 40695 -1 -1 1205 0.0336103
Chain
	Aln	8	+SRR33939694.8494/1 120 1536 1538 +edge_5_0_+disjointig_2_3588_44283 29281 30693 40695 -1 -1 1315 0.0148425
Chain
	Aln	9	-SRR33939694.8494/1 1 1417 1538 -edge_5_0_+disjointig_2_3588_44283 10001 11413 40695 -1 -1 1315 0.0148425
Chain
	Aln	9	+SRR33939694.8501/1 115 1236 1238 -edge_5_0_+disjointig_2_3588_44283 14842 15970 40695 -1 -1 1034 0.0235512
Chain
	Aln	8	-SRR33939694.8501/1 1 1122 1238 +edge_5_0_+disjointig_2_3588_44283 24724 25852 40695 -1 -1 1034 0.0235512
Chain
	Aln	0	+SRR33939694.8417/1 213 2739 2741 +edge_1_0_+disjointig_1_0_20896 15429 17973 20896 -1 -1 2254 0.0229247
Chain
	Aln	1	-SRR33939694.8417/1 1 2527 2741 -edge_1_0_+disjointig_1_0_20896 2922 5466 20896 -1 -1 2254 0.0229247
Chain
	Aln	8	+SRR33939694.8548/1 122 1422 1426 +edge_5_0_+disjointig_2_3588_44283 12290 13599 40695 -1 -1 1161 0.0249197
Chain
	Aln	9	-SRR33939694.8548/1 3 1303 1426 -edge_5_0_+disjointig_2_3588_44283 27095 28404 40695 -1 -1 1161 0.0249197
Chain
	Aln	9	+SRR33939694.8595/1 115 1463 1465 -edge_5_0_+disjointig_2_3588_44283 25117 26481 40695 -1 -1 1298 0.0148781
Chain
	Aln	8	-SRR33939694.8595/1 1 1349 1465 +edge_5_0_+disjointig_2_3588_44283 14213 15577 40695 -1 -1 1298 0.0148781
Chain
	Aln	9	+SRR33939694.8676/1 111 1290 1309 -edge_5_0_+disjointig_2_3588_44283 34361 35547 40695 -1 -1 1029 0.0288046
Chain
	Aln	8	-SRR33939694.8676/1 18 1197 1309 +edge_5_0_+disjointig_2_3588_44283 5147 6333 40695 -1 -1 1029 0.0288046
Chain
	Aln	9	+SRR33939694.8634/1 508 2057 2079 -edge_5_0_+disjointig_2_3588_44283 10240 11804 40695 -1 -1 1406 0.0238795
Chain
	Aln	8	-SRR33939694.8634/1 21 1570 2079 +edge_5_0_+disjointig_2_3588_44283 28890 30454 40695 -1 -1 1406 0.0238795
Chain
	Aln	9	+SRR33939694.8716/1 114 1115 1117 -edge_5_0_+disjointig_2_3588_44283 13325 14327 40695 -1 -1 903 0.0266731
Chain
	Aln	8	-SRR33939694.8716/1 1 1002 1117 +edge_5_0_+disjointig_2_3588_44283 26367 27369 40695 -1 -1 903 0.0266731
Chain
	Aln	4	+SRR33939694.8728/1 120 1196 1217 +edge_3_0_-disjointig_2_41855_44283 1351 2423 2428 -1 -1 994 0.020853
Chain
	Aln	5	-SRR33939694.8728/1 20 1096 1217 -edge_3_0_-disjointig_2_41855_44283 4 1076 2428 -1 -1 994 0.020853
Chain
	Aln	8	+SRR33939694.8718/1 108 1159 1161 +edge_5_0_+disjointig_2_3588_44283 27675 28735 40695 -1 -1 1005 0.0176766
Chain
	Aln	9	-SRR33939694.8718/1 1 1052 1161 -edge_5_0_+disjointig_2_3588_44283 11959 13019 40695 -1 -1 1005 0.0176766
Chain
	Aln	9	+SRR33939694.8812/1 111 1192 1194 -edge_5_0_+disjointig_2_3588_44283 28751 29844 40695 -1 -1 991 0.0157728
Chain
	Aln	8	-SRR33939694.8812/1 1 1082 1194 +edge_5_0_+disjointig_2_3588_44283 10850 11943 40695 -1 -1 991 0.0157728
Chain
	Aln	8	+SRR33939694.8813/1 114 1314 1316 +edge_5_0_+disjointig_2_3588_44283 38868 40075 40695 -1 -1 1134 0.019805
Chain
	Aln	9	-SRR33939694.8813/1 1 1201 1316 -edge_5_0_+disjointig_2_3588_44283 619 1826 40695 -1 -1 1134 0.019805
Chain
	Aln	9	+SRR33939694.8848/1 107 1246 1248 -edge_5_0_+disjointig_2_3588_44283 25475 26616 40695 -1 -1 1070 0.0207463
Chain
	Aln	8	-SRR33939694.8848/1 1 1140 1248 +edge_5_0_+disjointig_2_3588_44283 14078 15219 40695 -1 -1 1070 0.0207463
Chain
	Aln	9	+SRR33939694.8965/1 120 1416 1462 -edge_5_0_+disjointig_2_3588_44283 10603 11940 40695 -1 -1 991 0.0385058
Chain
	Aln	8	-SRR33939694.8965/1 45 1341 1462 +edge_5_0_+disjointig_2_3588_44283 28754 30091 40695 -1 -1 991 0.0385058
Chain
	Aln	9	+SRR33939694.8957/1 111 1571 1573 -edge_5_0_+disjointig_2_3588_44283 22235 23690 40695 -1 -1 1390 0.0125591
Chain
	Aln	8	-SRR33939694.8957/1 1 1461 1573 +edge_5_0_+disjointig_2_3588_44283 17004 18459 40695 -1 -1 1390 0.0125591
Chain
	Aln	8	+SRR33939694.8936/1 114 1610 1617 +edge_5_0_+disjointig_2_3588_44283 759 2247 40695 -1 -1 996 0.0598746
Chain
	Aln	9	-SRR33939694.8936/1 6 1502 1617 -edge_5_0_+disjointig_2_3588_44283 38447 39935 40695 -1 -1 996 0.0598746
Chain
	Aln	9	+SRR33939694.8971/1 111 1370 1373 -edge_5_0_+disjointig_2_3588_44283 25806 27083 40695 -1 -1 1140 0.0134999
Chain
	Aln	8	-SRR33939694.8971/1 2 1261 1373 +edge_5_0_+disjointig_2_3588_44283 13611 14888 40695 -1 -1 1140 0.0134999
Chain
	Aln	9	+SRR33939694.9009/1 101 1193 1204 -edge_5_0_+disjointig_2_3588_44283 692 1787 40695 -1 -1 960 0.0313417
Chain
	Aln	8	-SRR33939694.9009/1 10 1102 1204 +edge_5_0_+disjointig_2_3588_44283 38907 40002 40695 -1 -1 960 0.0313417
Chain
	Aln	8	+SRR33939694.9008/1 107 1245 1247 +edge_5_0_+disjointig_2_3588_44283 21340 22483 40695 -1 -1 1117 0.00964906
Chain
	Aln	9	-SRR33939694.9008/1 1 1139 1247 -edge_5_0_+disjointig_2_3588_44283 18211 19354 40695 -1 -1 1117 0.00964906
Chain
	Aln	8	+SRR33939694.9054/1 101 1498 1501 +edge_5_0_+disjointig_2_3588_44283 3927 5342 40695 -1 -1 1274 0.0228165
Chain
	Aln	9	-SRR33939694.9054/1 2 1399 1501 -edge_5_0_+disjointig_2_3588_44283 35352 36767 40695 -1 -1 1274 0.0228165
Chain
	Aln	9	+SRR33939694.9088/1 121 1320 1587 -edge_5_0_+disjointig_2_3588_44283 38595 39806 40695 -1 -1 1123 0.0128667
Chain
	Aln	8	-SRR33939694.9088/1 266 1465 1587 +edge_5_0_+disjointig_2_3588_44283 888 2099 40695 -1 -1 1123 0.0128667
Chain
	Aln	9	+SRR33939694.9236/1 144 1206 1212 -edge_5_0_+disjointig_2_3588_44283 5363 6448 40695 -1 -1 654 0.07306
Chain
	Aln	8	-SRR33939694.9236/1 5 1067 1212 +edge_5_0_+disjointig_2_3588_44283 34246 35331 40695 -1 -1 654 0.07306
Chain
	Aln	8	+SRR33939694.9242/1 99 1227 1229 +edge_5_0_+disjointig_2_3588_44283 31931 33062 40695 -1 -1 1073 0.0172222
Chain
	Aln	9	-SRR33939694.9242/1 1 1129 1229 -edge_5_0_+disjointig_2_3588_44283 7632 8763 40695 -1 -1 1073 0.0172222
Chain
	Aln	9	+SRR33939694.7761/1 115 18243 18246 -edge_5_0_+disjointig_2_3588_44283 15748 33949 40695 -1 -1 17031 0.0174406
Chain
	Aln	8	-SRR33939694.7761/1 2 18130 18246 +edge_5_0_+disjointig_2_3588_44283 6745 24946 40695 -1 -1 17031 0.0174406
Chain
	Aln	8	+SRR33939694.9267/1 113 1597 1604 +edge_5_0_+disjointig_2_3588_44283 14923 16407 40695 -1 -1 1408 0.0112169
Chain
	Aln	9	-SRR33939694.9267/1 6 1490 1604 -edge_5_0_+disjointig_2_3588_44283 24287 25771 40695 -1 -1 1408 0.0112169
Chain
	Aln	8	+SRR33939694.9311/1 130 1225 1227 +edge_5_0_+disjointig_2_3588_44283 23226 24331 40695 -1 -1 1004 0.0142029
Chain
	Aln	9	-SRR33939694.9311/1 1 1096 1227 -edge_5_0_+disjointig_2_3588_44283 16363 17468 40695 -1 -1 1004 0.0142029
Chain
	Aln	9	+SRR33939694.9423/1 173 1249 1267 -edge_5_0_+disjointig_2_3588_44283 11243 12339 40695 -1 -1 846 0.040923
Chain
	Aln	8	-SRR33939694.9423/1 17 1093 1267 +edge_5_0_+disjointig_2_3588_44283 28355 29451 40695 -1 -1 846 0.040923
Chain
	Aln	8	+SRR33939694.9475/1 115 1580 1596 +edge_5_0_+disjointig_2_3588_44283 37595 39067 40695 -1 -1 1351 0.017124
Chain
	Aln	9	-SRR33939694.9475/1 15 1480 1596 -edge_5_0_+disjointig_2_3588_44283 1627 3099 40695 -1 -1 1351 0.017124
Chain
	Aln	8	+SRR33939694.9518/1 109 1423 1438 +edge_5_0_+disjointig_2_3588_44283 21522 22834 40695 -1 -1 1242 0.0171262
Chain
	Aln	9	-SRR33939694.9518/1 14 1328 1438 -edge_5_0_+disjointig_2_3588_44283 17860 19172 40695 -1 -1 1242 0.0171262
Chain
	Aln	1	+SRR33939694.9429/1 315 2169 2178 -edge_1_0_+disjointig_1_0_20896 10064 11943 20896 -1 -1 1688 0.0221035
Chain
	Aln	0	-SRR33939694.9429/1 8 1862 2178 +edge_1_0_+disjointig_1_0_20896 8952 10831 20896 -1 -1 1688 0.0221035
Chain
	Aln	9	+SRR33939694.9693/1 115 1199 1205 -edge_5_0_+disjointig_2_3588_44283 15695 16787 40695 -1 -1 1048 0.00976124
Chain
	Aln	8	-SRR33939694.9693/1 5 1089 1205 +edge_5_0_+disjointig_2_3588_44283 23907 24999 40695 -1 -1 1048 0.00976124
Chain
	Aln	9	+SRR33939694.9704/1 124 1292 1294 -edge_5_0_+disjointig_2_3588_44283 1885 3064 40695 -1 -1 1103 0.0176102
Chain
	Aln	8	-SRR33939694.9704/1 1 1169 1294 +edge_5_0_+disjointig_2_3588_44283 37630 38809 40695 -1 -1 1103 0.0176102
Chain
	Aln	9	+SRR33939694.9723/1 126 1682 1692 -edge_5_0_+disjointig_2_3588_44283 11578 13136 40695 -1 -1 1403 0.0209478
Chain
	Aln	8	-SRR33939694.9723/1 9 1565 1692 +edge_5_0_+disjointig_2_3588_44283 27558 29116 40695 -1 -1 1403 0.0209478
Chain
	Aln	8	+SRR33939694.9733/1 111 1525 1533 +edge_5_0_+disjointig_2_3588_44283 14054 15476 40695 -1 -1 1305 0.0198264
Chain
	Aln	9	-SRR33939694.9733/1 7 1421 1533 -edge_5_0_+disjointig_2_3588_44283 25218 26640 40695 -1 -1 1305 0.0198264
Chain
	Aln	8	+SRR33939694.9776/1 113 1938 1941 +edge_5_0_+disjointig_2_3588_44283 2402 4233 40695 -1 -1 1760 0.0131732
Chain
	Aln	9	-SRR33939694.9776/1 2 1827 1941 -edge_5_0_+disjointig_2_3588_44283 36461 38292 40695 -1 -1 1760 0.0131732
Chain
	Aln	8	+SRR33939694.9794/1 158 1528 1535 +edge_5_0_+disjointig_2_3588_44283 14668 16035 40695 -1 -1 1232 0.0235497
Chain
	Aln	9	-SRR33939694.9794/1 6 1376 1535 -edge_5_0_+disjointig_2_3588_44283 24659 26026 40695 -1 -1 1232 0.0235497
Chain
	Aln	9	+SRR33939694.9939/1 113 1135 1137 -edge_5_0_+disjointig_2_3588_44283 5638 6666 40695 -1 -1 911 0.025912
Chain
	Aln	8	-SRR33939694.9939/1 1 1023 1137 +edge_5_0_+disjointig_2_3588_44283 34028 35056 40695 -1 -1 911 0.025912
Chain
	Aln	9	+SRR33939694.9878/1 110 1240 1243 -edge_5_0_+disjointig_2_3588_44283 29122 30264 40695 -1 -1 1041 0.0247461
Chain
	Aln	8	-SRR33939694.9878/1 2 1132 1243 +edge_5_0_+disjointig_2_3588_44283 10430 11572 40695 -1 -1 1041 0.0247461
Chain
	Aln	8	+SRR33939694.9821/1 118 1949 1956 +edge_5_0_+disjointig_2_3588_44283 20631 22475 40695 -1 -1 1422 0.0442581
Chain
	Aln	9	-SRR33939694.9821/1 6 1837 1956 -edge_5_0_+disjointig_2_3588_44283 18219 20063 40695 -1 -1 1422 0.0442581
Chain
	Aln	9	+SRR33939694.9998/1 104 1272 1274 -edge_5_0_+disjointig_2_3588_44283 31200 32379 40695 -1 -1 1067 0.0237854
Chain
	Aln	8	-SRR33939694.9998/1 1 1169 1274 +edge_5_0_+disjointig_2_3588_44283 8315 9494 40695 -1 -1 1067 0.0237854
Chain
	Aln	8	+SRR33939694.10090/1 113 1272 1274 +edge_5_0_+disjointig_2_3588_44283 1490 2662 40695 -1 -1 1075 0.0176656
Chain
	Aln	9	-SRR33939694.10090/1 1 1160 1274 -edge_5_0_+disjointig_2_3588_44283 38032 39204 40695 -1 -1 1075 0.0176656
Chain
	Aln	9	+SRR33939694.10113/1 112 1250 1252 -edge_5_0_+disjointig_2_3588_44283 31141 32287 40695 -1 -1 1109 0.0139528
Chain
	Aln	8	-SRR33939694.10113/1 1 1139 1252 +edge_5_0_+disjointig_2_3588_44283 8407 9553 40695 -1 -1 1109 0.0139528
Chain
	Aln	6	+SRR33939694.10044/1 396 2254 2274 +edge_4_0_+disjointig_1_22059_47419 10879 12742 25360 -1 -1 1756 0.0164062
Chain
	Aln	7	-SRR33939694.10044/1 19 1877 2274 -edge_4_0_+disjointig_1_22059_47419 12617 14480 25360 -1 -1 1756 0.0164062
Chain
	Aln	8	+SRR33939694.10145/1 122 1400 1405 +edge_5_0_+disjointig_2_3588_44283 19804 21085 40695 -1 -1 1185 0.0170256
Chain
	Aln	9	-SRR33939694.10145/1 4 1282 1405 -edge_5_0_+disjointig_2_3588_44283 19609 20890 40695 -1 -1 1185 0.0170256
Chain
	Aln	9	+SRR33939694.10146/1 110 1463 1465 -edge_5_0_+disjointig_2_3588_44283 38500 39856 40695 -1 -1 1155 0.0220543
Chain
	Aln	8	-SRR33939694.10146/1 1 1354 1465 +edge_5_0_+disjointig_2_3588_44283 838 2194 40695 -1 -1 1155 0.0220543
Chain
	Aln	8	+SRR33939694.10153/1 119 1617 1622 +edge_5_0_+disjointig_2_3588_44283 6365 7865 40695 -1 -1 1449 0.0152072
Chain
	Aln	9	-SRR33939694.10153/1 4 1502 1622 -edge_5_0_+disjointig_2_3588_44283 32829 34329 40695 -1 -1 1449 0.0152072
Chain
	Aln	8	+SRR33939694.10175/1 113 1364 1366 +edge_5_0_+disjointig_2_3588_44283 21112 22365 40695 -1 -1 1068 0.0224854
Chain
	Aln	9	-SRR33939694.10175/1 1 1252 1366 -edge_5_0_+disjointig_2_3588_44283 18329 19582 40695 -1 -1 1068 0.0224854
Chain
	Aln	8	+SRR33939694.10304/1 116 1289 1291 +edge_5_0_+disjointig_2_3588_44283 38898 40075 40695 -1 -1 1061 0.0258193
Chain
	Aln	9	-SRR33939694.10304/1 1 1174 1291 -edge_5_0_+disjointig_2_3588_44283 619 1796 40695 -1 -1 1061 0.0258193
Chain
	Aln	9	+SRR33939694.10343/1 126 1383 1395 -edge_5_0_+disjointig_2_3588_44283 26632 27902 40695 -1 -1 1151 0.0221187
Chain
	Aln	8	-SRR33939694.10343/1 11 1268 1395 +edge_5_0_+disjointig_2_3588_44283 12792 14062 40695 -1 -1 1151 0.0221187
Chain
	Aln	8	+SRR33939694.10156/1 115 2822 2824 +edge_5_0_+disjointig_2_3588_44283 12054 14806 40695 -1 -1 1876 0.0588979
Chain
	Aln	9	-SRR33939694.10156/1 1 2708 2824 -edge_5_0_+disjointig_2_3588_44283 25888 28640 40695 -1 -1 1876 0.0588979
Chain
	Aln	3	+SRR33939694.10424/1 498 1662 1791 -edge_2_1_+disjointig_2_2428_3588 2 1159 1160 -1 -1 1106 0.0128211
Chain
	Aln	2	-SRR33939694.10424/1 128 1292 1791 +edge_2_1_+disjointig_2_2428_3588 0 1157 1160 -1 -1 1106 0.0128211
Chain
	Aln	8	+SRR33939694.10489/1 106 1435 1439 +edge_5_0_+disjointig_2_3588_44283 21860 23220 40695 -1 -1 1149 0.0286996
Chain
	Aln	9	-SRR33939694.10489/1 3 1332 1439 -edge_5_0_+disjointig_2_3588_44283 17474 18834 40695 -1 -1 1149 0.0286996
Chain
	Aln	9	+SRR33939694.10565/1 101 1175 1233 -edge_5_0_+disjointig_2_3588_44283 12785 13867 40695 -1 -1 989 0.0166761
Chain
	Aln	8	-SRR33939694.10565/1 57 1131 1233 +edge_5_0_+disjointig_2_3588_44283 26827 27909 40695 -1 -1 989 0.0166761
Chain
	Aln	8	+SRR33939694.10591/1 118 1164 1167 +edge_5_0_+disjointig_2_3588_44283 9154 10194 40695 -1 -1 999 0.0102335
Chain
	Aln	9	-SRR33939694.10591/1 2 1048 1167 -edge_5_0_+disjointig_2_3588_44283 30500 31540 40695 -1 -1 999 0.0102335
Chain
	Aln	9	+SRR33939694.10652/1 141 1453 1494 -edge_5_0_+disjointig_2_3588_44283 29118 30449 40695 -1 -1 1201 0.0183036
Chain
	Aln	8	-SRR33939694.10652/1 40 1352 1494 +edge_5_0_+disjointig_2_3588_44283 10245 11576 40695 -1 -1 1201 0.0183036
Chain
	Aln	8	+SRR33939694.10612/1 115 1318 1348 +edge_5_0_+disjointig_2_3588_44283 25907 27111 40695 -1 -1 940 0.03888
Chain
	Aln	9	-SRR33939694.10612/1 29 1232 1348 -edge_5_0_+disjointig_2_3588_44283 13583 14787 40695 -1 -1 940 0.03888
Chain
	Aln	9	+SRR33939694.10630/1 123 2232 2346 -edge_5_0_+disjointig_2_3588_44283 5021 7128 40695 -1 -1 1252 0.0678276
Chain
	Aln	8	-SRR33939694.10630/1 113 2222 2346 +edge_5_0_+disjointig_2_3588_44283 33566 35673 40695 -1 -1 1252 0.0678276
Chain
	Aln	9	+SRR33939694.10782/1 108 1145 1147 -edge_5_0_+disjointig_2_3588_44283 22462 23518 40695 -1 -1 875 0.0345771
Chain
	Aln	8	-SRR33939694.10782/1 1 1038 1147 +edge_5_0_+disjointig_2_3588_44283 17176 18232 40695 -1 -1 875 0.0345771
Chain
	Aln	8	+SRR33939694.10736/1 109 1647 1710 +edge_5_0_+disjointig_2_3588_44283 28801 30349 40695 -1 -1 1485 0.0123712
Chain
	Aln	9	-SRR33939694.10736/1 62 1600 1710 -edge_5_0_+disjointig_2_3588_44283 10345 11893 40695 -1 -1 1485 0.0123712
Chain
	Aln	9	+SRR33939694.10796/1 110 1245 1249 -edge_5_0_+disjointig_2_3588_44283 11197 12344 40695 -1 -1 1092 0.0143963
Chain
	Aln	8	-SRR33939694.10796/1 3 1138 1249 +edge_5_0_+disjointig_2_3588_44283 28350 29497 40695 -1 -1 1092 0.0143963
Chain
	Aln	7	+SRR33939694.10657/1 241 2614 2628 -edge_4_0_+disjointig_1_22059_47419 11341 13730 25360 -1 -1 2181 0.0184797
Chain
	Aln	6	-SRR33939694.10657/1 13 2386 2628 +edge_4_0_+disjointig_1_22059_47419 11629 14018 25360 -1 -1 2181 0.0184797
Chain
	Aln	8	+SRR33939694.10914/1 113 1370 1380 +edge_5_0_+disjointig_2_3588_44283 16045 17311 40695 -1 -1 1070 0.0338725
Chain
	Aln	9	-SRR33939694.10914/1 9 1266 1380 -edge_5_0_+disjointig_2_3588_44283 23383 24649 40695 -1 -1 1070 0.0338725
Chain
	Aln	8	+SRR33939694.10959/1 121 1122 1131 +edge_5_0_+disjointig_2_3588_44283 13824 14840 40695 -1 -1 893 0.0259376
Chain
	Aln	9	-SRR33939694.10959/1 8 1009 1131 -edge_5_0_+disjointig_2_3588_44283 25854 26870 40695 -1 -1 893 0.0259376
Chain
	Aln	9	+SRR33939694.11032/1 117 1162 1183 -edge_5_0_+disjointig_2_3588_44283 23805 24856 40695 -1 -1 1028 0.00886247
Chain
	Aln	8	-SRR33939694.11032/1 20 1065 1183 +edge_5_0_+disjointig_2_3588_44283 15838 16889 40695 -1 -1 1028 0.00886247
Chain
	Aln	9	+SRR33939694.10997/1 105 1230 1232 -edge_5_0_+disjointig_2_3588_44283 24049 25183 40695 -1 -1 1067 0.0166154
Chain
	Aln	8	-SRR33939694.10997/1 1 1126 1232 +edge_5_0_+disjointig_2_3588_44283 15511 16645 40695 -1 -1 1067 0.0166154
Chain
	Aln	8	+SRR33939694.11037/1 111 1333 1345 +edge_5_0_+disjointig_2_3588_44283 21860 23092 40695 -1 -1 1053 0.0285834
Chain
	Aln	9	-SRR33939694.11037/1 11 1233 1345 -edge_5_0_+disjointig_2_3588_44283 17602 18834 40695 -1 -1 1053 0.0285834
Chain
	Aln	8	+SRR33939694.11082/1 114 1376 1409 +edge_5_0_+disjointig_2_3588_44283 15592 16855 40695 -1 -1 1110 0.0239954
Chain
	Aln	9	-SRR33939694.11082/1 32 1294 1409 -edge_5_0_+disjointig_2_3588_44283 23839 25102 40695 -1 -1 1110 0.0239954
Chain
	Aln	9	+SRR33939694.11155/1 117 1364 1487 -edge_5_0_+disjointig_2_3588_44283 12902 14137 40695 -1 -1 1049 0.0405665
Chain
	Aln	8	-SRR33939694.11155/1 122 1369 1487 +edge_5_0_+disjointig_2_3588_44283 26557 27792 40695 -1 -1 1049 0.0405665
Chain
	Aln	9	+SRR33939694.11168/1 164 1171 1173 -edge_5_0_+disjointig_2_3588_44283 27137 28144 40695 -1 -1 909 0.0216628
Chain
	Aln	8	-SRR33939694.11168/1 1 1008 1173 +edge_5_0_+disjointig_2_3588_44283 12550 13557 40695 -1 -1 909 0.0216628
Chain
	Aln	9	+SRR33939694.11167/1 114 1183 1188 -edge_5_0_+disjointig_2_3588_44283 19310 20373 40695 -1 -1 987 0.015033
Chain
	Aln	8	-SRR33939694.11167/1 4 1073 1188 +edge_5_0_+disjointig_2_3588_44283 20321 21384 40695 -1 -1 987 0.015033
Chain
	Aln	8	+SRR33939694.11253/1 113 1216 1220 +edge_5_0_+disjointig_2_3588_44283 28445 29553 40695 -1 -1 1018 0.0206581
Chain
	Aln	9	-SRR33939694.11253/1 3 1106 1220 -edge_5_0_+disjointig_2_3588_44283 11141 12249 40695 -1 -1 1018 0.0206581
Chain
	Aln	1	+SRR33939694.11211/1 255 1515 1520 -edge_1_0_+disjointig_1_0_20896 14535 15810 20896 -1 -1 1106 0.0309131
Chain
	Aln	0	-SRR33939694.11211/1 4 1264 1520 +edge_1_0_+disjointig_1_0_20896 5085 6360 20896 -1 -1 1106 0.0309131
Chain
	Aln	8	+SRR33939694.11314/1 117 1531 1547 +edge_5_0_+disjointig_2_3588_44283 19560 20986 40695 -1 -1 1190 0.0319119
Chain
	Aln	9	-SRR33939694.11314/1 15 1429 1547 -edge_5_0_+disjointig_2_3588_44283 19708 21134 40695 -1 -1 1190 0.0319119
Chain
	Aln	9	+SRR33939694.11560/1 107 1177 1206 -edge_5_0_+disjointig_2_3588_44283 28139 29226 40695 -1 -1 920 0.0291947
Chain
	Aln	8	-SRR33939694.11560/1 28 1098 1206 +edge_5_0_+disjointig_2_3588_44283 11468 12555 40695 -1 -1 920 0.0291947
Chain
	Aln	8	+SRR33939694.11417/1 111 1170 1185 +edge_5_0_+disjointig_2_3588_44283 33538 34615 40695 -1 -1 836 0.0367479
Chain
	Aln	9	-SRR33939694.11417/1 14 1073 1185 -edge_5_0_+disjointig_2_3588_44283 6079 7156 40695 -1 -1 836 0.0367479
Chain
	Aln	8	+SRR33939694.11648/1 111 1126 1132 +edge_5_0_+disjointig_2_3588_44283 5841 6855 40695 -1 -1 900 0.0278956
Chain
	Aln	9	-SRR33939694.11648/1 5 1020 1132 -edge_5_0_+disjointig_2_3588_44283 33839 34853 40695 -1 -1 900 0.0278956
Chain
	Aln	9	+SRR33939694.11653/1 129 1304 1306 -edge_5_0_+disjointig_2_3588_44283 30911 32092 40695 -1 -1 1056 0.0302827
Chain
	Aln	8	-SRR33939694.11653/1 1 1176 1306 +edge_5_0_+disjointig_2_3588_44283 8602 9783 40695 -1 -1 1056 0.0302827
Chain
	Aln	8	+SRR33939694.11722/1 120 1215 1217 +edge_5_0_+disjointig_2_3588_44283 33842 34947 40695 -1 -1 1004 0.0211058
Chain
	Aln	9	-SRR33939694.11722/1 1 1096 1217 -edge_5_0_+disjointig_2_3588_44283 5747 6852 40695 -1 -1 1004 0.0211058
Chain
	Aln	8	+SRR33939694.11744/1 112 1687 1690 +edge_5_0_+disjointig_2_3588_44283 32078 33669 40695 -1 -1 1477 0.0212704
Chain
	Aln	9	-SRR33939694.11744/1 2 1577 1690 -edge_5_0_+disjointig_2_3588_44283 7025 8616 40695 -1 -1 1477 0.0212704
Chain
	Aln	9	+SRR33939694.11757/1 118 1315 1317 -edge_5_0_+disjointig_2_3588_44283 33047 34240 40695 -1 -1 962 0.0411519
Chain
	Aln	8	-SRR33939694.11757/1 1 1198 1317 +edge_5_0_+disjointig_2_3588_44283 6454 7647 40695 -1 -1 962 0.0411519
Chain
	Aln	9	+SRR33939694.11820/1 112 1204 1208 -edge_5_0_+disjointig_2_3588_44283 1775 2880 40695 -1 -1 1049 0.0161339
Chain
	Aln	8	-SRR33939694.11820/1 3 1095 1208 +edge_5_0_+disjointig_2_3588_44283 37814 38919 40695 -1 -1 1049 0.0161339
Chain
	Aln	8	+SRR33939694.11812/1 111 1633 1636 +edge_5_0_+disjointig_2_3588_44283 821 2346 40695 -1 -1 1422 0.0178293
Chain
	Aln	9	-SRR33939694.11812/1 2 1524 1636 -edge_5_0_+disjointig_2_3588_44283 38348 39873 40695 -1 -1 1422 0.0178293
Chain
	Aln	8	+SRR33939694.11861/1 120 1312 1318 +edge_5_0_+disjointig_2_3588_44283 17686 18911 40695 -1 -1 1070 0.0312778
Chain
	Aln	9	-SRR33939694.11861/1 5 1197 1318 -edge_5_0_+disjointig_2_3588_44283 21783 23008 40695 -1 -1 1070 0.0312778
Chain
	Aln	8	+SRR33939694.11865/1 110 1630 1639 +edge_5_0_+disjointig_2_3588_44283 20063 21588 40695 -1 -1 1467 0.00878405
Chain
	Aln	9	-SRR33939694.11865/1 8 1528 1639 -edge_5_0_+disjointig_2_3588_44283 19106 20631 40695 -1 -1 1467 0.00878405
Chain
	Aln	8	+SRR33939694.11919/1 106 1245 1247 +edge_5_0_+disjointig_2_3588_44283 26938 28090 40695 -1 -1 1009 0.0347866
Chain
	Aln	9	-SRR33939694.11919/1 1 1140 1247 -edge_5_0_+disjointig_2_3588_44283 12604 13756 40695 -1 -1 1009 0.0347866
Chain
	Aln	8	+SRR33939694.12063/1 117 1391 1413 +edge_5_0_+disjointig_2_3588_44283 21935 23221 40695 -1 -1 1032 0.0408911
Chain
	Aln	9	-SRR33939694.12063/1 21 1295 1413 -edge_5_0_+disjointig_2_3588_44283 17473 18759 40695 -1 -1 1032 0.0408911
Chain
	Aln	9	+SRR33939694.11982/1 108 1405 1408 -edge_5_0_+disjointig_2_3588_44283 8694 9989 40695 -1 -1 1123 0.0239671
Chain
	Aln	8	-SRR33939694.11982/1 2 1299 1408 +edge_5_0_+disjointig_2_3588_44283 30705 32000 40695 -1 -1 1123 0.0239671
Chain
	Aln	9	+SRR33939694.12094/1 104 1145 1203 -edge_5_0_+disjointig_2_3588_44283 12702 13747 40695 -1 -1 786 0.0434149
Chain
	Aln	8	-SRR33939694.12094/1 57 1098 1203 +edge_5_0_+disjointig_2_3588_44283 26947 27992 40695 -1 -1 786 0.0434149
Chain
	Aln	8	+SRR33939694.12207/1 114 1318 1343 +edge_5_0_+disjointig_2_3588_44283 16487 17710 40695 -1 -1 997 0.0328411
Chain
	Aln	9	-SRR33939694.12207/1 24 1228 1343 -edge_5_0_+disjointig_2_3588_44283 22984 24207 40695 -1 -1 997 0.0328411
Chain
	Aln	9	+SRR33939694.12100/1 125 1630 1641 -edge_5_0_+disjointig_2_3588_44283 15726 17235 40695 -1 -1 1421 0.0186379
Chain
	Aln	8	-SRR33939694.12100/1 10 1515 1641 +edge_5_0_+disjointig_2_3588_44283 23459 24968 40695 -1 -1 1421 0.0186379
Chain
	Aln	8	+SRR33939694.12223/1 124 1346 1348 +edge_5_0_+disjointig_2_3588_44283 24290 25526 40695 -1 -1 1018 0.0322965
Chain
	Aln	9	-SRR33939694.12223/1 1 1223 1348 -edge_5_0_+disjointig_2_3588_44283 15168 16404 40695 -1 -1 1018 0.0322965
Chain
	Aln	8	+SRR33939694.12238/1 115 1268 1285 +edge_5_0_+disjointig_2_3588_44283 36229 37376 40695 -1 -1 1068 0.0121997
Chain
	Aln	9	-SRR33939694.12238/1 16 1169 1285 -edge_5_0_+disjointig_2_3588_44283 3318 4465 40695 -1 -1 1068 0.0121997
Chain
	Aln	9	+SRR33939694.12340/1 114 1423 1425 -edge_5_0_+disjointig_2_3588_44283 38640 39945 40695 -1 -1 1199 0.0226946
Chain
	Aln	8	-SRR33939694.12340/1 1 1310 1425 +edge_5_0_+disjointig_2_3588_44283 749 2054 40695 -1 -1 1199 0.0226946
Chain
	Aln	9	+SRR33939694.12426/1 126 1468 1470 -edge_5_0_+disjointig_2_3588_44283 32628 33973 40695 -1 -1 1187 0.0218919
Chain
	Aln	8	-SRR33939694.12426/1 1 1343 1470 +edge_5_0_+disjointig_2_3588_44283 6721 8066 40695 -1 -1 1187 0.0218919
Chain
	Aln	8	+SRR33939694.12478/1 115 1115 1120 +edge_5_0_+disjointig_2_3588_44283 36045 37034 40695 -1 -1 928 0.0263708
Chain
	Aln	9	-SRR33939694.12478/1 4 1004 1120 -edge_5_0_+disjointig_2_3588_44283 3660 4649 40695 -1 -1 928 0.0263708
Chain
	Aln	8	+SRR33939694.12468/1 125 1338 1340 +edge_5_0_+disjointig_2_3588_44283 24721 25933 40695 -1 -1 1127 0.0202335
Chain
	Aln	9	-SRR33939694.12468/1 1 1214 1340 -edge_5_0_+disjointig_2_3588_44283 14761 15973 40695 -1 -1 1127 0.0202335
Chain
	Aln	9	+SRR33939694.12497/1 114 1146 1148 -edge_5_0_+disjointig_2_3588_44283 36413 37451 40695 -1 -1 963 0.0175028
Chain
	Aln	8	-SRR33939694.12497/1 1 1033 1148 +edge_5_0_+disjointig_2_3588_44283 3243 4281 40695 -1 -1 963 0.0175028
Chain
	Aln	9	+SRR33939694.12507/1 108 1301 1303 -edge_5_0_+disjointig_2_3588_44283 32556 33748 40695 -1 -1 1160 0.0101977
Chain
	Aln	8	-SRR33939694.12507/1 1 1194 1303 +edge_5_0_+disjointig_2_3588_44283 6946 8138 40695 -1 -1 1160 0.0101977
Chain
	Aln	8	+SRR33939694.12537/1 112 1186 1188 +edge_5_0_+disjointig_2_3588_44283 23286 24354 40695 -1 -1 1037 0.0113868
Chain
	Aln	9	-SRR33939694.12537/1 1 1075 1188 -edge_5_0_+disjointig_2_3588_44283 16340 17408 40695 -1 -1 1037 0.0113868
Chain
	Aln	9	+SRR33939694.12552/1 105 1431 1470 -edge_5_0_+disjointig_2_3588_44283 13391 14718 40695 -1 -1 1209 0.0159916
Chain
	Aln	8	-SRR33939694.12552/1 38 1364 1470 +edge_5_0_+disjointig_2_3588_44283 25976 27303 40695 -1 -1 1209 0.0159916
Chain
	Aln	9	+SRR33939694.12578/1 119 1231 1233 -edge_5_0_+disjointig_2_3588_44283 29121 30234 40695 -1 -1 1042 0.0213017
Chain
	Aln	8	-SRR33939694.12578/1 1 1113 1233 +edge_5_0_+disjointig_2_3588_44283 10460 11573 40695 -1 -1 1042 0.0213017
Chain
	Aln	8	+SRR33939694.12684/1 119 1240 1243 +edge_5_0_+disjointig_2_3588_44283 28993 30108 40695 -1 -1 1016 0.0254081
Chain
	Aln	9	-SRR33939694.12684/1 2 1123 1243 -edge_5_0_+disjointig_2_3588_44283 10586 11701 40695 -1 -1 1016 0.0254081
Chain
	Aln	9	+SRR33939694.12621/1 108 1349 1351 -edge_5_0_+disjointig_2_3588_44283 13626 14877 40695 -1 -1 1163 0.0160012
Chain
	Aln	8	-SRR33939694.12621/1 1 1242 1351 +edge_5_0_+disjointig_2_3588_44283 25817 27068 40695 -1 -1 1163 0.0160012
Chain
	Aln	9	+SRR33939694.12703/1 132 1259 1261 -edge_5_0_+disjointig_2_3588_44283 22917 24048 40695 -1 -1 1051 0.0203755
Chain
	Aln	8	-SRR33939694.12703/1 1 1128 1261 +edge_5_0_+disjointig_2_3588_44283 16646 17777 40695 -1 -1 1051 0.0203755
Chain
	Aln	8	+SRR33939694.12710/1 114 1219 1221 +edge_5_0_+disjointig_2_3588_44283 23548 24688 40695 -1 -1 949 0.0327114
Chain
	Aln	9	-SRR33939694.12710/1 1 1106 1221 -edge_5_0_+disjointig_2_3588_44283 16006 17146 40695 -1 -1 949 0.0327114
Chain
	Aln	9	+SRR33939694.12722/1 107 1146 1162 -edge_5_0_+disjointig_2_3588_44283 19978 21020 40695 -1 -1 969 0.0207865
Chain
	Aln	8	-SRR33939694.12722/1 15 1054 1162 +edge_5_0_+disjointig_2_3588_44283 19674 20716 40695 -1 -1 969 0.0207865
Chain
	Aln	8	+SRR33939694.12756/1 113 1177 1194 +edge_5_0_+disjointig_2_3588_44283 7919 9017 40695 -1 -1 726 0.0599246
Chain
	Aln	9	-SRR33939694.12756/1 16 1080 1194 -edge_5_0_+disjointig_2_3588_44283 31677 32775 40695 -1 -1 726 0.0599246
Chain
	Aln	8	+SRR33939694.12805/1 108 1336 1339 +edge_5_0_+disjointig_2_3588_44283 24912 26136 40695 -1 -1 1082 0.0289386
Chain
	Aln	9	-SRR33939694.12805/1 2 1230 1339 -edge_5_0_+disjointig_2_3588_44283 14558 15782 40695 -1 -1 1082 0.0289386
Chain
	Aln	9	+SRR33939694.12854/1 121 1174 1178 -edge_5_0_+disjointig_2_3588_44283 30615 31661 40695 -1 -1 1014 0.0163195
Chain
	Aln	8	-SRR33939694.12854/1 3 1056 1178 +edge_5_0_+disjointig_2_3588_44283 9033 10079 40695 -1 -1 1014 0.0163195
Chain
	Aln	8	+SRR33939694.12876/1 121 1323 1325 +edge_5_0_+disjointig_2_3588_44283 22987 24189 40695 -1 -1 1129 0.0176122
Chain
	Aln	9	-SRR33939694.12876/1 1 1203 1325 -edge_5_0_+disjointig_2_3588_44283 16505 17707 40695 -1 -1 1129 0.0176122
Chain
	Aln	9	+SRR33939694.13008/1 116 1190 1199 -edge_5_0_+disjointig_2_3588_44283 36397 37472 40695 -1 -1 927 0.0333615
Chain
	Aln	8	-SRR33939694.13008/1 8 1082 1199 +edge_5_0_+disjointig_2_3588_44283 3222 4297 40695 -1 -1 927 0.0333615
Chain
	Aln	4	+SRR33939694.12982/1 109 1482 1484 +edge_3_0_-disjointig_2_41855_44283 1017 2395 2428 -1 -1 1294 0.0172281
Chain
	Aln	5	-SRR33939694.12982/1 1 1374 1484 -edge_3_0_-disjointig_2_41855_44283 32 1410 2428 -1 -1 1294 0.0172281
Chain
	Aln	8	+SRR33939694.13056/1 116 1325 1334 +edge_5_0_+disjointig_2_3588_44283 29227 30442 40695 -1 -1 1060 0.0268409
Chain
	Aln	9	-SRR33939694.13056/1 8 1217 1334 -edge_5_0_+disjointig_2_3588_44283 10252 11467 40695 -1 -1 1060 0.0268409
Chain
	Aln	9	+SRR33939694.12909/1 123 1662 1677 -edge_5_0_+disjointig_2_3588_44283 2393 3933 40695 -1 -1 1384 0.0229699
Chain
	Aln	8	-SRR33939694.12909/1 14 1553 1677 +edge_5_0_+disjointig_2_3588_44283 36761 38301 40695 -1 -1 1384 0.0229699
Chain
	Aln	8	+SRR33939694.13002/1 144 1554 1566 +edge_5_0_+disjointig_2_3588_44283 32696 34119 40695 -1 -1 1206 0.0381596
Chain
	Aln	9	-SRR33939694.13002/1 11 1421 1566 -edge_5_0_+disjointig_2_3588_44283 6575 7998 40695 -1 -1 1206 0.0381596
Chain
	Aln	8	+SRR33939694.13095/1 120 1512 1514 +edge_5_0_+disjointig_2_3588_44283 12771 14188 40695 -1 -1 1182 0.0311148
Chain
	Aln	9	-SRR33939694.13095/1 1 1393 1514 -edge_5_0_+disjointig_2_3588_44283 26506 27923 40695 -1 -1 1182 0.0311148
Chain
	Aln	5	+SRR33939694.12988/1 127 2019 2112 -edge_3_0_-disjointig_2_41855_44283 527 2427 2428 -1 -1 1825 0.0164457
Chain
	Aln	4	-SRR33939694.12988/1 92 1984 2112 +edge_3_0_-disjointig_2_41855_44283 0 1900 2428 -1 -1 1825 0.0164457
Chain
	Aln	9	+SRR33939694.13151/1 106 1144 1146 -edge_5_0_+disjointig_2_3588_44283 32390 33435 40695 -1 -1 1013 0.0110547
Chain
	Aln	8	-SRR33939694.13151/1 1 1039 1146 +edge_5_0_+disjointig_2_3588_44283 7259 8304 40695 -1 -1 1013 0.0110547
Chain
	Aln	9	+SRR33939694.13157/1 114 1210 1212 -edge_5_0_+disjointig_2_3588_44283 19923 21027 40695 -1 -1 958 0.0274966
Chain
	Aln	8	-SRR33939694.13157/1 1 1097 1212 +edge_5_0_+disjointig_2_3588_44283 19667 20771 40695 -1 -1 958 0.0274966
Chain
	Aln	9	+SRR33939694.13170/1 114 1805 1819 -edge_5_0_+disjointig_2_3588_44283 26212 27902 40695 -1 -1 1631 0.0140163
Chain
	Aln	8	-SRR33939694.13170/1 13 1704 1819 +edge_5_0_+disjointig_2_3588_44283 12792 14482 40695 -1 -1 1631 0.0140163
Chain
	Aln	8	+SRR33939694.13201/1 109 1182 1201 +edge_5_0_+disjointig_2_3588_44283 33271 34346 40695 -1 -1 877 0.0310878
Chain
	Aln	9	-SRR33939694.13201/1 18 1091 1201 -edge_5_0_+disjointig_2_3588_44283 6348 7423 40695 -1 -1 877 0.0310878
Chain
	Aln	9	+SRR33939694.13214/1 152 1159 1161 -edge_5_0_+disjointig_2_3588_44283 21314 22308 40695 -1 -1 893 0.0259572
Chain
	Aln	8	-SRR33939694.13214/1 1 1008 1161 +edge_5_0_+disjointig_2_3588_44283 18386 19380 40695 -1 -1 893 0.0259572
Chain
	Aln	9	+SRR33939694.13314/1 122 1242 1245 -edge_5_0_+disjointig_2_3588_44283 16351 17490 40695 -1 -1 1056 0.0193358
Chain
	Aln	8	-SRR33939694.13314/1 2 1122 1245 +edge_5_0_+disjointig_2_3588_44283 23204 24343 40695 -1 -1 1056 0.0193358
Chain
	Aln	8	+SRR33939694.13193/1 110 1896 1898 +edge_5_0_+disjointig_2_3588_44283 27530 29315 40695 -1 -1 1635 0.0231304
Chain
	Aln	9	-SRR33939694.13193/1 1 1787 1898 -edge_5_0_+disjointig_2_3588_44283 11379 13164 40695 -1 -1 1635 0.0231304
Chain
	Aln	8	+SRR33939694.13395/1 108 1151 1162 +edge_5_0_+disjointig_2_3588_44283 7052 8100 40695 -1 -1 902 0.0309071
Chain
	Aln	9	-SRR33939694.13395/1 10 1053 1162 -edge_5_0_+disjointig_2_3588_44283 32594 33642 40695 -1 -1 902 0.0309071
Chain
	Aln	8	+SRR33939694.13340/1 119 1468 1471 +edge_5_0_+disjointig_2_3588_44283 27359 28717 40695 -1 -1 1043 0.0382477
Chain
	Aln	9	-SRR33939694.13340/1 2 1351 1471 -edge_5_0_+disjointig_2_3588_44283 11977 13335 40695 -1 -1 1043 0.0382477
Chain
	Aln	9	+SRR33939694.13476/1 122 1154 1156 -edge_5_0_+disjointig_2_3588_44283 18198 19234 40695 -1 -1 920 0.0190945
Chain
	Aln	8	-SRR33939694.13476/1 1 1033 1156 +edge_5_0_+disjointig_2_3588_44283 21460 22496 40695 -1 -1 920 0.0190945
Chain
	Aln	5	+SRR33939694.13484/1 137 1345 1347 -edge_3_0_-disjointig_2_41855_44283 522 1741 2428 -1 -1 1149 0.0169375
Chain
	Aln	4	-SRR33939694.13484/1 1 1209 1347 +edge_3_0_-disjointig_2_41855_44283 686 1905 2428 -1 -1 1149 0.0169375
Chain
	Aln	4	+SRR33939694.13516/1 527 1606 1608 +edge_3_0_-disjointig_2_41855_44283 1 1080 2428 -1 -1 1023 0.0134161
Chain
	Aln	5	-SRR33939694.13516/1 1 1080 1608 -edge_3_0_-disjointig_2_41855_44283 1347 2426 2428 -1 -1 1023 0.0134161
Chain
	Aln	8	+SRR33939694.13570/1 106 1146 1149 +edge_5_0_+disjointig_2_3588_44283 23525 24586 40695 -1 -1 996 0.0124951
Chain
	Aln	9	-SRR33939694.13570/1 2 1042 1149 -edge_5_0_+disjointig_2_3588_44283 16108 17169 40695 -1 -1 996 0.0124951
Chain
	Aln	9	+SRR33939694.13522/1 114 1283 1286 -edge_5_0_+disjointig_2_3588_44283 4389 5561 40695 -1 -1 1011 0.0269826
Chain
	Aln	8	-SRR33939694.13522/1 2 1171 1286 +edge_5_0_+disjointig_2_3588_44283 35133 36305 40695 -1 -1 1011 0.0269826
Chain
	Aln	9	+SRR33939694.13574/1 105 1412 1440 -edge_5_0_+disjointig_2_3588_44283 6758 8079 40695 -1 -1 1203 0.0230332
Chain
	Aln	8	-SRR33939694.13574/1 27 1334 1440 +edge_5_0_+disjointig_2_3588_44283 32615 33936 40695 -1 -1 1203 0.0230332
Chain
	Aln	8	+SRR33939694.13599/1 128 1188 1222 +edge_5_0_+disjointig_2_3588_44283 35682 36745 40695 -1 -1 976 0.0217995
Chain
	Aln	9	-SRR33939694.13599/1 33 1093 1222 -edge_5_0_+disjointig_2_3588_44283 3949 5012 40695 -1 -1 976 0.0217995
Chain
	Aln	9	+SRR33939694.13594/1 125 1398 1400 -edge_5_0_+disjointig_2_3588_44283 37345 38630 40695 -1 -1 1021 0.0418636
Chain
	Aln	8	-SRR33939694.13594/1 1 1274 1400 +edge_5_0_+disjointig_2_3588_44283 2064 3349 40695 -1 -1 1021 0.0418636
Chain
	Aln	8	+SRR33939694.13632/1 117 1204 1217 +edge_5_0_+disjointig_2_3588_44283 32005 33096 40695 -1 -1 972 0.0225318
Chain
	Aln	9	-SRR33939694.13632/1 12 1099 1217 -edge_5_0_+disjointig_2_3588_44283 7598 8689 40695 -1 -1 972 0.0225318
Chain
	Aln	9	+SRR33939694.13637/1 116 1236 1240 -edge_5_0_+disjointig_2_3588_44283 2617 3727 40695 -1 -1 1022 0.019727
Chain
	Aln	8	-SRR33939694.13637/1 3 1123 1240 +edge_5_0_+disjointig_2_3588_44283 36967 38077 40695 -1 -1 1022 0.019727
Chain
	Aln	8	+SRR33939694.13677/1 109 1311 1373 +edge_5_0_+disjointig_2_3588_44283 2136 3347 40695 -1 -1 1037 0.0281186
Chain
	Aln	9	-SRR33939694.13677/1 61 1263 1373 -edge_5_0_+disjointig_2_3588_44283 37347 38558 40695 -1 -1 1037 0.0281186
Chain
	Aln	9	+SRR33939694.13693/1 112 1132 1134 -edge_5_0_+disjointig_2_3588_44283 16156 17189 40695 -1 -1 872 0.0333822
Chain
	Aln	8	-SRR33939694.13693/1 1 1021 1134 +edge_5_0_+disjointig_2_3588_44283 23505 24538 40695 -1 -1 872 0.0333822
Chain
	Aln	5	+SRR33939694.13662/1 133 1723 1727 -edge_3_0_-disjointig_2_41855_44283 74 1665 2428 -1 -1 1534 0.00999025
Chain
	Aln	4	-SRR33939694.13662/1 3 1593 1727 +edge_3_0_-disjointig_2_41855_44283 762 2353 2428 -1 -1 1534 0.00999025
Chain
	Aln	8	+SRR33939694.13698/1 132 1159 1170 +edge_5_0_+disjointig_2_3588_44283 7462 8490 40695 -1 -1 965 0.0135202
Chain
	Aln	9	-SRR33939694.13698/1 10 1037 1170 -edge_5_0_+disjointig_2_3588_44283 32204 33232 40695 -1 -1 965 0.0135202
Chain
	Aln	6	+SRR33939694.13416/1 242 6094 6106 +edge_4_0_+disjointig_1_22059_47419 5727 11651 25360 -1 -1 4365 0.0388316
Chain
	Aln	7	-SRR33939694.13416/1 11 5863 6106 -edge_4_0_+disjointig_1_22059_47419 13708 19632 25360 -1 -1 4365 0.0388316
Chain
	Aln	8	+SRR33939694.13757/1 145 1182 1194 +edge_5_0_+disjointig_2_3588_44283 19806 20826 40695 -1 -1 930 0.0223011
Chain
	Aln	9	-SRR33939694.13757/1 11 1048 1194 -edge_5_0_+disjointig_2_3588_44283 19868 20888 40695 -1 -1 930 0.0223011
Chain
	Aln	6	+SRR33939694.13669/1 568 3060 3063 +edge_4_0_+disjointig_1_22059_47419 617 3102 25360 -1 -1 2295 0.0205926
Chain
	Aln	7	-SRR33939694.13669/1 2 2494 3063 -edge_4_0_+disjointig_1_22059_47419 22257 24742 25360 -1 -1 2295 0.0205926
Chain
	Aln	8	+SRR33939694.13829/1 160 1240 1244 +edge_5_0_+disjointig_2_3588_44283 10337 11438 40695 -1 -1 888 0.0370318
Chain
	Aln	9	-SRR33939694.13829/1 3 1083 1244 -edge_5_0_+disjointig_2_3588_44283 29256 30357 40695 -1 -1 888 0.0370318
Chain
	Aln	9	+SRR33939694.13895/1 103 1246 1266 -edge_5_0_+disjointig_2_3588_44283 12277 13450 40695 -1 -1 977 0.031148
Chain
	Aln	8	-SRR33939694.13895/1 19 1162 1266 +edge_5_0_+disjointig_2_3588_44283 27244 28417 40695 -1 -1 977 0.031148
Chain
	Aln	5	+SRR33939694.13848/1 109 1415 1417 -edge_3_0_-disjointig_2_41855_44283 996 2306 2428 -1 -1 1163 0.0246221
Chain
	Aln	4	-SRR33939694.13848/1 1 1307 1417 +edge_3_0_-disjointig_2_41855_44283 121 1431 2428 -1 -1 1163 0.0246221
Chain
	Aln	8	+SRR33939694.13904/1 111 1236 1238 +edge_5_0_+disjointig_2_3588_44283 13432 14556 40695 -1 -1 1081 0.0131915
Chain
	Aln	9	-SRR33939694.13904/1 1 1126 1238 -edge_5_0_+disjointig_2_3588_44283 26138 27262 40695 -1 -1 1081 0.0131915
Chain
	Aln	9	+SRR33939694.14124/1 110 1566 1589 -edge_5_0_+disjointig_2_3588_44283 17218 18696 40695 -1 -1 1287 0.0274387
Chain
	Aln	8	-SRR33939694.14124/1 22 1478 1589 +edge_5_0_+disjointig_2_3588_44283 21998 23476 40695 -1 -1 1287 0.0274387
Chain
	Aln	9	+SRR33939694.14149/1 116 1355 1358 -edge_5_0_+disjointig_2_3588_44283 2396 3635 40695 -1 -1 1135 0.0221006
Chain
	Aln	8	-SRR33939694.14149/1 2 1241 1358 +edge_5_0_+disjointig_2_3588_44283 37059 38298 40695 -1 -1 1135 0.0221006
Chain
	Aln	8	+SRR33939694.14197/1 126 1141 1148 +edge_5_0_+disjointig_2_3588_44283 38283 39299 40695 -1 -1 981 0.00939919
Chain
	Aln	9	-SRR33939694.14197/1 6 1021 1148 -edge_5_0_+disjointig_2_3588_44283 1395 2411 40695 -1 -1 981 0.00939919
Chain
	Aln	9	+SRR33939694.14221/1 138 1203 1217 -edge_5_0_+disjointig_2_3588_44283 23826 24890 40695 -1 -1 1037 0.0107588
Chain
	Aln	8	-SRR33939694.14221/1 13 1078 1217 +edge_5_0_+disjointig_2_3588_44283 15804 16868 40695 -1 -1 1037 0.0107588
Chain
	Aln	9	+SRR33939694.14232/1 116 1290 1301 -edge_5_0_+disjointig_2_3588_44283 31833 33000 40695 -1 -1 1100 0.0214042
Chain
	Aln	8	-SRR33939694.14232/1 10 1184 1301 +edge_5_0_+disjointig_2_3588_44283 7694 8861 40695 -1 -1 1100 0.0214042
Chain
	Aln	8	+SRR33939694.14263/1 172 1307 1318 +edge_5_0_+disjointig_2_3588_44283 17509 18660 40695 -1 -1 932 0.0313271
Chain
	Aln	9	-SRR33939694.14263/1 10 1145 1318 -edge_5_0_+disjointig_2_3588_44283 22034 23185 40695 -1 -1 932 0.0313271
Chain
	Aln	5	+SRR33939694.14295/1 133 1154 1156 -edge_3_0_-disjointig_2_41855_44283 10 1036 2428 -1 -1 1004 0.0123341
Chain
	Aln	4	-SRR33939694.14295/1 1 1022 1156 +edge_3_0_-disjointig_2_41855_44283 1391 2417 2428 -1 -1 1004 0.0123341
Chain
	Aln	8	+SRR33939694.14332/1 105 1566 1575 +edge_5_0_+disjointig_2_3588_44283 25522 26983 40695 -1 -1 1277 0.0283681
Chain
	Aln	9	-SRR33939694.14332/1 8 1469 1575 -edge_5_0_+disjointig_2_3588_44283 13711 15172 40695 -1 -1 1277 0.0283681
Chain
	Aln	8	+SRR33939694.14307/1 107 1285 1292 +edge_5_0_+disjointig_2_3588_44283 2420 3611 40695 -1 -1 1009 0.0327298
Chain
	Aln	9	-SRR33939694.14307/1 6 1184 1292 -edge_5_0_+disjointig_2_3588_44283 37083 38274 40695 -1 -1 1009 0.0327298
Chain
	Aln	9	+SRR33939694.14359/1 112 1297 1314 -edge_5_0_+disjointig_2_3588_44283 23229 24415 40695 -1 -1 1115 0.015066
Chain
	Aln	8	-SRR33939694.14359/1 16 1201 1314 +edge_5_0_+disjointig_2_3588_44283 16279 17465 40695 -1 -1 1115 0.015066
Chain
	Aln	9	+SRR33939694.14365/1 110 1812 1814 -edge_5_0_+disjointig_2_3588_44283 32041 33745 40695 -1 -1 1549 0.0266503
Chain
	Aln	8	-SRR33939694.14365/1 1 1703 1814 +edge_5_0_+disjointig_2_3588_44283 6949 8653 40695 -1 -1 1549 0.0266503
Chain
	Aln	8	+SRR33939694.14514/1 115 1544 1562 +edge_5_0_+disjointig_2_3588_44283 12091 13533 40695 -1 -1 925 0.0526028
Chain
	Aln	9	-SRR33939694.14514/1 17 1446 1562 -edge_5_0_+disjointig_2_3588_44283 27161 28603 40695 -1 -1 925 0.0526028
Chain
	Aln	9	+SRR33939694.14453/1 125 1516 1526 -edge_5_0_+disjointig_2_3588_44283 18974 20374 40695 -1 -1 1265 0.0234294
Chain
	Aln	8	-SRR33939694.14453/1 9 1400 1526 +edge_5_0_+disjointig_2_3588_44283 20320 21720 40695 -1 -1 1265 0.0234294
Chain
	Aln	9	+SRR33939694.14451/1 125 1797 1799 -edge_5_0_+disjointig_2_3588_44283 11808 13489 40695 -1 -1 1564 0.0204028
Chain
	Aln	8	-SRR33939694.14451/1 1 1673 1799 +edge_5_0_+disjointig_2_3588_44283 27205 28886 40695 -1 -1 1564 0.0204028
Chain
	Aln	9	+SRR33939694.14518/1 108 1279 1285 -edge_5_0_+disjointig_2_3588_44283 2645 3810 40695 -1 -1 1046 0.0189882
Chain
	Aln	8	-SRR33939694.14518/1 5 1176 1285 +edge_5_0_+disjointig_2_3588_44283 36884 38049 40695 -1 -1 1046 0.0189882
Chain
	Aln	8	+SRR33939694.14544/1 105 1267 1269 +edge_5_0_+disjointig_2_3588_44283 25004 26193 40695 -1 -1 913 0.0511268
Chain
	Aln	9	-SRR33939694.14544/1 1 1163 1269 -edge_5_0_+disjointig_2_3588_44283 14501 15690 40695 -1 -1 913 0.0511268
Chain
	Aln	0	+SRR33939694.14209/1 931 4775 4778 +edge_1_0_+disjointig_1_0_20896 146 3987 20896 -1 -1 3302 0.0298659
Chain
	Aln	1	-SRR33939694.14209/1 2 3846 4778 -edge_1_0_+disjointig_1_0_20896 16908 20749 20896 -1 -1 3302 0.0298659
Chain
	Aln	9	+SRR33939694.14596/1 180 1328 1330 -edge_5_0_+disjointig_2_3588_44283 25102 26246 40695 -1 -1 1021 0.0192982
Chain
	Aln	8	-SRR33939694.14596/1 1 1149 1330 +edge_5_0_+disjointig_2_3588_44283 14448 15592 40695 -1 -1 1021 0.0192982
Chain
	Aln	9	+SRR33939694.14612/1 110 1217 1221 -edge_5_0_+disjointig_2_3588_44283 33173 34290 40695 -1 -1 1030 0.0203092
Chain
	Aln	8	-SRR33939694.14612/1 3 1110 1221 +edge_5_0_+disjointig_2_3588_44283 6404 7521 40695 -1 -1 1030 0.0203092
Chain
	Aln	9	+SRR33939694.14613/1 112 1321 1342 -edge_5_0_+disjointig_2_3588_44283 10251 11470 40695 -1 -1 1061 0.027418
Chain
	Aln	8	-SRR33939694.14613/1 20 1229 1342 +edge_5_0_+disjointig_2_3588_44283 29224 30443 40695 -1 -1 1061 0.027418
Chain
	Aln	8	+SRR33939694.14623/1 118 1293 1295 +edge_5_0_+disjointig_2_3588_44283 38806 39984 40695 -1 -1 992 0.0287315
Chain
	Aln	9	-SRR33939694.14623/1 1 1176 1295 -edge_5_0_+disjointig_2_3588_44283 710 1888 40695 -1 -1 992 0.0287315
Chain
	Aln	8	+SRR33939694.14776/1 105 1532 1534 +edge_5_0_+disjointig_2_3588_44283 34780 36208 40695 -1 -1 1353 0.0180779
Chain
	Aln	9	-SRR33939694.14776/1 1 1428 1534 -edge_5_0_+disjointig_2_3588_44283 4486 5914 40695 -1 -1 1353 0.0180779
Chain
	Aln	9	+SRR33939694.14865/1 131 1348 1350 -edge_5_0_+disjointig_2_3588_44283 11050 12276 40695 -1 -1 1075 0.0246798
Chain
	Aln	8	-SRR33939694.14865/1 1 1218 1350 +edge_5_0_+disjointig_2_3588_44283 28418 29644 40695 -1 -1 1075 0.0246798
Chain
	Aln	9	+SRR33939694.14870/1 148 1581 1612 -edge_5_0_+disjointig_2_3588_44283 32031 33485 40695 -1 -1 1257 0.0298753
Chain
	Aln	8	-SRR33939694.14870/1 30 1463 1612 +edge_5_0_+disjointig_2_3588_44283 7209 8663 40695 -1 -1 1257 0.0298753
Chain
	Aln	8	+SRR33939694.14884/1 112 1131 1151 +edge_5_0_+disjointig_2_3588_44283 6999 8020 40695 -1 -1 989 0.0146519
Chain
	Aln	9	-SRR33939694.14884/1 19 1038 1151 -edge_5_0_+disjointig_2_3588_44283 32674 33695 40695 -1 -1 989 0.0146519
Chain
	Aln	8	+SRR33939694.14898/1 150 1616 1619 +edge_5_0_+disjointig_2_3588_44283 8296 9783 40695 -1 -1 1084 0.0515832
Chain
	Aln	9	-SRR33939694.14898/1 2 1468 1619 -edge_5_0_+disjointig_2_3588_44283 30911 32398 40695 -1 -1 1084 0.0515832
Chain
	Aln	9	+SRR33939694.14796/1 119 2717 2719 -edge_5_0_+disjointig_2_3588_44283 19736 22351 40695 -1 -1 2416 0.0217406
Chain
	Aln	8	-SRR33939694.14796/1 1 2599 2719 +edge_5_0_+disjointig_2_3588_44283 18343 20958 40695 -1 -1 2416 0.0217406
Chain
	Aln	9	+SRR33939694.14899/1 140 1276 1318 -edge_5_0_+disjointig_2_3588_44283 30493 31631 40695 -1 -1 1025 0.0215539
Chain
	Aln	8	-SRR33939694.14899/1 41 1177 1318 +edge_5_0_+disjointig_2_3588_44283 9063 10201 40695 -1 -1 1025 0.0215539
Chain
	Aln	9	+SRR33939694.14914/1 113 1152 1159 -edge_5_0_+disjointig_2_3588_44283 8868 9907 40695 -1 -1 957 0.0227473
Chain
	Aln	8	-SRR33939694.14914/1 6 1045 1159 +edge_5_0_+disjointig_2_3588_44283 30787 31826 40695 -1 -1 957 0.0227473
Chain
	Aln	8	+SRR33939694.14880/1 254 1985 2096 +edge_5_0_+disjointig_2_3588_44283 14786 16526 40695 -1 -1 1415 0.0334648
Chain
	Aln	9	-SRR33939694.14880/1 110 1841 2096 -edge_5_0_+disjointig_2_3588_44283 24168 25908 40695 -1 -1 1415 0.0334648
Chain
	Aln	9	+SRR33939694.14933/1 111 1201 1235 -edge_5_0_+disjointig_2_3588_44283 26867 27960 40695 -1 -1 964 0.0311426
Chain
	Aln	8	-SRR33939694.14933/1 33 1123 1235 +edge_5_0_+disjointig_2_3588_44283 12734 13827 40695 -1 -1 964 0.0311426
Chain
	Aln	8	+SRR33939694.15002/1 115 1195 1197 +edge_5_0_+disjointig_2_3588_44283 11083 12163 40695 -1 -1 1050 0.00754086
Chain
	Aln	9	-SRR33939694.15002/1 1 1081 1197 -edge_5_0_+disjointig_2_3588_44283 28531 29611 40695 -1 -1 1050 0.00754086
Chain
	Aln	8	+SRR33939694.15013/1 151 1252 1254 +edge_5_0_+disjointig_2_3588_44283 12676 13781 40695 -1 -1 990 0.0248057
Chain
	Aln	9	-SRR33939694.15013/1 1 1102 1254 -edge_5_0_+disjointig_2_3588_44283 26913 28018 40695 -1 -1 990 0.0248057
Chain
	Aln	5	+SRR33939694.15039/1 114 1309 1342 -edge_3_0_-disjointig_2_41855_44283 719 1917 2428 -1 -1 1010 0.0353609
Chain
	Aln	4	-SRR33939694.15039/1 32 1227 1342 +edge_3_0_-disjointig_2_41855_44283 510 1708 2428 -1 -1 1010 0.0353609
Chain
	Aln	9	+SRR33939694.15220/1 116 1360 1364 -edge_5_0_+disjointig_2_3588_44283 26011 27257 40695 -1 -1 1147 0.0165118
Chain
	Aln	8	-SRR33939694.15220/1 3 1247 1364 +edge_5_0_+disjointig_2_3588_44283 13437 14683 40695 -1 -1 1147 0.0165118
Chain
	Aln	9	+SRR33939694.15253/1 111 1159 1163 -edge_5_0_+disjointig_2_3588_44283 23312 24364 40695 -1 -1 978 0.0199174
Chain
	Aln	8	-SRR33939694.15253/1 3 1051 1163 +edge_5_0_+disjointig_2_3588_44283 16330 17382 40695 -1 -1 978 0.0199174
Chain
	Aln	9	+SRR33939694.15261/1 135 1155 1157 -edge_5_0_+disjointig_2_3588_44283 26102 27108 40695 -1 -1 925 0.0196118
Chain
	Aln	8	-SRR33939694.15261/1 1 1021 1157 +edge_5_0_+disjointig_2_3588_44283 13586 14592 40695 -1 -1 925 0.0196118
Chain
	Aln	9	+SRR33939694.15233/1 112 2182 2184 -edge_5_0_+disjointig_2_3588_44283 30827 32902 40695 -1 -1 2047 0.00839586
Chain
	Aln	8	-SRR33939694.15233/1 1 2071 2184 +edge_5_0_+disjointig_2_3588_44283 7792 9867 40695 -1 -1 2047 0.00839586
Chain
	Aln	9	+SRR33939694.15379/1 108 1479 1495 -edge_5_0_+disjointig_2_3588_44283 38315 39702 40695 -1 -1 1135 0.0404962
Chain
	Aln	8	-SRR33939694.15379/1 15 1386 1495 +edge_5_0_+disjointig_2_3588_44283 992 2379 40695 -1 -1 1135 0.0404962
Chain
	Aln	8	+SRR33939694.15410/1 109 1299 1301 +edge_5_0_+disjointig_2_3588_44283 2679 3872 40695 -1 -1 1084 0.0233678
Chain
	Aln	9	-SRR33939694.15410/1 1 1191 1301 -edge_5_0_+disjointig_2_3588_44283 36822 38015 40695 -1 -1 1084 0.0233678
Chain
	Aln	9	+SRR33939694.15365/1 113 2029 2032 -edge_5_0_+disjointig_2_3588_44283 20331 22248 40695 -1 -1 1764 0.0216609
Chain
	Aln	8	-SRR33939694.15365/1 2 1918 2032 +edge_5_0_+disjointig_2_3588_44283 18446 20363 40695 -1 -1 1764 0.0216609
Chain
	Aln	8	+SRR33939694.15493/1 118 1260 1262 +edge_5_0_+disjointig_2_3588_44283 1720 2891 40695 -1 -1 820 0.0443872
Chain
	Aln	9	-SRR33939694.15493/1 1 1143 1262 -edge_5_0_+disjointig_2_3588_44283 37803 38974 40695 -1 -1 820 0.0443872
Chain
	Aln	8	+SRR33939694.15598/1 113 1146 1148 +edge_5_0_+disjointig_2_3588_44283 3837 4875 40695 -1 -1 1002 0.00878538
Chain
	Aln	9	-SRR33939694.15598/1 1 1034 1148 -edge_5_0_+disjointig_2_3588_44283 35819 36857 40695 -1 -1 1002 0.00878538
Chain
	Aln	8	+SRR33939694.15677/1 116 1157 1192 +edge_5_0_+disjointig_2_3588_44283 35124 36188 40695 -1 -1 826 0.0382182
Chain
	Aln	9	-SRR33939694.15677/1 34 1075 1192 -edge_5_0_+disjointig_2_3588_44283 4506 5570 40695 -1 -1 826 0.0382182
Chain
	Aln	8	+SRR33939694.15603/1 116 1523 1527 +edge_5_0_+disjointig_2_3588_44283 31675 33091 40695 -1 -1 1336 0.0142567
Chain
	Aln	9	-SRR33939694.15603/1 3 1410 1527 -edge_5_0_+disjointig_2_3588_44283 7603 9019 40695 -1 -1 1336 0.0142567
Chain
	Aln	9	+SRR33939694.15787/1 109 1202 1212 -edge_5_0_+disjointig_2_3588_44283 26146 27246 40695 -1 -1 1074 0.0157271
Chain
	Aln	8	-SRR33939694.15787/1 9 1102 1212 +edge_5_0_+disjointig_2_3588_44283 13448 14548 40695 -1 -1 1074 0.0157271
Chain
	Aln	9	+SRR33939694.15695/1 114 1505 1507 -edge_5_0_+disjointig_2_3588_44283 25506 26899 40695 -1 -1 1339 0.0152328
Chain
	Aln	8	-SRR33939694.15695/1 1 1392 1507 +edge_5_0_+disjointig_2_3588_44283 13795 15188 40695 -1 -1 1339 0.0152328
Chain
	Aln	5	+SRR33939694.15625/1 111 1523 1875 -edge_3_0_-disjointig_2_41855_44283 987 2423 2428 -1 -1 1224 0.0295478
Chain
	Aln	4	-SRR33939694.15625/1 351 1763 1875 +edge_3_0_-disjointig_2_41855_44283 4 1440 2428 -1 -1 1224 0.0295478
Chain
	Aln	4	+SRR33939694.16015/1 107 1137 1146 +edge_3_0_-disjointig_2_41855_44283 621 1641 2428 -1 -1 746 0.0435151
Chain
	Aln	5	-SRR33939694.16015/1 8 1038 1146 -edge_3_0_-disjointig_2_41855_44283 786 1806 2428 -1 -1 746 0.0435151
Chain
	Aln	8	+SRR33939694.16012/1 135 1139 1147 +edge_5_0_+disjointig_2_3588_44283 32472 33480 40695 -1 -1 811 0.0424852
Chain
	Aln	9	-SRR33939694.16012/1 7 1011 1147 -edge_5_0_+disjointig_2_3588_44283 7214 8222 40695 -1 -1 811 0.0424852
Chain
	Aln	9	+SRR33939694.15794/1 132 1801 1822 -edge_5_0_+disjointig_2_3588_44283 37295 38978 40695 -1 -1 1369 0.0318653
Chain
	Aln	8	-SRR33939694.15794/1 20 1689 1822 +edge_5_0_+disjointig_2_3588_44283 1716 3399 40695 -1 -1 1369 0.0318653
Chain
	Aln	9	+SRR33939694.16054/1 113 1113 1115 -edge_5_0_+disjointig_2_3588_44283 20130 21139 40695 -1 -1 944 0.0180942
Chain
	Aln	8	-SRR33939694.16054/1 1 1001 1115 +edge_5_0_+disjointig_2_3588_44283 19555 20564 40695 -1 -1 944 0.0180942
Chain
	Aln	8	+SRR33939694.15971/1 111 1600 1618 +edge_5_0_+disjointig_2_3588_44283 23298 24793 40695 -1 -1 1248 0.0310418
Chain
	Aln	9	-SRR33939694.15971/1 17 1506 1618 -edge_5_0_+disjointig_2_3588_44283 15901 17396 40695 -1 -1 1248 0.0310418
Chain
	Aln	8	+SRR33939694.16084/1 112 1276 1281 +edge_5_0_+disjointig_2_3588_44283 7527 8700 40695 -1 -1 1120 0.0149978
Chain
	Aln	9	-SRR33939694.16084/1 4 1168 1281 -edge_5_0_+disjointig_2_3588_44283 31994 33167 40695 -1 -1 1120 0.0149978
Chain
	Aln	9	+SRR33939694.16082/1 114 1200 1206 -edge_5_0_+disjointig_2_3588_44283 10283 11382 40695 -1 -1 912 0.0294856
Chain
	Aln	8	-SRR33939694.16082/1 5 1091 1206 +edge_5_0_+disjointig_2_3588_44283 29312 30411 40695 -1 -1 912 0.0294856
Chain
	Aln	9	+SRR33939694.16091/1 115 1607 1609 -edge_5_0_+disjointig_2_3588_44283 10725 12221 40695 -1 -1 1347 0.0220612
Chain
	Aln	8	-SRR33939694.16091/1 1 1493 1609 +edge_5_0_+disjointig_2_3588_44283 28473 29969 40695 -1 -1 1347 0.0220612
Chain
	Aln	8	+SRR33939694.16135/1 113 1159 1161 +edge_5_0_+disjointig_2_3588_44283 13762 14834 40695 -1 -1 800 0.0445628
Chain
	Aln	9	-SRR33939694.16135/1 1 1047 1161 -edge_5_0_+disjointig_2_3588_44283 25860 26932 40695 -1 -1 800 0.0445628
Chain
	Aln	8	+SRR33939694.16159/1 128 1348 1350 +edge_5_0_+disjointig_2_3588_44283 5817 7031 40695 -1 -1 1175 0.0101218
Chain
	Aln	9	-SRR33939694.16159/1 1 1221 1350 -edge_5_0_+disjointig_2_3588_44283 33663 34877 40695 -1 -1 1175 0.0101218
Chain
	Aln	9	+SRR33939694.16118/1 112 1861 1865 -edge_5_0_+disjointig_2_3588_44283 19373 21137 40695 -1 -1 1590 0.0240863
Chain
	Aln	8	-SRR33939694.16118/1 3 1752 1865 +edge_5_0_+disjointig_2_3588_44283 19557 21321 40695 -1 -1 1590 0.0240863
Chain
	Aln	9	+SRR33939694.16164/1 114 1477 1479 -edge_5_0_+disjointig_2_3588_44283 16899 18293 40695 -1 -1 1087 0.035232
Chain
	Aln	8	-SRR33939694.16164/1 1 1364 1479 +edge_5_0_+disjointig_2_3588_44283 22401 23795 40695 -1 -1 1087 0.035232
Chain
	Aln	8	+SRR33939694.16182/1 121 1176 1178 +edge_5_0_+disjointig_2_3588_44283 33127 34182 40695 -1 -1 895 0.0355338
Chain
	Aln	9	-SRR33939694.16182/1 1 1056 1178 -edge_5_0_+disjointig_2_3588_44283 6512 7567 40695 -1 -1 895 0.0355338
Chain
	Aln	9	+SRR33939694.16217/1 140 1146 1154 -edge_5_0_+disjointig_2_3588_44283 2263 3264 40695 -1 -1 868 0.0234066
Chain
	Aln	8	-SRR33939694.16217/1 7 1013 1154 +edge_5_0_+disjointig_2_3588_44283 37430 38431 40695 -1 -1 868 0.0234066
Chain
	Aln	9	+SRR33939694.16232/1 108 1303 1305 -edge_5_0_+disjointig_2_3588_44283 1540 2737 40695 -1 -1 1163 0.0115207
Chain
	Aln	8	-SRR33939694.16232/1 1 1196 1305 +edge_5_0_+disjointig_2_3588_44283 37957 39154 40695 -1 -1 1163 0.0115207
Chain
	Aln	8	+SRR33939694.16281/1 116 1142 1144 +edge_5_0_+disjointig_2_3588_44283 2477 3501 40695 -1 -1 917 0.0273301
Chain
	Aln	9	-SRR33939694.16281/1 1 1027 1144 -edge_5_0_+disjointig_2_3588_44283 37193 38217 40695 -1 -1 917 0.0273301
Chain
	Aln	9	+SRR33939694.16247/1 102 1435 1437 -edge_5_0_+disjointig_2_3588_44283 15490 16830 40695 -1 -1 1185 0.0230222
Chain
	Aln	8	-SRR33939694.16247/1 1 1334 1437 +edge_5_0_+disjointig_2_3588_44283 23864 25204 40695 -1 -1 1185 0.0230222
Chain
	Aln	8	+SRR33939694.16275/1 114 1201 1203 +edge_5_0_+disjointig_2_3588_44283 8420 9514 40695 -1 -1 1073 0.0109612
Chain
	Aln	9	-SRR33939694.16275/1 1 1088 1203 -edge_5_0_+disjointig_2_3588_44283 31180 32274 40695 -1 -1 1073 0.0109612
Chain
	Aln	9	+SRR33939694.16251/1 119 1712 1717 -edge_5_0_+disjointig_2_3588_44283 11898 13515 40695 -1 -1 1436 0.0261231
Chain
	Aln	8	-SRR33939694.16251/1 4 1597 1717 +edge_5_0_+disjointig_2_3588_44283 27179 28796 40695 -1 -1 1436 0.0261231
Chain
	Aln	8	+SRR33939694.16399/1 130 1165 1169 +edge_5_0_+disjointig_2_3588_44283 35212 36256 40695 -1 -1 941 0.0209798
Chain
	Aln	9	-SRR33939694.16399/1 3 1038 1169 -edge_5_0_+disjointig_2_3588_44283 4438 5482 40695 -1 -1 941 0.0209798
Chain
	Aln	9	+SRR33939694.16389/1 98 1195 1200 -edge_5_0_+disjointig_2_3588_44283 21689 22776 40695 -1 -1 964 0.0286751
Chain
	Aln	8	-SRR33939694.16389/1 4 1101 1200 +edge_5_0_+disjointig_2_3588_44283 17918 19005 40695 -1 -1 964 0.0286751
Chain
	Aln	8	+SRR33939694.16380/1 114 1313 1316 +edge_5_0_+disjointig_2_3588_44283 34342 35535 40695 -1 -1 1146 0.0198252
Chain
	Aln	9	-SRR33939694.16380/1 2 1201 1316 -edge_5_0_+disjointig_2_3588_44283 5159 6352 40695 -1 -1 1146 0.0198252
Chain
	Aln	8	+SRR33939694.16266/1 111 2508 2550 +edge_5_0_+disjointig_2_3588_44283 38244 40650 40695 -1 -1 1769 0.0437689
Chain
	Aln	9	-SRR33939694.16266/1 41 2438 2550 -edge_5_0_+disjointig_2_3588_44283 44 2450 40695 -1 -1 1769 0.0437689
Chain
	Aln	8	+SRR33939694.16441/1 185 1875 1887 +edge_5_0_+disjointig_2_3588_44283 9266 10950 40695 -1 -1 1413 0.0270965
Chain
	Aln	9	-SRR33939694.16441/1 11 1701 1887 -edge_5_0_+disjointig_2_3588_44283 29744 31428 40695 -1 -1 1413 0.0270965
Chain
	Aln	8	+SRR33939694.16434/1 111 1346 1350 +edge_5_0_+disjointig_2_3588_44283 31821 33056 40695 -1 -1 1177 0.0181573
Chain
	Aln	9	-SRR33939694.16434/1 3 1238 1350 -edge_5_0_+disjointig_2_3588_44283 7638 8873 40695 -1 -1 1177 0.0181573
Chain
	Aln	8	+SRR33939694.16465/1 121 1293 1295 +edge_5_0_+disjointig_2_3588_44283 3194 4364 40695 -1 -1 1086 0.0215208
Chain
	Aln	9	-SRR33939694.16465/1 1 1173 1295 -edge_5_0_+disjointig_2_3588_44283 36330 37500 40695 -1 -1 1086 0.0215208
Chain
	Aln	8	+SRR33939694.16456/1 124 2095 2097 +edge_5_0_+disjointig_2_3588_44283 12417 14408 40695 -1 -1 1637 0.0309062
Chain
	Aln	9	-SRR33939694.16456/1 1 1972 2097 -edge_5_0_+disjointig_2_3588_44283 26286 28277 40695 -1 -1 1637 0.0309062
Chain
	Aln	9	+SRR33939694.16541/1 113 1808 1814 -edge_5_0_+disjointig_2_3588_44283 24715 26408 40695 -1 -1 1604 0.0143766
Chain
	Aln	8	-SRR33939694.16541/1 5 1700 1814 +edge_5_0_+disjointig_2_3588_44283 14286 15979 40695 -1 -1 1604 0.0143766
Chain
	Aln	8	+SRR33939694.16603/1 118 1493 1505 +edge_5_0_+disjointig_2_3588_44283 21203 22586 40695 -1 -1 1267 0.0250755
Chain
	Aln	9	-SRR33939694.16603/1 11 1386 1505 -edge_5_0_+disjointig_2_3588_44283 18108 19491 40695 -1 -1 1267 0.0250755
Chain
	Aln	9	+SRR33939694.16625/1 109 1323 1335 -edge_5_0_+disjointig_2_3588_44283 17618 18838 40695 -1 -1 1167 0.013484
Chain
	Aln	8	-SRR33939694.16625/1 11 1225 1335 +edge_5_0_+disjointig_2_3588_44283 21856 23076 40695 -1 -1 1167 0.013484
Chain
	Aln	9	+SRR33939694.16612/1 123 2350 2352 -edge_5_0_+disjointig_2_3588_44283 2664 4917 40695 -1 -1 1386 0.0661466
Chain
	Aln	8	-SRR33939694.16612/1 1 2228 2352 +edge_5_0_+disjointig_2_3588_44283 35777 38030 40695 -1 -1 1386 0.0661466
Chain
	Aln	8	+SRR33939694.16696/1 119 1444 1453 +edge_5_0_+disjointig_2_3588_44283 7378 8697 40695 -1 -1 1102 0.0400457
Chain
	Aln	9	-SRR33939694.16696/1 8 1333 1453 -edge_5_0_+disjointig_2_3588_44283 31997 33316 40695 -1 -1 1102 0.0400457
Chain
	Aln	6	+SRR33939694.16587/1 105 2591 2598 +edge_4_0_+disjointig_1_22059_47419 19341 21846 25360 -1 -1 2071 0.0268954
Chain
	Aln	7	-SRR33939694.16587/1 6 2492 2598 -edge_4_0_+disjointig_1_22059_47419 3513 6018 25360 -1 -1 2071 0.0268954
Chain
	Aln	9	+SRR33939694.16761/1 116 1327 1329 -edge_5_0_+disjointig_2_3588_44283 19734 20948 40695 -1 -1 1159 0.0152322
Chain
	Aln	8	-SRR33939694.16761/1 1 1212 1329 +edge_5_0_+disjointig_2_3588_44283 19746 20960 40695 -1 -1 1159 0.0152322
Chain
	Aln	8	+SRR33939694.16793/1 118 1363 1365 +edge_5_0_+disjointig_2_3588_44283 5384 6633 40695 -1 -1 1133 0.0201334
Chain
	Aln	9	-SRR33939694.16793/1 1 1246 1365 -edge_5_0_+disjointig_2_3588_44283 34061 35310 40695 -1 -1 1133 0.0201334
Chain
	Aln	8	+SRR33939694.16804/1 126 1354 1356 +edge_5_0_+disjointig_2_3588_44283 33683 34900 40695 -1 -1 913 0.0438564
Chain
	Aln	9	-SRR33939694.16804/1 1 1229 1356 -edge_5_0_+disjointig_2_3588_44283 5794 7011 40695 -1 -1 913 0.0438564
Chain
	Aln	8	+SRR33939694.16814/1 114 1303 1305 +edge_5_0_+disjointig_2_3588_44283 7819 9010 40695 -1 -1 821 0.0470099
Chain
	Aln	9	-SRR33939694.16814/1 1 1190 1305 -edge_5_0_+disjointig_2_3588_44283 31684 32875 40695 -1 -1 821 0.0470099
Chain
	Aln	8	+SRR33939694.16838/1 115 1314 1316 +edge_5_0_+disjointig_2_3588_44283 28628 29830 40695 -1 -1 949 0.0349326
Chain
	Aln	9	-SRR33939694.16838/1 1 1200 1316 -edge_5_0_+disjointig_2_3588_44283 10864 12066 40695 -1 -1 949 0.0349326
Chain
	Aln	8	+SRR33939694.16913/1 112 1136 1139 +edge_5_0_+disjointig_2_3588_44283 13940 14962 40695 -1 -1 897 0.0270329
Chain
	Aln	9	-SRR33939694.16913/1 2 1026 1139 -edge_5_0_+disjointig_2_3588_44283 25732 26754 40695 -1 -1 897 0.0270329
Chain
	Aln	8	+SRR33939694.16848/1 106 2156 2158 +edge_5_0_+disjointig_2_3588_44283 20515 22566 40695 -1 -1 1982 0.00927052
Chain
	Aln	9	-SRR33939694.16848/1 1 2051 2158 -edge_5_0_+disjointig_2_3588_44283 18128 20179 40695 -1 -1 1982 0.00927052
Chain
	Aln	9	+SRR33939694.16928/1 107 1326 1353 -edge_5_0_+disjointig_2_3588_44283 7055 8289 40695 -1 -1 1045 0.0355975
Chain
	Aln	8	-SRR33939694.16928/1 26 1245 1353 +edge_5_0_+disjointig_2_3588_44283 32405 33639 40695 -1 -1 1045 0.0355975
Chain
	Aln	8	+SRR33939694.16914/1 110 2249 2251 +edge_5_0_+disjointig_2_3588_44283 10912 13078 40695 -1 -1 1810 0.0322251
Chain
	Aln	9	-SRR33939694.16914/1 1 2140 2251 -edge_5_0_+disjointig_2_3588_44283 27616 29782 40695 -1 -1 1810 0.0322251
Chain
	Aln	9	+SRR33939694.17036/1 114 1364 1369 -edge_5_0_+disjointig_2_3588_44283 14101 15358 40695 -1 -1 1146 0.0204427
Chain
	Aln	8	-SRR33939694.17036/1 4 1254 1369 +edge_5_0_+disjointig_2_3588_44283 25336 26593 40695 -1 -1 1146 0.0204427
Chain
	Aln	8	+SRR33939694.16996/1 179 1244 1282 +edge_5_0_+disjointig_2_3588_44283 144 1223 40695 -1 -1 944 0.036755
Chain
	Aln	9	-SRR33939694.16996/1 37 1102 1282 -edge_5_0_+disjointig_2_3588_44283 39471 40550 40695 -1 -1 944 0.036755
Chain
	Aln	9	+SRR33939694.17069/1 144 1674 1690 -edge_5_0_+disjointig_2_3588_44283 9912 11461 40695 -1 -1 1388 0.0221932
Chain
	Aln	8	-SRR33939694.17069/1 15 1545 1690 +edge_5_0_+disjointig_2_3588_44283 29233 30782 40695 -1 -1 1388 0.0221932
Chain
	Aln	9	+SRR33939694.17087/1 107 1630 1641 -edge_5_0_+disjointig_2_3588_44283 6872 8417 40695 -1 -1 1321 0.030429
Chain
	Aln	8	-SRR33939694.17087/1 10 1533 1641 +edge_5_0_+disjointig_2_3588_44283 32277 33822 40695 -1 -1 1321 0.030429
Chain
	Aln	8	+SRR33939694.17149/1 108 1288 1290 +edge_5_0_+disjointig_2_3588_44283 31237 32455 40695 -1 -1 983 0.0381561
Chain
	Aln	9	-SRR33939694.17149/1 1 1181 1290 -edge_5_0_+disjointig_2_3588_44283 8239 9457 40695 -1 -1 983 0.0381561
Chain
	Aln	6	+SRR33939694.17111/1 621 2382 2384 +edge_4_0_+disjointig_1_22059_47419 21786 23545 25360 -1 -1 1674 0.0155249
Chain
	Aln	7	-SRR33939694.17111/1 1 1762 2384 -edge_4_0_+disjointig_1_22059_47419 1814 3573 25360 -1 -1 1674 0.0155249
Chain
	Aln	9	+SRR33939694.17164/1 123 1321 1323 -edge_5_0_+disjointig_2_3588_44283 2155 3343 40695 -1 -1 1144 0.012779
Chain
	Aln	8	-SRR33939694.17164/1 1 1199 1323 +edge_5_0_+disjointig_2_3588_44283 37351 38539 40695 -1 -1 1144 0.012779
Chain
	Aln	8	+SRR33939694.17162/1 149 1465 1467 +edge_5_0_+disjointig_2_3588_44283 643 1990 40695 -1 -1 877 0.059179
Chain
	Aln	9	-SRR33939694.17162/1 1 1317 1467 -edge_5_0_+disjointig_2_3588_44283 38704 40051 40695 -1 -1 877 0.059179
Chain
	Aln	9	+SRR33939694.16989/1 111 4811 4813 -edge_5_0_+disjointig_2_3588_44283 31949 36689 40695 -1 -1 3988 0.0305025
Chain
	Aln	8	-SRR33939694.16989/1 1 4701 4813 +edge_5_0_+disjointig_2_3588_44283 4005 8745 40695 -1 -1 3988 0.0305025
Chain
	Aln	9	+SRR33939694.17191/1 120 1137 1150 -edge_5_0_+disjointig_2_3588_44283 5342 6374 40695 -1 -1 723 0.0596403
Chain
	Aln	8	-SRR33939694.17191/1 12 1029 1150 +edge_5_0_+disjointig_2_3588_44283 34320 35352 40695 -1 -1 723 0.0596403
Chain
	Aln	8	+SRR33939694.17279/1 106 1262 1276 +edge_5_0_+disjointig_2_3588_44283 3408 4560 40695 -1 -1 1064 0.0214411
Chain
	Aln	9	-SRR33939694.17279/1 13 1169 1276 -edge_5_0_+disjointig_2_3588_44283 36134 37286 40695 -1 -1 1064 0.0214411
Chain
	Aln	8	+SRR33939694.17283/1 113 1215 1231 +edge_5_0_+disjointig_2_3588_44283 5519 6626 40695 -1 -1 901 0.0400211
Chain
	Aln	9	-SRR33939694.17283/1 15 1117 1231 -edge_5_0_+disjointig_2_3588_44283 34068 35175 40695 -1 -1 901 0.0400211
Chain
	Aln	1	+SRR33939694.17206/1 670 2760 2768 -edge_1_0_+disjointig_1_0_20896 18300 20393 20896 -1 -1 1836 0.0285852
Chain
	Aln	0	-SRR33939694.17206/1 7 2097 2768 +edge_1_0_+disjointig_1_0_20896 502 2595 20896 -1 -1 1836 0.0285852
Chain
	Aln	8	+SRR33939694.17312/1 103 1164 1197 +edge_5_0_+disjointig_2_3588_44283 30086 31146 40695 -1 -1 1013 0.0147336
Chain
	Aln	9	-SRR33939694.17312/1 32 1093 1197 -edge_5_0_+disjointig_2_3588_44283 9548 10608 40695 -1 -1 1013 0.0147336
Chain
	Aln	8	+SRR33939694.17560/1 111 1687 1689 +edge_5_0_+disjointig_2_3588_44283 12500 14088 40695 -1 -1 1292 0.0277302
Chain
	Aln	9	-SRR33939694.17560/1 1 1577 1689 -edge_5_0_+disjointig_2_3588_44283 26606 28194 40695 -1 -1 1292 0.0277302
Chain
	Aln	8	+SRR33939694.17599/1 108 1115 1118 +edge_5_0_+disjointig_2_3588_44283 11071 12071 40695 -1 -1 952 0.0193427
Chain
	Aln	9	-SRR33939694.17599/1 2 1009 1118 -edge_5_0_+disjointig_2_3588_44283 28623 29623 40695 -1 -1 952 0.0193427
Chain
	Aln	7	+SRR33939694.17430/1 760 1926 1928 -edge_4_0_+disjointig_1_22059_47419 20374 21556 25360 -1 -1 872 0.0432504
Chain
	Aln	6	-SRR33939694.17430/1 1 1167 1928 +edge_4_0_+disjointig_1_22059_47419 3803 4985 25360 -1 -1 872 0.0432504
Chain
	Aln	8	+SRR33939694.17622/1 129 1495 1498 +edge_5_0_+disjointig_2_3588_44283 24763 26153 40695 -1 -1 1230 0.0220138
Chain
	Aln	9	-SRR33939694.17622/1 2 1368 1498 -edge_5_0_+disjointig_2_3588_44283 14541 15931 40695 -1 -1 1230 0.0220138
Chain
	Aln	9	+SRR33939694.17677/1 132 1294 1299 -edge_5_0_+disjointig_2_3588_44283 22017 23182 40695 -1 -1 803 0.0564144
Chain
	Aln	8	-SRR33939694.17677/1 4 1166 1299 +edge_5_0_+disjointig_2_3588_44283 17512 18677 40695 -1 -1 803 0.0564144
Chain
	Aln	9	+SRR33939694.17636/1 119 1753 1759 -edge_5_0_+disjointig_2_3588_44283 22370 24039 40695 -1 -1 931 0.0704869
Chain
	Aln	8	-SRR33939694.17636/1 5 1639 1759 +edge_5_0_+disjointig_2_3588_44283 16655 18324 40695 -1 -1 931 0.0704869
Chain
	Aln	6	+SRR33939694.16961/1 420 8577 8579 +edge_4_0_+disjointig_1_22059_47419 13802 22003 25360 -1 -1 7456 0.020159
Chain
	Aln	7	-SRR33939694.16961/1 1 8158 8579 -edge_4_0_+disjointig_1_22059_47419 3356 11557 25360 -1 -1 7456 0.020159
Chain
	Aln	8	+SRR33939694.17737/1 118 1411 1413 +edge_5_0_+disjointig_2_3588_44283 27822 29113 40695 -1 -1 995 0.0386076
Chain
	Aln	9	-SRR33939694.17737/1 1 1294 1413 -edge_5_0_+disjointig_2_3588_44283 11581 12872 40695 -1 -1 995 0.0386076
Chain
	Aln	9	+SRR33939694.17717/1 120 1837 1841 -edge_5_0_+disjointig_2_3588_44283 10682 12424 40695 -1 -1 1625 0.0195988
Chain
	Aln	8	-SRR33939694.17717/1 3 1720 1841 +edge_5_0_+disjointig_2_3588_44283 28270 30012 40695 -1 -1 1625 0.0195988
Chain
	Aln	9	+SRR33939694.17799/1 111 1284 1312 -edge_5_0_+disjointig_2_3588_44283 3311 4476 40695 -1 -1 1007 0.0332304
Chain
	Aln	8	-SRR33939694.17799/1 27 1200 1312 +edge_5_0_+disjointig_2_3588_44283 36218 37383 40695 -1 -1 1007 0.0332304
Chain
	Aln	9	+SRR33939694.17818/1 108 1165 1167 -edge_5_0_+disjointig_2_3588_44283 21478 22565 40695 -1 -1 971 0.0254039
Chain
	Aln	8	-SRR33939694.17818/1 1 1058 1167 +edge_5_0_+disjointig_2_3588_44283 18129 19216 40695 -1 -1 971 0.0254039
Chain
	Aln	9	+SRR33939694.17875/1 117 1612 1614 -edge_5_0_+disjointig_2_3588_44283 18067 19575 40695 -1 -1 1406 0.0179065
Chain
	Aln	8	-SRR33939694.17875/1 1 1496 1614 +edge_5_0_+disjointig_2_3588_44283 21119 22627 40695 -1 -1 1406 0.0179065
Chain
	Aln	9	+SRR33939694.17850/1 113 1738 1760 -edge_5_0_+disjointig_2_3588_44283 35451 37072 40695 -1 -1 1419 0.0302855
Chain
	Aln	8	-SRR33939694.17850/1 21 1646 1760 +edge_5_0_+disjointig_2_3588_44283 3622 5243 40695 -1 -1 1419 0.0302855
Chain
	Aln	9	+SRR33939694.17956/1 120 1224 1226 -edge_5_0_+disjointig_2_3588_44283 36771 37888 40695 -1 -1 738 0.0491296
Chain
	Aln	8	-SRR33939694.17956/1 1 1105 1226 +edge_5_0_+disjointig_2_3588_44283 2806 3923 40695 -1 -1 738 0.0491296
Chain
	Aln	4	+SRR33939694.17957/1 128 1153 1155 +edge_3_0_-disjointig_2_41855_44283 739 1777 2428 -1 -1 907 0.032079
Chain
	Aln	5	-SRR33939694.17957/1 1 1026 1155 -edge_3_0_-disjointig_2_41855_44283 650 1688 2428 -1 -1 907 0.032079
Chain
	Aln	8	+SRR33939694.18017/1 114 1480 1486 +edge_5_0_+disjointig_2_3588_44283 13013 14390 40695 -1 -1 1132 0.038322
Chain
	Aln	9	-SRR33939694.18017/1 5 1371 1486 -edge_5_0_+disjointig_2_3588_44283 26304 27681 40695 -1 -1 1132 0.038322
Chain
	Aln	8	+SRR33939694.18031/1 114 1317 1322 +edge_5_0_+disjointig_2_3588_44283 20641 21849 40695 -1 -1 965 0.0408054
Chain
	Aln	9	-SRR33939694.18031/1 4 1207 1322 -edge_5_0_+disjointig_2_3588_44283 18845 20053 40695 -1 -1 965 0.0408054
Chain
	Aln	9	+SRR33939694.18030/1 109 1658 1660 -edge_5_0_+disjointig_2_3588_44283 7831 9386 40695 -1 -1 1488 0.0150809
Chain
	Aln	8	-SRR33939694.18030/1 1 1550 1660 +edge_5_0_+disjointig_2_3588_44283 31308 32863 40695 -1 -1 1488 0.0150809
Chain
	Aln	8	+SRR33939694.18039/1 106 1666 1685 +edge_5_0_+disjointig_2_3588_44283 37825 39408 40695 -1 -1 1012 0.0537597
Chain
	Aln	9	-SRR33939694.18039/1 18 1578 1685 -edge_5_0_+disjointig_2_3588_44283 1286 2869 40695 -1 -1 1012 0.0537597
Chain
	Aln	8	+SRR33939694.18105/1 125 1135 1141 +edge_5_0_+disjointig_2_3588_44283 6007 7026 40695 -1 -1 858 0.027478
Chain
	Aln	9	-SRR33939694.18105/1 5 1015 1141 -edge_5_0_+disjointig_2_3588_44283 33668 34687 40695 -1 -1 858 0.027478
Chain
	Aln	8	+SRR33939694.18149/1 117 1191 1193 +edge_5_0_+disjointig_2_3588_44283 30830 31897 40695 -1 -1 942 0.0263032
Chain
	Aln	9	-SRR33939694.18149/1 1 1075 1193 -edge_5_0_+disjointig_2_3588_44283 8797 9864 40695 -1 -1 942 0.0263032
Chain
	Aln	8	+SRR33939694.18124/1 105 1313 1315 +edge_5_0_+disjointig_2_3588_44283 31884 33090 40695 -1 -1 1143 0.0158272
Chain
	Aln	9	-SRR33939694.18124/1 1 1209 1315 -edge_5_0_+disjointig_2_3588_44283 7604 8810 40695 -1 -1 1143 0.0158272
Chain
	Aln	8	+SRR33939694.18186/1 90 1660 1662 +edge_5_0_+disjointig_2_3588_44283 24837 26410 40695 -1 -1 1396 0.0230422
Chain
	Aln	9	-SRR33939694.18186/1 1 1571 1662 -edge_5_0_+disjointig_2_3588_44283 14284 15857 40695 -1 -1 1396 0.0230422
Chain
	Aln	9	+SRR33939694.18354/1 120 1197 1200 -edge_5_0_+disjointig_2_3588_44283 32000 33104 40695 -1 -1 943 0.0246712
Chain
	Aln	8	-SRR33939694.18354/1 2 1079 1200 +edge_5_0_+disjointig_2_3588_44283 7590 8694 40695 -1 -1 943 0.0246712
Chain
	Aln	8	+SRR33939694.18257/1 109 1574 1576 +edge_5_0_+disjointig_2_3588_44283 3444 4906 40695 -1 -1 1194 0.0309275
Chain
	Aln	9	-SRR33939694.18257/1 1 1466 1576 -edge_5_0_+disjointig_2_3588_44283 35788 37250 40695 -1 -1 1194 0.0309275
Chain
	Aln	8	+SRR33939694.18412/1 113 1138 1140 +edge_5_0_+disjointig_2_3588_44283 25338 26374 40695 -1 -1 750 0.0507104
Chain
	Aln	9	-SRR33939694.18412/1 1 1026 1140 -edge_5_0_+disjointig_2_3588_44283 14320 15356 40695 -1 -1 750 0.0507104
Chain
	Aln	1	+SRR33939694.18401/1 114 1257 1259 -edge_1_0_+disjointig_1_0_20896 2847 3999 20896 -1 -1 1099 0.0159115
Chain
	Aln	0	-SRR33939694.18401/1 1 1144 1259 +edge_1_0_+disjointig_1_0_20896 16896 18048 20896 -1 -1 1099 0.0159115
Chain
	Aln	8	+SRR33939694.18419/1 106 1551 1554 +edge_5_0_+disjointig_2_3588_44283 26391 27868 40695 -1 -1 1124 0.0412279
Chain
	Aln	9	-SRR33939694.18419/1 2 1447 1554 -edge_5_0_+disjointig_2_3588_44283 12826 14303 40695 -1 -1 1124 0.0412279
Chain
	Aln	8	+SRR33939694.18454/1 111 1298 1300 +edge_5_0_+disjointig_2_3588_44283 17858 19048 40695 -1 -1 1115 0.019382
Chain
	Aln	9	-SRR33939694.18454/1 1 1188 1300 -edge_5_0_+disjointig_2_3588_44283 21646 22836 40695 -1 -1 1115 0.019382
Chain
	Aln	8	+SRR33939694.18473/1 115 1398 1402 +edge_5_0_+disjointig_2_3588_44283 12828 14120 40695 -1 -1 1011 0.0348206
Chain
	Aln	9	-SRR33939694.18473/1 3 1286 1402 -edge_5_0_+disjointig_2_3588_44283 26574 27866 40695 -1 -1 1011 0.0348206
Chain
	Aln	8	+SRR33939694.18476/1 119 1193 1204 +edge_5_0_+disjointig_2_3588_44283 14478 15563 40695 -1 -1 881 0.0363718
Chain
	Aln	9	-SRR33939694.18476/1 10 1084 1204 -edge_5_0_+disjointig_2_3588_44283 25131 26216 40695 -1 -1 881 0.0363718
Chain
	Aln	8	+SRR33939694.18475/1 135 1527 1548 +edge_5_0_+disjointig_2_3588_44283 34043 35431 40695 -1 -1 1351 0.007886
Chain
	Aln	9	-SRR33939694.18475/1 20 1412 1548 -edge_5_0_+disjointig_2_3588_44283 5263 6651 40695 -1 -1 1351 0.007886
Chain
	Aln	8	+SRR33939694.18576/1 142 1142 1158 +edge_5_0_+disjointig_2_3588_44283 30870 31883 40695 -1 -1 842 0.0350117
Chain
	Aln	9	-SRR33939694.18576/1 15 1015 1158 -edge_5_0_+disjointig_2_3588_44283 8811 9824 40695 -1 -1 842 0.0350117
Chain
	Aln	8	+SRR33939694.18493/1 106 1897 1914 +edge_5_0_+disjointig_2_3588_44283 20723 22509 40695 -1 -1 1582 0.0274965
Chain
	Aln	9	-SRR33939694.18493/1 16 1807 1914 -edge_5_0_+disjointig_2_3588_44283 18185 19971 40695 -1 -1 1582 0.0274965
Chain
	Aln	8	+SRR33939694.18553/1 110 1557 1568 +edge_5_0_+disjointig_2_3588_44283 21608 23058 40695 -1 -1 1312 0.0259969
Chain
	Aln	9	-SRR33939694.18553/1 10 1457 1568 -edge_5_0_+disjointig_2_3588_44283 17636 19086 40695 -1 -1 1312 0.0259969
Chain
	Aln	8	+SRR33939694.18513/1 123 2590 2592 +edge_5_0_+disjointig_2_3588_44283 12223 14686 40695 -1 -1 2264 0.014803
Chain
	Aln	9	-SRR33939694.18513/1 1 2468 2592 -edge_5_0_+disjointig_2_3588_44283 26008 28471 40695 -1 -1 2264 0.014803
Chain
	Aln	8	+SRR33939694.18652/1 109 1212 1227 +edge_5_0_+disjointig_2_3588_44283 13613 14724 40695 -1 -1 980 0.0239179
Chain
	Aln	9	-SRR33939694.18652/1 14 1117 1227 -edge_5_0_+disjointig_2_3588_44283 25970 27081 40695 -1 -1 980 0.0239179
Chain
	Aln	5	+SRR33939694.18668/1 111 1207 1211 -edge_3_0_-disjointig_2_41855_44283 1023 2136 2428 -1 -1 791 0.0528123
Chain
	Aln	4	-SRR33939694.18668/1 3 1099 1211 +edge_3_0_-disjointig_2_41855_44283 291 1404 2428 -1 -1 791 0.0528123
Chain
	Aln	8	+SRR33939694.18626/1 105 1640 1645 +edge_5_0_+disjointig_2_3588_44283 38744 40298 40695 -1 -1 1518 0.00949002
Chain
	Aln	9	-SRR33939694.18626/1 4 1539 1645 -edge_5_0_+disjointig_2_3588_44283 396 1950 40695 -1 -1 1518 0.00949002
Chain
	Aln	9	+SRR33939694.18688/1 115 1137 1144 -edge_5_0_+disjointig_2_3588_44283 9117 10138 40695 -1 -1 993 0.00813568
Chain
	Aln	8	-SRR33939694.18688/1 6 1028 1144 +edge_5_0_+disjointig_2_3588_44283 30556 31577 40695 -1 -1 993 0.00813568
Chain
	Aln	9	+SRR33939694.18692/1 113 1202 1204 -edge_5_0_+disjointig_2_3588_44283 10397 11488 40695 -1 -1 1067 0.00996255
Chain
	Aln	8	-SRR33939694.18692/1 1 1090 1204 +edge_5_0_+disjointig_2_3588_44283 29206 30297 40695 -1 -1 1067 0.00996255
Chain
	Aln	8	+SRR33939694.18737/1 102 1522 1543 +edge_5_0_+disjointig_2_3588_44283 32071 33494 40695 -1 -1 1326 0.0190039
Chain
	Aln	9	-SRR33939694.18737/1 20 1440 1543 -edge_5_0_+disjointig_2_3588_44283 7200 8623 40695 -1 -1 1326 0.0190039
Chain
	Aln	9	+SRR33939694.18778/1 113 1306 1312 -edge_5_0_+disjointig_2_3588_44283 2003 3214 40695 -1 -1 1044 0.0274944
Chain
	Aln	8	-SRR33939694.18778/1 5 1198 1312 +edge_5_0_+disjointig_2_3588_44283 37480 38691 40695 -1 -1 1044 0.0274944
Chain
	Aln	9	+SRR33939694.18798/1 115 1312 1319 -edge_5_0_+disjointig_2_3588_44283 17919 19133 40695 -1 -1 1132 0.0239553
Chain
	Aln	8	-SRR33939694.18798/1 6 1203 1319 +edge_5_0_+disjointig_2_3588_44283 21561 22775 40695 -1 -1 1132 0.0239553
Chain
	Aln	9	+SRR33939694.18809/1 120 1986 1988 -edge_5_0_+disjointig_2_3588_44283 33410 35272 40695 -1 -1 1728 0.0194565
Chain
	Aln	8	-SRR33939694.18809/1 1 1867 1988 +edge_5_0_+disjointig_2_3588_44283 5422 7284 40695 -1 -1 1728 0.0194565
Chain
	Aln	8	+SRR33939694.18868/1 112 1245 1247 +edge_5_0_+disjointig_2_3588_44283 22944 24086 40695 -1 -1 1019 0.0252193
Chain
	Aln	9	-SRR33939694.18868/1 1 1134 1247 -edge_5_0_+disjointig_2_3588_44283 16608 17750 40695 -1 -1 1019 0.0252193
Chain
	Aln	8	+SRR33939694.18913/1 121 1185 1188 +edge_5_0_+disjointig_2_3588_44283 35267 36346 40695 -1 -1 847 0.0387246
Chain
	Aln	9	-SRR33939694.18913/1 2 1066 1188 -edge_5_0_+disjointig_2_3588_44283 4348 5427 40695 -1 -1 847 0.0387246
Chain
	Aln	8	+SRR33939694.18929/1 130 1178 1180 +edge_5_0_+disjointig_2_3588_44283 19684 20745 40695 -1 -1 961 0.0206546
Chain
	Aln	9	-SRR33939694.18929/1 1 1049 1180 -edge_5_0_+disjointig_2_3588_44283 19949 21010 40695 -1 -1 961 0.0206546
Chain
	Aln	8	+SRR33939694.18942/1 118 1188 1192 +edge_5_0_+disjointig_2_3588_44283 37577 38644 40695 -1 -1 942 0.0293452
Chain
	Aln	9	-SRR33939694.18942/1 3 1073 1192 -edge_5_0_+disjointig_2_3588_44283 2050 3117 40695 -1 -1 942 0.0293452
Chain
	Aln	1	+SRR33939694.18940/1 602 2613 2615 -edge_1_0_+disjointig_1_0_20896 5702 7741 20896 -1 -1 1423 0.0464299
Chain
	Aln	0	-SRR33939694.18940/1 1 2012 2615 +edge_1_0_+disjointig_1_0_20896 13154 15193 20896 -1 -1 1423 0.0464299
Chain
	Aln	9	+SRR33939694.18994/1 109 1634 1643 -edge_5_0_+disjointig_2_3588_44283 11883 13435 40695 -1 -1 1327 0.0254382
Chain
	Aln	8	-SRR33939694.18994/1 8 1533 1643 +edge_5_0_+disjointig_2_3588_44283 27259 28811 40695 -1 -1 1327 0.0254382
Chain
	Aln	9	+SRR33939694.19012/1 116 1258 1260 -edge_5_0_+disjointig_2_3588_44283 3644 4786 40695 -1 -1 961 0.031215
Chain
	Aln	8	-SRR33939694.19012/1 1 1143 1260 +edge_5_0_+disjointig_2_3588_44283 35908 37050 40695 -1 -1 961 0.031215
Chain
	Aln	9	+SRR33939694.19025/1 113 1529 1537 -edge_5_0_+disjointig_2_3588_44283 23010 24444 40695 -1 -1 1019 0.0468418
Chain
	Aln	8	-SRR33939694.19025/1 7 1423 1537 +edge_5_0_+disjointig_2_3588_44283 16250 17684 40695 -1 -1 1019 0.0468418
Chain
	Aln	9	+SRR33939694.17712/1 117 17016 17018 -edge_5_0_+disjointig_2_3588_44283 6536 23622 40695 -1 -1 13570 0.0331396
Chain
	Aln	8	-SRR33939694.17712/1 1 16900 17018 +edge_5_0_+disjointig_2_3588_44283 17072 34158 40695 -1 -1 13570 0.0331396
Chain
	Aln	8	+SRR33939694.19037/1 150 1320 1333 +edge_5_0_+disjointig_2_3588_44283 25535 26714 40695 -1 -1 959 0.0322204
Chain
	Aln	9	-SRR33939694.19037/1 12 1182 1333 -edge_5_0_+disjointig_2_3588_44283 13980 15159 40695 -1 -1 959 0.0322204
Chain
	Aln	4	+SRR33939694.19043/1 110 1329 1349 +edge_3_0_-disjointig_2_41855_44283 1207 2423 2428 -1 -1 1143 0.0171958
Chain
	Aln	5	-SRR33939694.19043/1 19 1238 1349 -edge_3_0_-disjointig_2_41855_44283 4 1220 2428 -1 -1 1143 0.0171958
Chain
	Aln	9	+SRR33939694.19051/1 112 1402 1417 -edge_5_0_+disjointig_2_3588_44283 22159 23434 40695 -1 -1 1131 0.0251696
Chain
	Aln	8	-SRR33939694.19051/1 14 1304 1417 +edge_5_0_+disjointig_2_3588_44283 17260 18535 40695 -1 -1 1131 0.0251696
Chain
	Aln	2	+SRR33939694.19053/1 117 1147 1228 +edge_2_1_+disjointig_2_2428_3588 118 1158 1160 -1 -1 1001 0.00843931
Chain
	Aln	3	-SRR33939694.19053/1 80 1110 1228 -edge_2_1_+disjointig_2_2428_3588 1 1041 1160 -1 -1 1001 0.00843931
Chain
	Aln	8	+SRR33939694.19059/1 128 1595 1618 +edge_5_0_+disjointig_2_3588_44283 9957 11416 40695 -1 -1 1127 0.0361941
Chain
	Aln	9	-SRR33939694.19059/1 22 1489 1618 -edge_5_0_+disjointig_2_3588_44283 29278 30737 40695 -1 -1 1127 0.0361941
Chain
	Aln	8	+SRR33939694.19187/1 112 1112 1128 +edge_5_0_+disjointig_2_3588_44283 16270 17279 40695 -1 -1 961 0.0162961
Chain
	Aln	9	-SRR33939694.19187/1 15 1015 1128 -edge_5_0_+disjointig_2_3588_44283 23415 24424 40695 -1 -1 961 0.0162961
Chain
	Aln	9	+SRR33939694.19142/1 114 1439 1497 -edge_5_0_+disjointig_2_3588_44283 39353 40686 40695 -1 -1 1143 0.0332183
Chain
	Aln	8	-SRR33939694.19142/1 57 1382 1497 +edge_5_0_+disjointig_2_3588_44283 8 1341 40695 -1 -1 1143 0.0332183
Chain
	Aln	9	+SRR33939694.19254/1 109 1366 1369 -edge_5_0_+disjointig_2_3588_44283 6633 7897 40695 -1 -1 1154 0.0221788
Chain
	Aln	8	-SRR33939694.19254/1 2 1259 1369 +edge_5_0_+disjointig_2_3588_44283 32797 34061 40695 -1 -1 1154 0.0221788
Chain
	Aln	8	+SRR33939694.19236/1 120 1663 1665 +edge_5_0_+disjointig_2_3588_44283 27669 29194 40695 -1 -1 1323 0.0287134
Chain
	Aln	9	-SRR33939694.19236/1 1 1544 1665 -edge_5_0_+disjointig_2_3588_44283 11500 13025 40695 -1 -1 1323 0.0287134
Chain
	Aln	9	+SRR33939694.19338/1 101 1126 1152 -edge_5_0_+disjointig_2_3588_44283 3505 4532 40695 -1 -1 744 0.0387366
Chain
	Aln	8	-SRR33939694.19338/1 25 1050 1152 +edge_5_0_+disjointig_2_3588_44283 36162 37189 40695 -1 -1 744 0.0387366
Chain
	Aln	9	+SRR33939694.19381/1 109 1173 1184 -edge_5_0_+disjointig_2_3588_44283 1978 3045 40695 -1 -1 787 0.0417648
Chain
	Aln	8	-SRR33939694.19381/1 10 1074 1184 +edge_5_0_+disjointig_2_3588_44283 37649 38716 40695 -1 -1 787 0.0417648
Chain
	Aln	9	+SRR33939694.19323/1 372 1971 1977 -edge_5_0_+disjointig_2_3588_44283 31657 33253 40695 -1 -1 1455 0.0241174
Chain
	Aln	8	-SRR33939694.19323/1 5 1604 1977 +edge_5_0_+disjointig_2_3588_44283 7441 9037 40695 -1 -1 1455 0.0241174
Chain
	Aln	9	+SRR33939694.19386/1 112 1326 1400 -edge_5_0_+disjointig_2_3588_44283 34279 35504 40695 -1 -1 1109 0.0251456
Chain
	Aln	8	-SRR33939694.19386/1 73 1287 1400 +edge_5_0_+disjointig_2_3588_44283 5190 6415 40695 -1 -1 1109 0.0251456
Chain
	Aln	0	+SRR33939694.19277/1 401 3135 3152 +edge_1_0_+disjointig_1_0_20896 10100 12849 20896 -1 -1 2354 0.0289719
Chain
	Aln	1	-SRR33939694.19277/1 16 2750 3152 -edge_1_0_+disjointig_1_0_20896 8046 10795 20896 -1 -1 2354 0.0289719
Chain
	Aln	8	+SRR33939694.19425/1 156 2439 2456 +edge_5_0_+disjointig_2_3588_44283 5467 7735 40695 -1 -1 1524 0.0526984
Chain
	Aln	9	-SRR33939694.19425/1 16 2299 2456 -edge_5_0_+disjointig_2_3588_44283 32959 35227 40695 -1 -1 1524 0.0526984
Chain
	Aln	9	+SRR33939694.19466/1 144 1605 1608 -edge_5_0_+disjointig_2_3588_44283 17252 18723 40695 -1 -1 1319 0.0244287
Chain
	Aln	8	-SRR33939694.19466/1 2 1463 1608 +edge_5_0_+disjointig_2_3588_44283 21971 23442 40695 -1 -1 1319 0.0244287
Chain
	Aln	9	+SRR33939694.19514/1 114 1202 1219 -edge_5_0_+disjointig_2_3588_44283 31075 32164 40695 -1 -1 1061 0.00877758
Chain
	Aln	8	-SRR33939694.19514/1 16 1104 1219 +edge_5_0_+disjointig_2_3588_44283 8530 9619 40695 -1 -1 1061 0.00877758
Chain
	Aln	8	+SRR33939694.19467/1 115 1427 1429 +edge_5_0_+disjointig_2_3588_44283 4218 5545 40695 -1 -1 1129 0.0311169
Chain
	Aln	9	-SRR33939694.19467/1 1 1313 1429 -edge_5_0_+disjointig_2_3588_44283 35149 36476 40695 -1 -1 1129 0.0311169
Chain
	Aln	9	+SRR33939694.19558/1 142 1244 1258 -edge_5_0_+disjointig_2_3588_44283 5899 7013 40695 -1 -1 930 0.0364316
Chain
	Aln	8	-SRR33939694.19558/1 13 1115 1258 +edge_5_0_+disjointig_2_3588_44283 33681 34795 40695 -1 -1 930 0.0364316
Chain
	Aln	8	+SRR33939694.19580/1 176 1320 1322 +edge_5_0_+disjointig_2_3588_44283 19605 20771 40695 -1 -1 770 0.0608444
Chain
	Aln	9	-SRR33939694.19580/1 1 1145 1322 -edge_5_0_+disjointig_2_3588_44283 19923 21089 40695 -1 -1 770 0.0608444
Chain
	Aln	9	+SRR33939694.19596/1 130 1581 1585 -edge_5_0_+disjointig_2_3588_44283 11975 13450 40695 -1 -1 953 0.0603649
Chain
	Aln	8	-SRR33939694.19596/1 3 1454 1585 +edge_5_0_+disjointig_2_3588_44283 27244 28719 40695 -1 -1 953 0.0603649
Chain
	Aln	8	+SRR33939694.19582/1 141 1277 1279 +edge_5_0_+disjointig_2_3588_44283 26408 27544 40695 -1 -1 1118 0.00679179
Chain
	Aln	9	-SRR33939694.19582/1 1 1137 1279 -edge_5_0_+disjointig_2_3588_44283 13150 14286 40695 -1 -1 1118 0.00679179
Chain
	Aln	8	+SRR33939694.19648/1 114 1123 1125 +edge_5_0_+disjointig_2_3588_44283 24947 25960 40695 -1 -1 940 0.015688
Chain
	Aln	9	-SRR33939694.19648/1 1 1010 1125 -edge_5_0_+disjointig_2_3588_44283 14734 15747 40695 -1 -1 940 0.015688
Chain
	Aln	8	+SRR33939694.19654/1 113 1218 1222 +edge_5_0_+disjointig_2_3588_44283 29389 30507 40695 -1 -1 1080 0.0155733
Chain
	Aln	9	-SRR33939694.19654/1 3 1108 1222 -edge_5_0_+disjointig_2_3588_44283 10187 11305 40695 -1 -1 1080 0.0155733
Chain
	Aln	9	+SRR33939694.19711/1 113 1275 1277 -edge_5_0_+disjointig_2_3588_44283 24742 25919 40695 -1 -1 1112 0.0171074
Chain
	Aln	8	-SRR33939694.19711/1 1 1163 1277 +edge_5_0_+disjointig_2_3588_44283 14775 15952 40695 -1 -1 1112 0.0171074
Chain
	Aln	9	+SRR33939694.19746/1 114 1214 1216 -edge_5_0_+disjointig_2_3588_44283 23779 24896 40695 -1 -1 1001 0.0277611
Chain
	Aln	8	-SRR33939694.19746/1 1 1101 1216 +edge_5_0_+disjointig_2_3588_44283 15798 16915 40695 -1 -1 1001 0.0277611
Chain
	Aln	9	+SRR33939694.19895/1 111 1140 1150 -edge_5_0_+disjointig_2_3588_44283 30008 31045 40695 -1 -1 989 0.0160122
Chain
	Aln	8	-SRR33939694.19895/1 9 1038 1150 +edge_5_0_+disjointig_2_3588_44283 9649 10686 40695 -1 -1 989 0.0160122
Chain
	Aln	6	+SRR33939694.19713/1 168 2719 2723 +edge_4_0_+disjointig_1_22059_47419 6982 9531 25360 -1 -1 2354 0.0186758
Chain
	Aln	7	-SRR33939694.19713/1 3 2554 2723 -edge_4_0_+disjointig_1_22059_47419 15828 18377 25360 -1 -1 2354 0.0186758
Chain
	Aln	7	+SRR33939694.19828/1 294 1873 1921 -edge_4_0_+disjointig_1_22059_47419 23773 25359 25360 -1 -1 1422 0.0212448
Chain
	Aln	6	-SRR33939694.19828/1 47 1626 1921 +edge_4_0_+disjointig_1_22059_47419 0 1586 25360 -1 -1 1422 0.0212448
Chain
	Aln	8	+SRR33939694.20081/1 111 1206 1208 +edge_5_0_+disjointig_2_3588_44283 27065 28154 40695 -1 -1 1045 0.0129935
Chain
	Aln	9	-SRR33939694.20081/1 1 1096 1208 -edge_5_0_+disjointig_2_3588_44283 12540 13629 40695 -1 -1 1045 0.0129935
Chain
	Aln	9	+SRR33939694.19926/1 118 2221 2251 -edge_5_0_+disjointig_2_3588_44283 16038 18163 40695 -1 -1 1595 0.0400746
Chain
	Aln	8	-SRR33939694.19926/1 29 2132 2251 +edge_5_0_+disjointig_2_3588_44283 22531 24656 40695 -1 -1 1595 0.0400746
Chain
	Aln	9	+SRR33939694.20119/1 108 1184 1186 -edge_5_0_+disjointig_2_3588_44283 35252 36335 40695 -1 -1 1006 0.0203056
Chain
	Aln	8	-SRR33939694.20119/1 1 1077 1186 +edge_5_0_+disjointig_2_3588_44283 4359 5442 40695 -1 -1 1006 0.0203056
Chain
	Aln	8	+SRR33939694.20188/1 103 1197 1199 +edge_5_0_+disjointig_2_3588_44283 14685 15779 40695 -1 -1 796 0.0425651
Chain
	Aln	9	-SRR33939694.20188/1 1 1095 1199 -edge_5_0_+disjointig_2_3588_44283 24915 26009 40695 -1 -1 796 0.0425651
Chain
	Aln	9	+SRR33939694.20121/1 108 1893 1898 -edge_5_0_+disjointig_2_3588_44283 9614 11396 40695 -1 -1 1375 0.0428899
Chain
	Aln	8	-SRR33939694.20121/1 4 1789 1898 +edge_5_0_+disjointig_2_3588_44283 29298 31080 40695 -1 -1 1375 0.0428899
Chain
	Aln	9	+SRR33939694.20220/1 145 1392 1396 -edge_5_0_+disjointig_2_3588_44283 10657 11925 40695 -1 -1 1069 0.040062
Chain
	Aln	8	-SRR33939694.20220/1 3 1250 1396 +edge_5_0_+disjointig_2_3588_44283 28769 30037 40695 -1 -1 1069 0.040062
Chain
	Aln	8	+SRR33939694.20198/1 107 1731 1733 +edge_5_0_+disjointig_2_3588_44283 31393 33005 40695 -1 -1 1585 0.0121709
Chain
	Aln	9	-SRR33939694.20198/1 1 1625 1733 -edge_5_0_+disjointig_2_3588_44283 7689 9301 40695 -1 -1 1585 0.0121709
Chain
	Aln	9	+SRR33939694.20257/1 111 1376 1378 -edge_5_0_+disjointig_2_3588_44283 38901 40186 40695 -1 -1 1176 0.0193983
Chain
	Aln	8	-SRR33939694.20257/1 1 1266 1378 +edge_5_0_+disjointig_2_3588_44283 508 1793 40695 -1 -1 1176 0.0193983
Chain
	Aln	8	+SRR33939694.20279/1 112 1177 1179 +edge_5_0_+disjointig_2_3588_44283 31033 32112 40695 -1 -1 1029 0.0187967
Chain
	Aln	9	-SRR33939694.20279/1 1 1066 1179 -edge_5_0_+disjointig_2_3588_44283 8582 9661 40695 -1 -1 1029 0.0187967
Chain
	Aln	9	+SRR33939694.20274/1 125 1556 1862 -edge_5_0_+disjointig_2_3588_44283 39233 40678 40695 -1 -1 1169 0.0349351
Chain
	Aln	8	-SRR33939694.20274/1 305 1736 1862 +edge_5_0_+disjointig_2_3588_44283 16 1461 40695 -1 -1 1169 0.0349351
Chain
	Aln	8	+SRR33939694.20280/1 112 1551 1554 +edge_5_0_+disjointig_2_3588_44283 21744 23182 40695 -1 -1 1390 0.00969439
Chain
	Aln	9	-SRR33939694.20280/1 2 1441 1554 -edge_5_0_+disjointig_2_3588_44283 17512 18950 40695 -1 -1 1390 0.00969439
Chain
	Aln	9	+SRR33939694.20299/1 132 1168 1179 -edge_5_0_+disjointig_2_3588_44283 28494 29541 40695 -1 -1 923 0.0239542
Chain
	Aln	8	-SRR33939694.20299/1 10 1046 1179 +edge_5_0_+disjointig_2_3588_44283 11153 12200 40695 -1 -1 923 0.0239542
Chain
	Aln	9	+SRR33939694.20294/1 118 1554 1559 -edge_5_0_+disjointig_2_3588_44283 34566 36004 40695 -1 -1 1361 0.0153759
Chain
	Aln	8	-SRR33939694.20294/1 4 1440 1559 +edge_5_0_+disjointig_2_3588_44283 4690 6128 40695 -1 -1 1361 0.0153759
Chain
	Aln	8	+SRR33939694.20365/1 117 1146 1185 +edge_5_0_+disjointig_2_3588_44283 6703 7732 40695 -1 -1 939 0.0192488
Chain
	Aln	9	-SRR33939694.20365/1 38 1067 1185 -edge_5_0_+disjointig_2_3588_44283 32962 33991 40695 -1 -1 939 0.0192488
Chain
	Aln	8	+SRR33939694.20304/1 115 1233 1235 +edge_5_0_+disjointig_2_3588_44283 17371 18488 40695 -1 -1 1062 0.0148909
Chain
	Aln	9	-SRR33939694.20304/1 1 1119 1235 -edge_5_0_+disjointig_2_3588_44283 22206 23323 40695 -1 -1 1062 0.0148909
Chain
	Aln	8	+SRR33939694.20406/1 119 1482 1484 +edge_5_0_+disjointig_2_3588_44283 10185 11555 40695 -1 -1 1281 0.018866
Chain
	Aln	9	-SRR33939694.20406/1 1 1364 1484 -edge_5_0_+disjointig_2_3588_44283 29139 30509 40695 -1 -1 1281 0.018866
Chain
	Aln	9	+SRR33939694.20584/1 106 1616 1701 -edge_5_0_+disjointig_2_3588_44283 15398 16924 40695 -1 -1 1252 0.031256
Chain
	Aln	8	-SRR33939694.20584/1 84 1594 1701 +edge_5_0_+disjointig_2_3588_44283 23770 25296 40695 -1 -1 1252 0.031256
Chain
	Aln	9	+SRR33939694.20597/1 109 1307 1309 -edge_5_0_+disjointig_2_3588_44283 13638 14846 40695 -1 -1 1049 0.0293213
Chain
	Aln	8	-SRR33939694.20597/1 1 1199 1309 +edge_5_0_+disjointig_2_3588_44283 25848 27056 40695 -1 -1 1049 0.0293213
Chain
	Aln	9	+SRR33939694.20629/1 117 1140 1145 -edge_5_0_+disjointig_2_3588_44283 3639 4663 40695 -1 -1 994 0.016096
Chain
	Aln	8	-SRR33939694.20629/1 4 1027 1145 +edge_5_0_+disjointig_2_3588_44283 36031 37055 40695 -1 -1 994 0.016096
Chain
	Aln	6	+SRR33939694.20548/1 233 2332 2341 +edge_4_0_+disjointig_1_22059_47419 13273 15381 25360 -1 -1 1645 0.0389486
Chain
	Aln	7	-SRR33939694.20548/1 8 2107 2341 -edge_4_0_+disjointig_1_22059_47419 9978 12086 25360 -1 -1 1645 0.0389486
Chain
	Aln	4	+SRR33939694.20632/1 110 1293 1295 +edge_3_0_-disjointig_2_41855_44283 604 1813 2428 -1 -1 1090 0.0156848
Chain
	Aln	5	-SRR33939694.20632/1 1 1184 1295 -edge_3_0_-disjointig_2_41855_44283 614 1823 2428 -1 -1 1090 0.0156848
Chain
	Aln	9	+SRR33939694.20681/1 122 1245 1248 -edge_5_0_+disjointig_2_3588_44283 6690 7821 40695 -1 -1 1067 0.0168743
Chain
	Aln	8	-SRR33939694.20681/1 2 1125 1248 +edge_5_0_+disjointig_2_3588_44283 32873 34004 40695 -1 -1 1067 0.0168743
Chain
	Aln	8	+SRR33939694.20570/1 112 3241 3270 +edge_5_0_+disjointig_2_3588_44283 6588 9757 40695 -1 -1 2405 0.0403563
Chain
	Aln	9	-SRR33939694.20570/1 28 3157 3270 -edge_5_0_+disjointig_2_3588_44283 30937 34106 40695 -1 -1 2405 0.0403563
Chain
	Aln	6	+SRR33939694.19575/1 281 11705 11728 +edge_4_0_+disjointig_1_22059_47419 11239 22697 25360 -1 -1 9641 0.0288627
Chain
	Aln	7	-SRR33939694.19575/1 22 11446 11728 -edge_4_0_+disjointig_1_22059_47419 2662 14120 25360 -1 -1 9641 0.0288627
Chain
	Aln	8	+SRR33939694.20645/1 110 1695 1730 +edge_5_0_+disjointig_2_3588_44283 2190 3774 40695 -1 -1 1178 0.0482613
Chain
	Aln	9	-SRR33939694.20645/1 34 1619 1730 -edge_5_0_+disjointig_2_3588_44283 36920 38504 40695 -1 -1 1178 0.0482613
Chain
	Aln	9	+SRR33939694.20821/1 114 1152 1190 -edge_5_0_+disjointig_2_3588_44283 28624 29662 40695 -1 -1 884 0.0263037
Chain
	Aln	8	-SRR33939694.20821/1 37 1075 1190 +edge_5_0_+disjointig_2_3588_44283 11032 12070 40695 -1 -1 884 0.0263037
Chain
	Aln	9	+SRR33939694.20787/1 110 1402 1407 -edge_5_0_+disjointig_2_3588_44283 22747 24047 40695 -1 -1 1093 0.0306658
Chain
	Aln	8	-SRR33939694.20787/1 4 1296 1407 +edge_5_0_+disjointig_2_3588_44283 16647 17947 40695 -1 -1 1093 0.0306658
Chain
	Aln	9	+SRR33939694.20766/1 137 1876 1880 -edge_5_0_+disjointig_2_3588_44283 30372 32110 40695 -1 -1 1552 0.0224973
Chain
	Aln	8	-SRR33939694.20766/1 3 1742 1880 +edge_5_0_+disjointig_2_3588_44283 8584 10322 40695 -1 -1 1552 0.0224973
Chain
	Aln	9	+SRR33939694.20780/1 266 2306 2309 -edge_5_0_+disjointig_2_3588_44283 27515 29553 40695 -1 -1 1689 0.0346315
Chain
	Aln	8	-SRR33939694.20780/1 2 2042 2309 +edge_5_0_+disjointig_2_3588_44283 11141 13179 40695 -1 -1 1689 0.0346315
Chain
	Aln	8	+SRR33939694.20827/1 117 1201 1219 +edge_5_0_+disjointig_2_3588_44283 21660 22734 40695 -1 -1 1027 0.0197487
Chain
	Aln	9	-SRR33939694.20827/1 17 1101 1219 -edge_5_0_+disjointig_2_3588_44283 17960 19034 40695 -1 -1 1027 0.0197487
Chain
	Aln	9	+SRR33939694.20874/1 135 1142 1192 -edge_5_0_+disjointig_2_3588_44283 36372 37372 40695 -1 -1 756 0.0426679
Chain
	Aln	8	-SRR33939694.20874/1 49 1056 1192 +edge_5_0_+disjointig_2_3588_44283 3322 4322 40695 -1 -1 756 0.0426679
Chain
	Aln	8	+SRR33939694.20907/1 104 1115 1119 +edge_5_0_+disjointig_2_3588_44283 17047 18074 40695 -1 -1 877 0.0363486
Chain
	Aln	9	-SRR33939694.20907/1 3 1014 1119 -edge_5_0_+disjointig_2_3588_44283 22620 23647 40695 -1 -1 877 0.0363486
Chain
	Aln	9	+SRR33939694.20852/1 108 1963 1965 -edge_5_0_+disjointig_2_3588_44283 4451 6318 40695 -1 -1 1533 0.0294707
Chain
	Aln	8	-SRR33939694.20852/1 1 1856 1965 +edge_5_0_+disjointig_2_3588_44283 34376 36243 40695 -1 -1 1533 0.0294707
Chain
	Aln	9	+SRR33939694.20942/1 110 1253 1255 -edge_5_0_+disjointig_2_3588_44283 6804 7939 40695 -1 -1 1056 0.02107
Chain
	Aln	8	-SRR33939694.20942/1 1 1144 1255 +edge_5_0_+disjointig_2_3588_44283 32755 33890 40695 -1 -1 1056 0.02107
Chain
	Aln	9	+SRR33939694.21011/1 106 1421 1424 -edge_5_0_+disjointig_2_3588_44283 1655 2970 40695 -1 -1 1079 0.0318771
Chain
	Aln	8	-SRR33939694.21011/1 2 1317 1424 +edge_5_0_+disjointig_2_3588_44283 37724 39039 40695 -1 -1 1079 0.0318771
Chain
	Aln	8	+SRR33939694.21020/1 119 1124 1126 +edge_5_0_+disjointig_2_3588_44283 24699 25716 40695 -1 -1 839 0.0344062
Chain
	Aln	9	-SRR33939694.21020/1 1 1006 1126 -edge_5_0_+disjointig_2_3588_44283 14978 15995 40695 -1 -1 839 0.0344062
Chain
	Aln	8	+SRR33939694.21046/1 108 1215 1218 +edge_5_0_+disjointig_2_3588_44283 2294 3400 40695 -1 -1 1012 0.0241051
Chain
	Aln	9	-SRR33939694.21046/1 2 1109 1218 -edge_5_0_+disjointig_2_3588_44283 37294 38400 40695 -1 -1 1012 0.0241051
Chain
	Aln	8	+SRR33939694.21073/1 136 1241 1243 +edge_5_0_+disjointig_2_3588_44283 23371 24485 40695 -1 -1 936 0.0347854
Chain
	Aln	9	-SRR33939694.21073/1 1 1106 1243 -edge_5_0_+disjointig_2_3588_44283 16209 17323 40695 -1 -1 936 0.0347854
Chain
	Aln	9	+SRR33939694.21089/1 133 1230 1234 -edge_5_0_+disjointig_2_3588_44283 24155 25246 40695 -1 -1 960 0.0244595
Chain
	Aln	8	-SRR33939694.21089/1 3 1100 1234 +edge_5_0_+disjointig_2_3588_44283 15448 16539 40695 -1 -1 960 0.0244595
Chain
	Aln	8	+SRR33939694.21054/1 115 1549 1551 +edge_5_0_+disjointig_2_3588_44283 16964 18439 40695 -1 -1 1286 0.0261867
Chain
	Aln	9	-SRR33939694.21054/1 1 1435 1551 -edge_5_0_+disjointig_2_3588_44283 22255 23730 40695 -1 -1 1286 0.0261867
Chain
	Aln	9	+SRR33939694.21107/1 110 1216 1220 -edge_5_0_+disjointig_2_3588_44283 18904 20017 40695 -1 -1 942 0.0286592
Chain
	Aln	8	-SRR33939694.21107/1 3 1109 1220 +edge_5_0_+disjointig_2_3588_44283 20677 21790 40695 -1 -1 942 0.0286592
Chain
	Aln	8	+SRR33939694.21170/1 111 1282 1284 +edge_5_0_+disjointig_2_3588_44283 9149 10333 40695 -1 -1 1110 0.0123323
Chain
	Aln	9	-SRR33939694.21170/1 1 1172 1284 -edge_5_0_+disjointig_2_3588_44283 30361 31545 40695 -1 -1 1110 0.0123323
Chain
	Aln	8	+SRR33939694.21159/1 108 1737 1750 +edge_5_0_+disjointig_2_3588_44283 10464 12075 40695 -1 -1 1513 0.0143475
Chain
	Aln	9	-SRR33939694.21159/1 12 1641 1750 -edge_5_0_+disjointig_2_3588_44283 28619 30230 40695 -1 -1 1513 0.0143475
Chain
	Aln	9	+SRR33939694.21242/1 116 1341 1343 -edge_5_0_+disjointig_2_3588_44283 30836 32057 40695 -1 -1 1137 0.0192583
Chain
	Aln	8	-SRR33939694.21242/1 1 1226 1343 +edge_5_0_+disjointig_2_3588_44283 8637 9858 40695 -1 -1 1137 0.0192583
Chain
	Aln	9	+SRR33939694.21247/1 137 1553 1555 -edge_5_0_+disjointig_2_3588_44283 22294 23731 40695 -1 -1 1030 0.0510166
Chain
	Aln	8	-SRR33939694.21247/1 1 1417 1555 +edge_5_0_+disjointig_2_3588_44283 16963 18400 40695 -1 -1 1030 0.0510166
Chain
	Aln	9	+SRR33939694.21264/1 107 1112 1119 -edge_5_0_+disjointig_2_3588_44283 8075 9084 40695 -1 -1 835 0.0360578
Chain
	Aln	8	-SRR33939694.21264/1 6 1011 1119 +edge_5_0_+disjointig_2_3588_44283 31610 32619 40695 -1 -1 835 0.0360578
Chain
	Aln	8	+SRR33939694.21255/1 133 1505 1507 +edge_5_0_+disjointig_2_3588_44283 8981 10350 40695 -1 -1 1243 0.019368
Chain
	Aln	9	-SRR33939694.21255/1 1 1373 1507 -edge_5_0_+disjointig_2_3588_44283 30344 31713 40695 -1 -1 1243 0.019368
Chain
	Aln	8	+SRR33939694.21273/1 115 1146 1150 +edge_5_0_+disjointig_2_3588_44283 15964 17009 40695 -1 -1 949 0.0218475
Chain
	Aln	9	-SRR33939694.21273/1 3 1034 1150 -edge_5_0_+disjointig_2_3588_44283 23685 24730 40695 -1 -1 949 0.0218475
Chain
	Aln	7	+SRR33939694.21271/1 244 2039 2041 -edge_4_0_+disjointig_1_22059_47419 19879 21679 25360 -1 -1 1646 0.0189414
Chain
	Aln	6	-SRR33939694.21271/1 1 1796 2041 +edge_4_0_+disjointig_1_22059_47419 3680 5480 25360 -1 -1 1646 0.0189414
Chain
	Aln	8	+SRR33939694.21292/1 114 1689 1692 +edge_5_0_+disjointig_2_3588_44283 36726 38297 40695 -1 -1 1434 0.0222373
Chain
	Aln	9	-SRR33939694.21292/1 2 1577 1692 -edge_5_0_+disjointig_2_3588_44283 2397 3968 40695 -1 -1 1434 0.0222373
Chain
	Aln	1	+SRR33939694.21266/1 427 2985 2991 -edge_1_0_+disjointig_1_0_20896 7576 10153 20896 -1 -1 2421 0.0178314
Chain
	Aln	0	-SRR33939694.21266/1 5 2563 2991 +edge_1_0_+disjointig_1_0_20896 10742 13319 20896 -1 -1 2421 0.0178314
Chain
	Aln	9	+SRR33939694.21336/1 110 1747 1754 -edge_5_0_+disjointig_2_3588_44283 1775 3425 40695 -1 -1 1514 0.0200058
Chain
	Aln	8	-SRR33939694.21336/1 6 1643 1754 +edge_5_0_+disjointig_2_3588_44283 37269 38919 40695 -1 -1 1514 0.0200058
Chain
	Aln	9	+SRR33939694.21412/1 130 1295 1297 -edge_5_0_+disjointig_2_3588_44283 16008 17169 40695 -1 -1 1087 0.0140792
Chain
	Aln	8	-SRR33939694.21412/1 1 1166 1297 +edge_5_0_+disjointig_2_3588_44283 23525 24686 40695 -1 -1 1087 0.0140792
Chain
	Aln	9	+SRR33939694.21421/1 118 1126 1131 -edge_5_0_+disjointig_2_3588_44283 3070 4082 40695 -1 -1 950 0.01931
Chain
	Aln	8	-SRR33939694.21421/1 4 1012 1131 +edge_5_0_+disjointig_2_3588_44283 36612 37624 40695 -1 -1 950 0.01931
Chain
	Aln	4	+SRR33939694.21443/1 110 1137 1142 +edge_3_0_-disjointig_2_41855_44283 1318 2336 2428 -1 -1 937 0.0200141
Chain
	Aln	5	-SRR33939694.21443/1 4 1031 1142 -edge_3_0_-disjointig_2_41855_44283 91 1109 2428 -1 -1 937 0.0200141
Chain
	Aln	8	+SRR33939694.21578/1 110 1178 1180 +edge_5_0_+disjointig_2_3588_44283 13109 14177 40695 -1 -1 1018 0.0132952
Chain
	Aln	9	-SRR33939694.21578/1 1 1069 1180 -edge_5_0_+disjointig_2_3588_44283 26517 27585 40695 -1 -1 1018 0.0132952
Chain
	Aln	9	+SRR33939694.21455/1 117 1772 1779 -edge_5_0_+disjointig_2_3588_44283 9034 10706 40695 -1 -1 1531 0.021542
Chain
	Aln	8	-SRR33939694.21455/1 6 1661 1779 +edge_5_0_+disjointig_2_3588_44283 29988 31660 40695 -1 -1 1531 0.021542
Chain
	Aln	8	+SRR33939694.21586/1 114 1677 1680 +edge_5_0_+disjointig_2_3588_44283 21101 22646 40695 -1 -1 1370 0.0299706
Chain
	Aln	9	-SRR33939694.21586/1 2 1565 1680 -edge_5_0_+disjointig_2_3588_44283 18048 19593 40695 -1 -1 1370 0.0299706
Chain
	Aln	9	+SRR33939694.21663/1 94 1108 1110 -edge_5_0_+disjointig_2_3588_44283 4940 5946 40695 -1 -1 956 0.019913
Chain
	Aln	8	-SRR33939694.21663/1 1 1015 1110 +edge_5_0_+disjointig_2_3588_44283 34748 35754 40695 -1 -1 956 0.019913
Chain
	Aln	9	+SRR33939694.21654/1 116 2497 2500 -edge_5_0_+disjointig_2_3588_44283 4104 6507 40695 -1 -1 1730 0.0427756
Chain
	Aln	8	-SRR33939694.21654/1 2 2383 2500 +edge_5_0_+disjointig_2_3588_44283 34187 36590 40695 -1 -1 1730 0.0427756
Chain
	Aln	8	+SRR33939694.21735/1 102 1236 1238 +edge_5_0_+disjointig_2_3588_44283 20047 21208 40695 -1 -1 986 0.0313154
Chain
	Aln	9	-SRR33939694.21735/1 1 1135 1238 -edge_5_0_+disjointig_2_3588_44283 19486 20647 40695 -1 -1 986 0.0313154
Chain
	Aln	9	+SRR33939694.21714/1 107 1949 2060 -edge_5_0_+disjointig_2_3588_44283 33188 35024 40695 -1 -1 1466 0.0407718
Chain
	Aln	8	-SRR33939694.21714/1 110 1952 2060 +edge_5_0_+disjointig_2_3588_44283 5670 7506 40695 -1 -1 1466 0.0407718
Chain
	Aln	9	+SRR33939694.21781/1 117 1255 1257 -edge_5_0_+disjointig_2_3588_44283 36620 37766 40695 -1 -1 1086 0.0134339
Chain
	Aln	8	-SRR33939694.21781/1 1 1139 1257 +edge_5_0_+disjointig_2_3588_44283 2928 4074 40695 -1 -1 1086 0.0134339
Chain
	Aln	6	+SRR33939694.21609/1 1173 4236 4238 +edge_4_0_+disjointig_1_22059_47419 21611 24651 25360 -1 -1 2800 0.0191879
Chain
	Aln	7	-SRR33939694.21609/1 1 3064 4238 -edge_4_0_+disjointig_1_22059_47419 708 3748 25360 -1 -1 2800 0.0191879
Chain
	Aln	9	+SRR33939694.21796/1 118 1318 1320 -edge_5_0_+disjointig_2_3588_44283 2825 4045 40695 -1 -1 852 0.05617
Chain
	Aln	8	-SRR33939694.21796/1 1 1201 1320 +edge_5_0_+disjointig_2_3588_44283 36649 37869 40695 -1 -1 852 0.05617
Chain
	Aln	9	+SRR33939694.21802/1 115 1449 1451 -edge_5_0_+disjointig_2_3588_44283 28872 30201 40695 -1 -1 1216 0.0138486
Chain
	Aln	8	-SRR33939694.21802/1 1 1335 1451 +edge_5_0_+disjointig_2_3588_44283 10493 11822 40695 -1 -1 1216 0.0138486
Chain
	Aln	9	+SRR33939694.21838/1 114 1143 1146 -edge_5_0_+disjointig_2_3588_44283 29181 30223 40695 -1 -1 786 0.0446777
Chain
	Aln	8	-SRR33939694.21838/1 2 1031 1146 +edge_5_0_+disjointig_2_3588_44283 10471 11513 40695 -1 -1 786 0.0446777
Chain
	Aln	9	+SRR33939694.21812/1 107 1429 1431 -edge_5_0_+disjointig_2_3588_44283 14511 15833 40695 -1 -1 1124 0.0260534
Chain
	Aln	8	-SRR33939694.21812/1 1 1323 1431 +edge_5_0_+disjointig_2_3588_44283 24861 26183 40695 -1 -1 1124 0.0260534
Chain
	Aln	9	+SRR33939694.21814/1 115 1140 1144 -edge_5_0_+disjointig_2_3588_44283 29518 30546 40695 -1 -1 952 0.0197499
Chain
	Aln	8	-SRR33939694.21814/1 3 1028 1144 +edge_5_0_+disjointig_2_3588_44283 10148 11176 40695 -1 -1 952 0.0197499
Chain
	Aln	8	+SRR33939694.21842/1 115 1816 1855 +edge_5_0_+disjointig_2_3588_44283 36865 38572 40695 -1 -1 1173 0.044663
Chain
	Aln	9	-SRR33939694.21842/1 38 1739 1855 -edge_5_0_+disjointig_2_3588_44283 2122 3829 40695 -1 -1 1173 0.044663
Chain
	Aln	8	+SRR33939694.21925/1 118 1278 1283 +edge_5_0_+disjointig_2_3588_44283 9527 10681 40695 -1 -1 1073 0.0250411
Chain
	Aln	9	-SRR33939694.21925/1 4 1164 1283 -edge_5_0_+disjointig_2_3588_44283 30013 31167 40695 -1 -1 1073 0.0250411
Chain
	Aln	9	+SRR33939694.21934/1 117 1735 1738 -edge_5_0_+disjointig_2_3588_44283 22166 23800 40695 -1 -1 1285 0.0386561
Chain
	Aln	8	-SRR33939694.21934/1 2 1620 1738 +edge_5_0_+disjointig_2_3588_44283 16894 18528 40695 -1 -1 1285 0.0386561
Chain
	Aln	8	+SRR33939694.21900/1 121 2371 2406 +edge_5_0_+disjointig_2_3588_44283 18427 20680 40695 -1 -1 2059 0.0199572
Chain
	Aln	9	-SRR33939694.21900/1 34 2284 2406 -edge_5_0_+disjointig_2_3588_44283 20014 22267 40695 -1 -1 2059 0.0199572
Chain
	Aln	9	+SRR33939694.21896/1 95 2352 2355 -edge_5_0_+disjointig_2_3588_44283 17388 19647 40695 -1 -1 2110 0.0190951
Chain
	Aln	8	-SRR33939694.21896/1 2 2259 2355 +edge_5_0_+disjointig_2_3588_44283 21047 23306 40695 -1 -1 2110 0.0190951
Chain
	Aln	9	+SRR33939694.21968/1 125 2125 2143 -edge_5_0_+disjointig_2_3588_44283 12107 14145 40695 -1 -1 1803 0.0298294
Chain
	Aln	8	-SRR33939694.21968/1 17 2017 2143 +edge_5_0_+disjointig_2_3588_44283 26549 28587 40695 -1 -1 1803 0.0298294
Chain
	Aln	9	+SRR33939694.21992/1 113 1490 1501 -edge_5_0_+disjointig_2_3588_44283 1673 3048 40695 -1 -1 1277 0.0151035
Chain
	Aln	8	-SRR33939694.21992/1 10 1387 1501 +edge_5_0_+disjointig_2_3588_44283 37646 39021 40695 -1 -1 1277 0.0151035
Chain
	Aln	4	+SRR33939694.21996/1 525 1589 1596 +edge_3_0_-disjointig_2_41855_44283 1 1052 2428 -1 -1 825 0.0505547
Chain
	Aln	5	-SRR33939694.21996/1 6 1070 1596 -edge_3_0_-disjointig_2_41855_44283 1375 2426 2428 -1 -1 825 0.0505547
Chain
	Aln	9	+SRR33939694.22014/1 113 1121 1131 -edge_5_0_+disjointig_2_3588_44283 13686 14704 40695 -1 -1 954 0.0175935
Chain
	Aln	8	-SRR33939694.22014/1 9 1017 1131 +edge_5_0_+disjointig_2_3588_44283 25990 27008 40695 -1 -1 954 0.0175935
Chain
	Aln	8	+SRR33939694.22162/1 110 1209 1217 +edge_5_0_+disjointig_2_3588_44283 26482 27606 40695 -1 -1 977 0.0321508
Chain
	Aln	9	-SRR33939694.22162/1 7 1106 1217 -edge_5_0_+disjointig_2_3588_44283 13088 14212 40695 -1 -1 977 0.0321508
Chain
	Aln	8	+SRR33939694.22197/1 133 1156 1167 +edge_5_0_+disjointig_2_3588_44283 17252 18279 40695 -1 -1 921 0.0218973
Chain
	Aln	9	-SRR33939694.22197/1 10 1033 1167 -edge_5_0_+disjointig_2_3588_44283 22415 23442 40695 -1 -1 921 0.0218973
Chain
	Aln	9	+SRR33939694.22092/1 114 1614 1616 -edge_5_0_+disjointig_2_3588_44283 34471 35967 40695 -1 -1 1403 0.0187161
Chain
	Aln	8	-SRR33939694.22092/1 1 1501 1616 +edge_5_0_+disjointig_2_3588_44283 4727 6223 40695 -1 -1 1403 0.0187161
Chain
	Aln	9	+SRR33939694.22177/1 112 1568 1571 -edge_5_0_+disjointig_2_3588_44283 30338 31799 40695 -1 -1 1226 0.0303601
Chain
	Aln	8	-SRR33939694.22177/1 2 1458 1571 +edge_5_0_+disjointig_2_3588_44283 8895 10356 40695 -1 -1 1226 0.0303601
Chain
	Aln	9	+SRR33939694.22248/1 112 1296 1304 -edge_5_0_+disjointig_2_3588_44283 4972 6168 40695 -1 -1 1131 0.0175828
Chain
	Aln	8	-SRR33939694.22248/1 7 1191 1304 +edge_5_0_+disjointig_2_3588_44283 34526 35722 40695 -1 -1 1131 0.0175828
Chain
	Aln	9	+SRR33939694.22262/1 117 1587 1609 -edge_5_0_+disjointig_2_3588_44283 12377 13844 40695 -1 -1 1292 0.0327132
Chain
	Aln	8	-SRR33939694.22262/1 21 1491 1609 +edge_5_0_+disjointig_2_3588_44283 26850 28317 40695 -1 -1 1292 0.0327132
Chain
	Aln	8	+SRR33939694.22270/1 103 1143 1169 +edge_5_0_+disjointig_2_3588_44283 11208 12283 40695 -1 -1 831 0.0437972
Chain
	Aln	9	-SRR33939694.22270/1 25 1065 1169 -edge_5_0_+disjointig_2_3588_44283 28411 29486 40695 -1 -1 831 0.0437972
Chain
	Aln	9	+SRR33939694.22279/1 128 1181 1190 -edge_5_0_+disjointig_2_3588_44283 14282 15344 40695 -1 -1 937 0.0209471
Chain
	Aln	8	-SRR33939694.22279/1 8 1061 1190 +edge_5_0_+disjointig_2_3588_44283 25350 26412 40695 -1 -1 937 0.0209471
Chain
	Aln	9	+SRR33939694.22241/1 112 2156 2160 -edge_5_0_+disjointig_2_3588_44283 19509 21571 40695 -1 -1 1816 0.0263063
Chain
	Aln	8	-SRR33939694.22241/1 3 2047 2160 +edge_5_0_+disjointig_2_3588_44283 19123 21185 40695 -1 -1 1816 0.0263063
Chain
	Aln	9	+SRR33939694.22282/1 106 1143 1153 -edge_5_0_+disjointig_2_3588_44283 37877 38928 40695 -1 -1 721 0.0585517
Chain
	Aln	8	-SRR33939694.22282/1 9 1046 1153 +edge_5_0_+disjointig_2_3588_44283 1766 2817 40695 -1 -1 721 0.0585517
Chain
	Aln	8	+SRR33939694.22286/1 115 1364 1366 +edge_5_0_+disjointig_2_3588_44283 34997 36264 40695 -1 -1 1074 0.0337537
Chain
	Aln	9	-SRR33939694.22286/1 1 1250 1366 -edge_5_0_+disjointig_2_3588_44283 4430 5697 40695 -1 -1 1074 0.0337537
Chain
	Aln	9	+SRR33939694.22287/1 120 2164 2174 -edge_5_0_+disjointig_2_3588_44283 32212 34262 40695 -1 -1 1979 0.0121707
Chain
	Aln	8	-SRR33939694.22287/1 9 2053 2174 +edge_5_0_+disjointig_2_3588_44283 6432 8482 40695 -1 -1 1979 0.0121707
Chain
	Aln	9	+SRR33939694.22477/1 132 1844 1846 -edge_5_0_+disjointig_2_3588_44283 16004 17734 40695 -1 -1 1082 0.0611569
Chain
	Aln	8	-SRR33939694.22477/1 1 1713 1846 +edge_5_0_+disjointig_2_3588_44283 22960 24690 40695 -1 -1 1082 0.0611569
Chain
	Aln	9	+SRR33939694.22485/1 114 1150 1152 -edge_5_0_+disjointig_2_3588_44283 16649 17687 40695 -1 -1 995 0.017886
Chain
	Aln	8	-SRR33939694.22485/1 1 1037 1152 +edge_5_0_+disjointig_2_3588_44283 23007 24045 40695 -1 -1 995 0.017886
Chain
	Aln	4	+SRR33939694.22487/1 112 1229 1231 +edge_3_0_-disjointig_2_41855_44283 1122 2242 2428 -1 -1 1019 0.0228217
Chain
	Aln	5	-SRR33939694.22487/1 1 1118 1231 -edge_3_0_-disjointig_2_41855_44283 185 1305 2428 -1 -1 1019 0.0228217
Chain
	Aln	8	+SRR33939694.22554/1 105 1457 1459 +edge_5_0_+disjointig_2_3588_44283 14408 15761 40695 -1 -1 1271 0.0135189
Chain
	Aln	9	-SRR33939694.22554/1 1 1353 1459 -edge_5_0_+disjointig_2_3588_44283 24933 26286 40695 -1 -1 1271 0.0135189
Chain
	Aln	9	+SRR33939694.22640/1 129 1292 1294 -edge_5_0_+disjointig_2_3588_44283 31485 32640 40695 -1 -1 1013 0.0231315
Chain
	Aln	8	-SRR33939694.22640/1 1 1164 1294 +edge_5_0_+disjointig_2_3588_44283 8054 9209 40695 -1 -1 1013 0.0231315
Chain
	Aln	8	+SRR33939694.22621/1 117 1282 1284 +edge_5_0_+disjointig_2_3588_44283 35014 36193 40695 -1 -1 1053 0.0229679
Chain
	Aln	9	-SRR33939694.22621/1 1 1166 1284 -edge_5_0_+disjointig_2_3588_44283 4501 5680 40695 -1 -1 1053 0.0229679
Chain
	Aln	9	+SRR33939694.22592/1 113 2512 2514 -edge_5_0_+disjointig_2_3588_44283 22043 24527 40695 -1 -1 1833 0.0449798
Chain
	Aln	8	-SRR33939694.22592/1 1 2400 2514 +edge_5_0_+disjointig_2_3588_44283 16167 18651 40695 -1 -1 1833 0.0449798
Chain
	Aln	9	+SRR33939694.22709/1 112 1242 1247 -edge_5_0_+disjointig_2_3588_44283 12843 13975 40695 -1 -1 1054 0.0162367
Chain
	Aln	8	-SRR33939694.22709/1 4 1134 1247 +edge_5_0_+disjointig_2_3588_44283 26719 27851 40695 -1 -1 1054 0.0162367
Chain
	Aln	9	+SRR33939694.22728/1 115 1529 1541 -edge_5_0_+disjointig_2_3588_44283 16600 18033 40695 -1 -1 1233 0.0232542
Chain
	Aln	8	-SRR33939694.22728/1 11 1425 1541 +edge_5_0_+disjointig_2_3588_44283 22661 24094 40695 -1 -1 1233 0.0232542
Chain
	Aln	9	+SRR33939694.22755/1 116 1300 1326 -edge_5_0_+disjointig_2_3588_44283 16318 17516 40695 -1 -1 954 0.0321333
Chain
	Aln	8	-SRR33939694.22755/1 25 1209 1326 +edge_5_0_+disjointig_2_3588_44283 23178 24376 40695 -1 -1 954 0.0321333
Chain
	Aln	8	+SRR33939694.22839/1 122 1160 1162 +edge_5_0_+disjointig_2_3588_44283 13921 14966 40695 -1 -1 1028 0.00774913
Chain
	Aln	9	-SRR33939694.22839/1 1 1039 1162 -edge_5_0_+disjointig_2_3588_44283 25728 26773 40695 -1 -1 1028 0.00774913
Chain
	Aln	8	+SRR33939694.22758/1 106 1158 1160 +edge_5_0_+disjointig_2_3588_44283 15671 16739 40695 -1 -1 903 0.0287837
Chain
	Aln	9	-SRR33939694.22758/1 1 1053 1160 -edge_5_0_+disjointig_2_3588_44283 23955 25023 40695 -1 -1 903 0.0287837
Chain
	Aln	9	+SRR33939694.22359/1 114 5872 5875 -edge_5_0_+disjointig_2_3588_44283 10686 16475 40695 -1 -1 5188 0.02598
Chain
	Aln	8	-SRR33939694.22359/1 2 5760 5875 +edge_5_0_+disjointig_2_3588_44283 24219 30008 40695 -1 -1 5188 0.02598
Chain
	Aln	9	+SRR33939694.22933/1 145 1569 1572 -edge_5_0_+disjointig_2_3588_44283 23669 25079 40695 -1 -1 935 0.0604508
Chain
	Aln	8	-SRR33939694.22933/1 2 1426 1572 +edge_5_0_+disjointig_2_3588_44283 15615 17025 40695 -1 -1 935 0.0604508
Chain
	Aln	8	+SRR33939694.22926/1 106 1293 1295 +edge_5_0_+disjointig_2_3588_44283 24952 26136 40695 -1 -1 1140 0.0121143
Chain
	Aln	9	-SRR33939694.22926/1 1 1188 1295 -edge_5_0_+disjointig_2_3588_44283 14558 15742 40695 -1 -1 1140 0.0121143
Chain
	Aln	8	+SRR33939694.22948/1 105 1301 1305 +edge_5_0_+disjointig_2_3588_44283 395 1591 40695 -1 -1 1054 0.0306923
Chain
	Aln	9	-SRR33939694.22948/1 3 1199 1305 -edge_5_0_+disjointig_2_3588_44283 39103 40299 40695 -1 -1 1054 0.0306923
Chain
	Aln	8	+SRR33939694.22973/1 109 1179 1181 +edge_5_0_+disjointig_2_3588_44283 6702 7772 40695 -1 -1 979 0.020524
Chain
	Aln	9	-SRR33939694.22973/1 1 1071 1181 -edge_5_0_+disjointig_2_3588_44283 32922 33992 40695 -1 -1 979 0.020524
Chain
	Aln	9	+SRR33939694.22974/1 140 1182 1204 -edge_5_0_+disjointig_2_3588_44283 21481 22528 40695 -1 -1 887 0.0368483
Chain
	Aln	8	-SRR33939694.22974/1 21 1063 1204 +edge_5_0_+disjointig_2_3588_44283 18166 19213 40695 -1 -1 887 0.0368483
Chain
	Aln	8	+SRR33939694.22980/1 166 1553 1557 +edge_5_0_+disjointig_2_3588_44283 16490 17879 40695 -1 -1 1113 0.0371343
Chain
	Aln	9	-SRR33939694.22980/1 3 1390 1557 -edge_5_0_+disjointig_2_3588_44283 22815 24204 40695 -1 -1 1113 0.0371343
Chain
	Aln	8	+SRR33939694.23031/1 114 1709 1716 +edge_5_0_+disjointig_2_3588_44283 11329 12933 40695 -1 -1 1115 0.0446512
Chain
	Aln	9	-SRR33939694.23031/1 6 1601 1716 -edge_5_0_+disjointig_2_3588_44283 27761 29365 40695 -1 -1 1115 0.0446512
Chain
	Aln	8	+SRR33939694.23036/1 103 1660 1698 +edge_5_0_+disjointig_2_3588_44283 3570 5152 40695 -1 -1 1034 0.0549412
Chain
	Aln	9	-SRR33939694.23036/1 37 1594 1698 -edge_5_0_+disjointig_2_3588_44283 35542 37124 40695 -1 -1 1034 0.0549412
Chain
	Aln	8	+SRR33939694.23042/1 112 1206 1217 +edge_5_0_+disjointig_2_3588_44283 27069 28163 40695 -1 -1 910 0.0284266
Chain
	Aln	9	-SRR33939694.23042/1 10 1104 1217 -edge_5_0_+disjointig_2_3588_44283 12531 13625 40695 -1 -1 910 0.0284266
Chain
	Aln	9	+SRR33939694.23065/1 114 1131 1133 -edge_5_0_+disjointig_2_3588_44283 35141 36161 40695 -1 -1 992 0.0149654
Chain
	Aln	8	-SRR33939694.23065/1 1 1018 1133 +edge_5_0_+disjointig_2_3588_44283 4533 5553 40695 -1 -1 992 0.0149654
Chain
	Aln	9	+SRR33939694.23054/1 121 2017 2019 -edge_5_0_+disjointig_2_3588_44283 28725 30642 40695 -1 -1 1544 0.0357945
Chain
	Aln	8	-SRR33939694.23054/1 1 1897 2019 +edge_5_0_+disjointig_2_3588_44283 10052 11969 40695 -1 -1 1544 0.0357945
Chain
	Aln	9	+SRR33939694.23240/1 132 1217 1244 -edge_5_0_+disjointig_2_3588_44283 2148 3247 40695 -1 -1 944 0.029045
Chain
	Aln	8	-SRR33939694.23240/1 26 1111 1244 +edge_5_0_+disjointig_2_3588_44283 37447 38546 40695 -1 -1 944 0.029045
Chain
	Aln	9	+SRR33939694.23285/1 128 1148 1150 -edge_5_0_+disjointig_2_3588_44283 32409 33435 40695 -1 -1 943 0.019077
Chain
	Aln	8	-SRR33939694.23285/1 1 1021 1150 +edge_5_0_+disjointig_2_3588_44283 7259 8285 40695 -1 -1 943 0.019077
Chain
	Aln	8	+SRR33939694.23155/1 110 1237 1263 +edge_5_0_+disjointig_2_3588_44283 10337 11472 40695 -1 -1 1059 0.017082
Chain
	Aln	9	-SRR33939694.23155/1 25 1152 1263 -edge_5_0_+disjointig_2_3588_44283 29222 30357 40695 -1 -1 1059 0.017082
Chain
	Aln	9	+SRR33939694.23403/1 119 1251 1253 -edge_5_0_+disjointig_2_3588_44283 16272 17410 40695 -1 -1 1081 0.0108042
Chain
	Aln	8	-SRR33939694.23403/1 1 1133 1253 +edge_5_0_+disjointig_2_3588_44283 23284 24422 40695 -1 -1 1081 0.0108042
Chain
	Aln	9	+SRR33939694.23313/1 109 1496 1503 -edge_5_0_+disjointig_2_3588_44283 12920 14290 40695 -1 -1 1016 0.038502
Chain
	Aln	8	-SRR33939694.23313/1 6 1393 1503 +edge_5_0_+disjointig_2_3588_44283 26404 27774 40695 -1 -1 1016 0.038502
Chain
	Aln	8	+SRR33939694.23428/1 118 1122 1134 +edge_5_0_+disjointig_2_3588_44283 12091 13101 40695 -1 -1 908 0.0226891
Chain
	Aln	9	-SRR33939694.23428/1 11 1015 1134 -edge_5_0_+disjointig_2_3588_44283 27593 28603 40695 -1 -1 908 0.0226891
Chain
	Aln	8	+SRR33939694.23419/1 169 1499 1521 +edge_5_0_+disjointig_2_3588_44283 13194 14529 40695 -1 -1 1301 0.0102116
Chain
	Aln	9	-SRR33939694.23419/1 21 1351 1521 -edge_5_0_+disjointig_2_3588_44283 26165 27500 40695 -1 -1 1301 0.0102116
Chain
	Aln	8	+SRR33939694.23462/1 124 1176 1178 +edge_5_0_+disjointig_2_3588_44283 19524 20575 40695 -1 -1 952 0.0244037
Chain
	Aln	9	-SRR33939694.23462/1 1 1053 1178 -edge_5_0_+disjointig_2_3588_44283 20119 21170 40695 -1 -1 952 0.0244037
Chain
	Aln	8	+SRR33939694.23468/1 118 1226 1228 +edge_5_0_+disjointig_2_3588_44283 19914 21019 40695 -1 -1 907 0.0319444
Chain
	Aln	9	-SRR33939694.23468/1 1 1109 1228 -edge_5_0_+disjointig_2_3588_44283 19675 20780 40695 -1 -1 907 0.0319444
Chain
	Aln	8	+SRR33939694.23504/1 106 1249 1265 +edge_5_0_+disjointig_2_3588_44283 38523 39656 40695 -1 -1 994 0.0271204
Chain
	Aln	9	-SRR33939694.23504/1 15 1158 1265 -edge_5_0_+disjointig_2_3588_44283 1038 2171 40695 -1 -1 994 0.0271204
Chain
	Aln	8	+SRR33939694.23474/1 113 1997 2011 +edge_5_0_+disjointig_2_3588_44283 19717 21594 40695 -1 -1 1686 0.0209065
Chain
	Aln	9	-SRR33939694.23474/1 13 1897 2011 -edge_5_0_+disjointig_2_3588_44283 19100 20977 40695 -1 -1 1686 0.0209065
Chain
	Aln	8	+SRR33939694.23475/1 116 1437 1450 +edge_5_0_+disjointig_2_3588_44283 23799 25120 40695 -1 -1 1186 0.0210237
Chain
	Aln	9	-SRR33939694.23475/1 12 1333 1450 -edge_5_0_+disjointig_2_3588_44283 15574 16895 40695 -1 -1 1186 0.0210237
Chain
	Aln	9	+SRR33939694.23541/1 154 1871 1875 -edge_5_0_+disjointig_2_3588_44283 2565 4290 40695 -1 -1 1556 0.0229222
Chain
	Aln	8	-SRR33939694.23541/1 3 1720 1875 +edge_5_0_+disjointig_2_3588_44283 36404 38129 40695 -1 -1 1556 0.0229222
Chain
	Aln	8	+SRR33939694.23544/1 147 1573 1581 +edge_5_0_+disjointig_2_3588_44283 27101 28509 40695 -1 -1 1045 0.0436687
Chain
	Aln	9	-SRR33939694.23544/1 7 1433 1581 -edge_5_0_+disjointig_2_3588_44283 12185 13593 40695 -1 -1 1045 0.0436687
Chain
	Aln	8	+SRR33939694.23579/1 122 1363 1366 +edge_5_0_+disjointig_2_3588_44283 35575 36851 40695 -1 -1 908 0.048589
Chain
	Aln	9	-SRR33939694.23579/1 2 1243 1366 -edge_5_0_+disjointig_2_3588_44283 3843 5119 40695 -1 -1 908 0.048589
Chain
	Aln	9	+SRR33939694.23553/1 113 1787 1789 -edge_5_0_+disjointig_2_3588_44283 12336 13929 40695 -1 -1 1375 0.0277648
Chain
	Aln	8	-SRR33939694.23553/1 1 1675 1789 +edge_5_0_+disjointig_2_3588_44283 26765 28358 40695 -1 -1 1375 0.0277648
Chain
	Aln	4	+SRR33939694.23578/1 114 1360 1362 +edge_3_0_-disjointig_2_41855_44283 879 2122 2428 -1 -1 1192 0.0147852
Chain
	Aln	5	-SRR33939694.23578/1 1 1247 1362 -edge_3_0_-disjointig_2_41855_44283 305 1548 2428 -1 -1 1192 0.0147852
Chain
	Aln	8	+SRR33939694.23585/1 119 1209 1211 +edge_5_0_+disjointig_2_3588_44283 14871 15966 40695 -1 -1 1010 0.0153892
Chain
	Aln	9	-SRR33939694.23585/1 1 1091 1211 -edge_5_0_+disjointig_2_3588_44283 24728 25823 40695 -1 -1 1010 0.0153892
Chain
	Aln	8	+SRR33939694.23657/1 118 1138 1142 +edge_5_0_+disjointig_2_3588_44283 18413 19453 40695 -1 -1 930 0.0251878
Chain
	Aln	9	-SRR33939694.23657/1 3 1023 1142 -edge_5_0_+disjointig_2_3588_44283 21241 22281 40695 -1 -1 930 0.0251878
Chain
	Aln	8	+SRR33939694.23670/1 113 1118 1120 +edge_5_0_+disjointig_2_3588_44283 9753 10761 40695 -1 -1 921 0.0204669
Chain
	Aln	9	-SRR33939694.23670/1 1 1006 1120 -edge_5_0_+disjointig_2_3588_44283 29933 30941 40695 -1 -1 921 0.0204669
Chain
	Aln	8	+SRR33939694.23634/1 113 2103 2105 +edge_5_0_+disjointig_2_3588_44283 6178 8168 40695 -1 -1 1680 0.0346997
Chain
	Aln	9	-SRR33939694.23634/1 1 1991 2105 -edge_5_0_+disjointig_2_3588_44283 32526 34516 40695 -1 -1 1680 0.0346997
Chain
	Aln	9	+SRR33939694.23699/1 117 1147 1151 -edge_5_0_+disjointig_2_3588_44283 36394 37433 40695 -1 -1 999 0.0176359
Chain
	Aln	8	-SRR33939694.23699/1 3 1033 1151 +edge_5_0_+disjointig_2_3588_44283 3261 4300 40695 -1 -1 999 0.0176359
Chain
	Aln	9	+SRR33939694.23612/1 110 3184 3199 -edge_5_0_+disjointig_2_3588_44283 873 3962 40695 -1 -1 2481 0.0288951
Chain
	Aln	8	-SRR33939694.23612/1 14 3088 3199 +edge_5_0_+disjointig_2_3588_44283 36732 39821 40695 -1 -1 2481 0.0288951
Chain
	Aln	5	+SRR33939694.23685/1 134 1272 1780 -edge_3_0_-disjointig_2_41855_44283 1284 2402 2428 -1 -1 920 0.0353746
Chain
	Aln	4	-SRR33939694.23685/1 507 1645 1780 +edge_3_0_-disjointig_2_41855_44283 25 1143 2428 -1 -1 920 0.0353746
Chain
	Aln	8	+SRR33939694.23732/1 119 1233 1246 +edge_5_0_+disjointig_2_3588_44283 34643 35756 40695 -1 -1 1043 0.0184629
Chain
	Aln	9	-SRR33939694.23732/1 12 1126 1246 -edge_5_0_+disjointig_2_3588_44283 4938 6051 40695 -1 -1 1043 0.0184629
Chain
	Aln	9	+SRR33939694.23768/1 121 1211 1228 -edge_5_0_+disjointig_2_3588_44283 16693 17794 40695 -1 -1 1000 0.0203609
Chain
	Aln	8	-SRR33939694.23768/1 16 1106 1228 +edge_5_0_+disjointig_2_3588_44283 22900 24001 40695 -1 -1 1000 0.0203609
Chain
	Aln	9	+SRR33939694.23796/1 116 1142 1149 -edge_5_0_+disjointig_2_3588_44283 30431 31461 40695 -1 -1 750 0.0477363
Chain
	Aln	8	-SRR33939694.23796/1 6 1032 1149 +edge_5_0_+disjointig_2_3588_44283 9233 10263 40695 -1 -1 750 0.0477363
Chain
	Aln	9	+SRR33939694.23750/1 144 1835 1837 -edge_5_0_+disjointig_2_3588_44283 35149 36839 40695 -1 -1 1538 0.0131825
Chain
	Aln	8	-SRR33939694.23750/1 1 1692 1837 +edge_5_0_+disjointig_2_3588_44283 3855 5545 40695 -1 -1 1538 0.0131825
Chain
	Aln	8	+SRR33939694.23856/1 112 1200 1202 +edge_5_0_+disjointig_2_3588_44283 8722 9817 40695 -1 -1 909 0.0421765
Chain
	Aln	9	-SRR33939694.23856/1 1 1089 1202 -edge_5_0_+disjointig_2_3588_44283 30877 31972 40695 -1 -1 909 0.0421765
Chain
	Aln	9	+SRR33939694.23876/1 118 1461 1475 -edge_5_0_+disjointig_2_3588_44283 29233 30585 40695 -1 -1 1172 0.0224519
Chain
	Aln	8	-SRR33939694.23876/1 13 1356 1475 +edge_5_0_+disjointig_2_3588_44283 10109 11461 40695 -1 -1 1172 0.0224519
Chain
	Aln	8	+SRR33939694.23918/1 111 1256 1259 +edge_5_0_+disjointig_2_3588_44283 39539 40691 40695 -1 -1 1109 0.0156441
Chain
	Aln	9	-SRR33939694.23918/1 2 1147 1259 -edge_5_0_+disjointig_2_3588_44283 3 1155 40695 -1 -1 1109 0.0156441
Chain
	Aln	9	+SRR33939694.24048/1 117 1122 1124 -edge_5_0_+disjointig_2_3588_44283 29976 30990 40695 -1 -1 950 0.0173619
Chain
	Aln	8	-SRR33939694.24048/1 1 1006 1124 +edge_5_0_+disjointig_2_3588_44283 9704 10718 40695 -1 -1 950 0.0173619
Chain
	Aln	9	+SRR33939694.24003/1 113 1705 1712 -edge_5_0_+disjointig_2_3588_44283 5675 7291 40695 -1 -1 1393 0.0281671
Chain
	Aln	8	-SRR33939694.24003/1 6 1598 1712 +edge_5_0_+disjointig_2_3588_44283 33403 35019 40695 -1 -1 1393 0.0281671
Chain
	Aln	8	+SRR33939694.23909/1 133 2696 2698 +edge_5_0_+disjointig_2_3588_44283 29673 32246 40695 -1 -1 2021 0.0370947
Chain
	Aln	9	-SRR33939694.23909/1 1 2564 2698 -edge_5_0_+disjointig_2_3588_44283 8448 11021 40695 -1 -1 2021 0.0370947
Chain
	Aln	8	+SRR33939694.24101/1 112 1174 1178 +edge_5_0_+disjointig_2_3588_44283 4081 5158 40695 -1 -1 966 0.0296382
Chain
	Aln	9	-SRR33939694.24101/1 3 1065 1178 -edge_5_0_+disjointig_2_3588_44283 35536 36613 40695 -1 -1 966 0.0296382
Chain
	Aln	8	+SRR33939694.24023/1 120 2531 2538 +edge_5_0_+disjointig_2_3588_44283 8259 10671 40695 -1 -1 2140 0.0220907
Chain
	Aln	9	-SRR33939694.24023/1 6 2417 2538 -edge_5_0_+disjointig_2_3588_44283 30023 32435 40695 -1 -1 2140 0.0220907
Chain
	Aln	8	+SRR33939694.24222/1 144 1231 1233 +edge_5_0_+disjointig_2_3588_44283 694 1784 40695 -1 -1 982 0.0193183
Chain
	Aln	9	-SRR33939694.24222/1 1 1088 1233 -edge_5_0_+disjointig_2_3588_44283 38910 40000 40695 -1 -1 982 0.0193183
Chain
	Aln	9	+SRR33939694.24266/1 118 1329 1331 -edge_5_0_+disjointig_2_3588_44283 31692 32910 40695 -1 -1 1120 0.0210951
Chain
	Aln	8	-SRR33939694.24266/1 1 1212 1331 +edge_5_0_+disjointig_2_3588_44283 7784 9002 40695 -1 -1 1120 0.0210951
Chain
	Aln	3	+SRR33939694.24253/1 112 1155 1282 -edge_2_1_+disjointig_2_2428_3588 115 1159 1160 -1 -1 995 0.0134989
Chain
	Aln	2	-SRR33939694.24253/1 126 1169 1282 +edge_2_1_+disjointig_2_2428_3588 0 1044 1160 -1 -1 995 0.0134989
Chain
	Aln	8	+SRR33939694.24301/1 112 1149 1152 +edge_5_0_+disjointig_2_3588_44283 2421 3468 40695 -1 -1 932 0.0232819
Chain
	Aln	9	-SRR33939694.24301/1 2 1039 1152 -edge_5_0_+disjointig_2_3588_44283 37226 38273 40695 -1 -1 932 0.0232819
Chain
	Aln	8	+SRR33939694.24333/1 153 1414 1416 +edge_5_0_+disjointig_2_3588_44283 22512 23778 40695 -1 -1 982 0.0409873
Chain
	Aln	9	-SRR33939694.24333/1 1 1262 1416 -edge_5_0_+disjointig_2_3588_44283 16916 18182 40695 -1 -1 982 0.0409873
Chain
	Aln	8	+SRR33939694.24341/1 104 1190 1203 +edge_5_0_+disjointig_2_3588_44283 18732 19822 40695 -1 -1 1027 0.0203782
Chain
	Aln	9	-SRR33939694.24341/1 12 1098 1203 -edge_5_0_+disjointig_2_3588_44283 20872 21962 40695 -1 -1 1027 0.0203782
Chain
	Aln	5	+SRR33939694.24287/1 122 2447 2822 -edge_3_0_-disjointig_2_41855_44283 27 2360 2428 -1 -1 2023 0.0290575
Chain
	Aln	4	-SRR33939694.24287/1 374 2699 2822 +edge_3_0_-disjointig_2_41855_44283 67 2400 2428 -1 -1 2023 0.0290575
Chain
	Aln	9	+SRR33939694.24503/1 106 1360 1363 -edge_5_0_+disjointig_2_3588_44283 30078 31345 40695 -1 -1 1132 0.025314
Chain
	Aln	8	-SRR33939694.24503/1 2 1256 1363 +edge_5_0_+disjointig_2_3588_44283 9349 10616 40695 -1 -1 1132 0.025314
Chain
	Aln	8	+SRR33939694.24561/1 124 1145 1158 +edge_5_0_+disjointig_2_3588_44283 20159 21178 40695 -1 -1 923 0.0329973
Chain
	Aln	9	-SRR33939694.24561/1 12 1033 1158 -edge_5_0_+disjointig_2_3588_44283 19516 20535 40695 -1 -1 923 0.0329973
Chain
	Aln	8	+SRR33939694.24498/1 110 1949 1953 +edge_5_0_+disjointig_2_3588_44283 1325 3161 40695 -1 -1 1701 0.017857
Chain
	Aln	9	-SRR33939694.24498/1 3 1842 1953 -edge_5_0_+disjointig_2_3588_44283 37533 39369 40695 -1 -1 1701 0.017857
Chain
	Aln	8	+SRR33939694.24530/1 107 1462 1468 +edge_5_0_+disjointig_2_3588_44283 14264 15642 40695 -1 -1 1290 0.0122867
Chain
	Aln	9	-SRR33939694.24530/1 5 1360 1468 -edge_5_0_+disjointig_2_3588_44283 25052 26430 40695 -1 -1 1290 0.0122867
Chain
	Aln	9	+SRR33939694.24638/1 111 1190 1194 -edge_5_0_+disjointig_2_3588_44283 35764 36842 40695 -1 -1 1063 0.00989025
Chain
	Aln	8	-SRR33939694.24638/1 3 1082 1194 +edge_5_0_+disjointig_2_3588_44283 3852 4930 40695 -1 -1 1063 0.00989025
Chain
	Aln	9	+SRR33939694.24680/1 116 1449 1451 -edge_5_0_+disjointig_2_3588_44283 28977 30314 40695 -1 -1 1178 0.0241385
Chain
	Aln	8	-SRR33939694.24680/1 1 1334 1451 +edge_5_0_+disjointig_2_3588_44283 10380 11717 40695 -1 -1 1178 0.0241385
Chain
	Aln	9	+SRR33939694.24750/1 111 1218 1222 -edge_5_0_+disjointig_2_3588_44283 26437 27554 40695 -1 -1 1052 0.0121203
Chain
	Aln	8	-SRR33939694.24750/1 3 1110 1222 +edge_5_0_+disjointig_2_3588_44283 13140 14257 40695 -1 -1 1052 0.0121203
Chain
	Aln	8	+SRR33939694.24686/1 123 1583 1592 +edge_5_0_+disjointig_2_3588_44283 31977 33441 40695 -1 -1 1295 0.0271973
Chain
	Aln	9	-SRR33939694.24686/1 8 1468 1592 -edge_5_0_+disjointig_2_3588_44283 7253 8717 40695 -1 -1 1295 0.0271973
Chain
	Aln	9	+SRR33939694.24699/1 147 1568 1572 -edge_5_0_+disjointig_2_3588_44283 22362 23795 40695 -1 -1 1244 0.0276229
Chain
	Aln	8	-SRR33939694.24699/1 3 1424 1572 +edge_5_0_+disjointig_2_3588_44283 16899 18332 40695 -1 -1 1244 0.0276229
Chain
	Aln	9	+SRR33939694.24821/1 114 1812 1814 -edge_5_0_+disjointig_2_3588_44283 21405 23135 40695 -1 -1 1499 0.0283622
Chain
	Aln	8	-SRR33939694.24821/1 1 1699 1814 +edge_5_0_+disjointig_2_3588_44283 17559 19289 40695 -1 -1 1499 0.0283622
Chain
	Aln	2	+SRR33939694.24840/1 429 1485 1491 +edge_2_1_+disjointig_2_2428_3588 1 1054 1160 -1 -1 939 0.0234521
Chain
	Aln	3	-SRR33939694.24840/1 5 1061 1491 -edge_2_1_+disjointig_2_2428_3588 105 1158 1160 -1 -1 939 0.0234521
Chain
	Aln	9	+SRR33939694.24838/1 102 1747 1771 -edge_5_0_+disjointig_2_3588_44283 27033 28699 40695 -1 -1 1407 0.0387631
Chain
	Aln	8	-SRR33939694.24838/1 23 1668 1771 +edge_5_0_+disjointig_2_3588_44283 11995 13661 40695 -1 -1 1407 0.0387631
Chain
	Aln	4	+SRR33939694.24926/1 135 1252 1255 +edge_3_0_-disjointig_2_41855_44283 1203 2315 2428 -1 -1 954 0.0253598
Chain
	Aln	5	-SRR33939694.24926/1 2 1119 1255 -edge_3_0_-disjointig_2_41855_44283 112 1224 2428 -1 -1 954 0.0253598
Chain
	Aln	9	+SRR33939694.25002/1 136 1296 1301 -edge_5_0_+disjointig_2_3588_44283 34279 35448 40695 -1 -1 1092 0.0147321
Chain
	Aln	8	-SRR33939694.25002/1 4 1164 1301 +edge_5_0_+disjointig_2_3588_44283 5246 6415 40695 -1 -1 1092 0.0147321
Chain
	Aln	8	+SRR33939694.24996/1 150 1548 1565 +edge_5_0_+disjointig_2_3588_44283 25042 26445 40695 -1 -1 1243 0.0216446
Chain
	Aln	9	-SRR33939694.24996/1 16 1414 1565 -edge_5_0_+disjointig_2_3588_44283 14249 15652 40695 -1 -1 1243 0.0216446
Chain
	Aln	8	+SRR33939694.25090/1 114 1179 1182 +edge_5_0_+disjointig_2_3588_44283 13059 14120 40695 -1 -1 1027 0.0121019
Chain
	Aln	9	-SRR33939694.25090/1 2 1067 1182 -edge_5_0_+disjointig_2_3588_44283 26574 27635 40695 -1 -1 1027 0.0121019
Chain
	Aln	8	+SRR33939694.25108/1 110 1124 1126 +edge_5_0_+disjointig_2_3588_44283 29835 30862 40695 -1 -1 907 0.0253232
Chain
	Aln	9	-SRR33939694.25108/1 1 1015 1126 -edge_5_0_+disjointig_2_3588_44283 9832 10859 40695 -1 -1 907 0.0253232
Chain
	Aln	8	+SRR33939694.25143/1 105 1158 1160 +edge_5_0_+disjointig_2_3588_44283 21816 22874 40695 -1 -1 979 0.015719
Chain
	Aln	9	-SRR33939694.25143/1 1 1054 1160 -edge_5_0_+disjointig_2_3588_44283 17820 18878 40695 -1 -1 979 0.015719
Chain
	Aln	8	+SRR33939694.25130/1 106 1292 1300 +edge_5_0_+disjointig_2_3588_44283 9704 10892 40695 -1 -1 1025 0.0295555
Chain
	Aln	9	-SRR33939694.25130/1 7 1193 1300 -edge_5_0_+disjointig_2_3588_44283 29802 30990 40695 -1 -1 1025 0.0295555
Chain
	Aln	9	+SRR33939694.25079/1 144 1955 1957 -edge_5_0_+disjointig_2_3588_44283 7081 8944 40695 -1 -1 1443 0.0367696
Chain
	Aln	8	-SRR33939694.25079/1 1 1812 1957 +edge_5_0_+disjointig_2_3588_44283 31750 33613 40695 -1 -1 1443 0.0367696
Chain
	Aln	8	+SRR33939694.25179/1 113 1309 1311 +edge_5_0_+disjointig_2_3588_44283 19721 20907 40695 -1 -1 1102 0.0209998
Chain
	Aln	9	-SRR33939694.25179/1 1 1197 1311 -edge_5_0_+disjointig_2_3588_44283 19787 20973 40695 -1 -1 1102 0.0209998
Chain
	Aln	9	+SRR33939694.25383/1 104 1638 1641 -edge_5_0_+disjointig_2_3588_44283 16444 18026 40695 -1 -1 1004 0.0590606
Chain
	Aln	8	-SRR33939694.25383/1 2 1536 1641 +edge_5_0_+disjointig_2_3588_44283 22668 24250 40695 -1 -1 1004 0.0590606
Chain
	Aln	8	+SRR33939694.25447/1 115 1395 1397 +edge_5_0_+disjointig_2_3588_44283 26275 27564 40695 -1 -1 1189 0.0188213
Chain
	Aln	9	-SRR33939694.25447/1 1 1281 1397 -edge_5_0_+disjointig_2_3588_44283 13130 14419 40695 -1 -1 1189 0.0188213
Chain
	Aln	8	+SRR33939694.25385/1 117 2056 2062 +edge_5_0_+disjointig_2_3588_44283 14978 16900 40695 -1 -1 1402 0.0474848
Chain
	Aln	9	-SRR33939694.25385/1 5 1944 2062 -edge_5_0_+disjointig_2_3588_44283 23794 25716 40695 -1 -1 1402 0.0474848
Chain
	Aln	9	+SRR33939694.25453/1 126 1643 1647 -edge_5_0_+disjointig_2_3588_44283 26297 27824 40695 -1 -1 1274 0.0290405
Chain
	Aln	8	-SRR33939694.25453/1 3 1520 1647 +edge_5_0_+disjointig_2_3588_44283 12870 14397 40695 -1 -1 1274 0.0290405
Chain
	Aln	9	+SRR33939694.25467/1 169 1493 1498 -edge_5_0_+disjointig_2_3588_44283 21790 23119 40695 -1 -1 1121 0.0318873
Chain
	Aln	8	-SRR33939694.25467/1 4 1328 1498 +edge_5_0_+disjointig_2_3588_44283 17575 18904 40695 -1 -1 1121 0.0318873
Chain
	Aln	8	+SRR33939694.25494/1 114 1219 1226 +edge_5_0_+disjointig_2_3588_44283 7698 8813 40695 -1 -1 910 0.040026
Chain
	Aln	9	-SRR33939694.25494/1 6 1111 1226 -edge_5_0_+disjointig_2_3588_44283 31881 32996 40695 -1 -1 910 0.040026
Chain
	Aln	9	+SRR33939694.25579/1 105 1141 1158 -edge_5_0_+disjointig_2_3588_44283 11780 12824 40695 -1 -1 832 0.0344089
Chain
	Aln	8	-SRR33939694.25579/1 16 1052 1158 +edge_5_0_+disjointig_2_3588_44283 27870 28914 40695 -1 -1 832 0.0344089
Chain
	Aln	8	+SRR33939694.25534/1 106 1603 1610 +edge_5_0_+disjointig_2_3588_44283 19910 21411 40695 -1 -1 1427 0.0197349
Chain
	Aln	9	-SRR33939694.25534/1 6 1503 1610 -edge_5_0_+disjointig_2_3588_44283 19283 20784 40695 -1 -1 1427 0.0197349
Chain
	Aln	8	+SRR33939694.25617/1 112 1123 1125 +edge_5_0_+disjointig_2_3588_44283 4996 6015 40695 -1 -1 957 0.0197155
Chain
	Aln	9	-SRR33939694.25617/1 1 1012 1125 -edge_5_0_+disjointig_2_3588_44283 34679 35698 40695 -1 -1 957 0.0197155
Chain
	Aln	9	+SRR33939694.25181/1 105 7030 7040 -edge_5_0_+disjointig_2_3588_44283 16856 23789 40695 -1 -1 6251 0.0238491
Chain
	Aln	8	-SRR33939694.25181/1 9 6934 7040 +edge_5_0_+disjointig_2_3588_44283 16905 23838 40695 -1 -1 6251 0.0238491
Chain
	Aln	8	+SRR33939694.25759/1 114 1130 1133 +edge_5_0_+disjointig_2_3588_44283 8595 9622 40695 -1 -1 809 0.0347743
Chain
	Aln	9	-SRR33939694.25759/1 2 1018 1133 -edge_5_0_+disjointig_2_3588_44283 31072 32099 40695 -1 -1 809 0.0347743
Chain
	Aln	8	+SRR33939694.25749/1 113 1495 1497 +edge_5_0_+disjointig_2_3588_44283 22123 23493 40695 -1 -1 1038 0.0435864
Chain
	Aln	9	-SRR33939694.25749/1 1 1383 1497 -edge_5_0_+disjointig_2_3588_44283 17201 18571 40695 -1 -1 1038 0.0435864
Chain
	Aln	9	+SRR33939694.25621/1 101 2608 2610 -edge_5_0_+disjointig_2_3588_44283 22303 24817 40695 -1 -1 2298 0.0218181
Chain
	Aln	8	-SRR33939694.25621/1 1 2508 2610 +edge_5_0_+disjointig_2_3588_44283 15877 18391 40695 -1 -1 2298 0.0218181
Chain
	Aln	8	+SRR33939694.25769/1 110 1463 1475 +edge_5_0_+disjointig_2_3588_44283 3877 5226 40695 -1 -1 1311 0.0136835
Chain
	Aln	9	-SRR33939694.25769/1 11 1364 1475 -edge_5_0_+disjointig_2_3588_44283 35468 36817 40695 -1 -1 1311 0.0136835
Chain
	Aln	9	+SRR33939694.25775/1 127 1131 1133 -edge_5_0_+disjointig_2_3588_44283 10168 11194 40695 -1 -1 907 0.0339965
Chain
	Aln	8	-SRR33939694.25775/1 1 1005 1133 +edge_5_0_+disjointig_2_3588_44283 29500 30526 40695 -1 -1 907 0.0339965
Chain
	Aln	8	+SRR33939694.25856/1 120 1246 1253 +edge_5_0_+disjointig_2_3588_44283 27807 28936 40695 -1 -1 1001 0.0188171
Chain
	Aln	9	-SRR33939694.25856/1 6 1132 1253 -edge_5_0_+disjointig_2_3588_44283 11758 12887 40695 -1 -1 1001 0.0188171
Chain
	Aln	9	+SRR33939694.25800/1 111 1370 1372 -edge_5_0_+disjointig_2_3588_44283 34783 36052 40695 -1 -1 1208 0.0159219
Chain
	Aln	8	-SRR33939694.25800/1 1 1260 1372 +edge_5_0_+disjointig_2_3588_44283 4642 5911 40695 -1 -1 1208 0.0159219
Chain
	Aln	9	+SRR33939694.25861/1 111 1212 1240 -edge_5_0_+disjointig_2_3588_44283 14374 15490 40695 -1 -1 991 0.0230001
Chain
	Aln	8	-SRR33939694.25861/1 27 1128 1240 +edge_5_0_+disjointig_2_3588_44283 25204 26320 40695 -1 -1 991 0.0230001
Chain
	Aln	8	+SRR33939694.25896/1 109 1113 1116 +edge_5_0_+disjointig_2_3588_44283 12794 13798 40695 -1 -1 920 0.0219114
Chain
	Aln	9	-SRR33939694.25896/1 2 1006 1116 -edge_5_0_+disjointig_2_3588_44283 26896 27900 40695 -1 -1 920 0.0219114
Chain
	Aln	8	+SRR33939694.25915/1 108 1285 1287 +edge_5_0_+disjointig_2_3588_44283 14679 15868 40695 -1 -1 1055 0.0220789
Chain
	Aln	9	-SRR33939694.25915/1 1 1178 1287 -edge_5_0_+disjointig_2_3588_44283 24826 26015 40695 -1 -1 1055 0.0220789
Chain
	Aln	8	+SRR33939694.25926/1 107 1285 1287 +edge_5_0_+disjointig_2_3588_44283 20099 21267 40695 -1 -1 1022 0.0293046
Chain
	Aln	9	-SRR33939694.25926/1 1 1179 1287 -edge_5_0_+disjointig_2_3588_44283 19427 20595 40695 -1 -1 1022 0.0293046
Chain
	Aln	8	+SRR33939694.25768/1 111 3677 3711 +edge_5_0_+disjointig_2_3588_44283 24420 28009 40695 -1 -1 2796 0.039235
Chain
	Aln	9	-SRR33939694.25768/1 33 3599 3711 -edge_5_0_+disjointig_2_3588_44283 12685 16274 40695 -1 -1 2796 0.039235
Chain
	Aln	8	+SRR33939694.25934/1 102 1528 1537 +edge_5_0_+disjointig_2_3588_44283 31125 32567 40695 -1 -1 1004 0.0462655
Chain
	Aln	9	-SRR33939694.25934/1 8 1434 1537 -edge_5_0_+disjointig_2_3588_44283 8127 9569 40695 -1 -1 1004 0.0462655
Chain
	Aln	9	+SRR33939694.25958/1 114 1187 1214 -edge_5_0_+disjointig_2_3588_44283 5885 6958 40695 -1 -1 875 0.0410929
Chain
	Aln	8	-SRR33939694.25958/1 26 1099 1214 +edge_5_0_+disjointig_2_3588_44283 33736 34809 40695 -1 -1 875 0.0410929
Chain
	Aln	8	+SRR33939694.26042/1 113 1291 1294 +edge_5_0_+disjointig_2_3588_44283 29534 30721 40695 -1 -1 849 0.0538092
Chain
	Aln	9	-SRR33939694.26042/1 2 1180 1294 -edge_5_0_+disjointig_2_3588_44283 9973 11160 40695 -1 -1 849 0.0538092
Chain
	Aln	9	+SRR33939694.25973/1 113 1151 1164 -edge_5_0_+disjointig_2_3588_44283 20908 21941 40695 -1 -1 855 0.0374023
Chain
	Aln	8	-SRR33939694.25973/1 12 1050 1164 +edge_5_0_+disjointig_2_3588_44283 18753 19786 40695 -1 -1 855 0.0374023
Chain
	Aln	9	+SRR33939694.26073/1 107 1276 1293 -edge_5_0_+disjointig_2_3588_44283 19912 21071 40695 -1 -1 1082 0.0253405
Chain
	Aln	8	-SRR33939694.26073/1 16 1185 1293 +edge_5_0_+disjointig_2_3588_44283 19623 20782 40695 -1 -1 1082 0.0253405
Chain
	Aln	8	+SRR33939694.26056/1 110 1439 1441 +edge_5_0_+disjointig_2_3588_44283 4410 5753 40695 -1 -1 1223 0.0260855
Chain
	Aln	9	-SRR33939694.26056/1 1 1330 1441 -edge_5_0_+disjointig_2_3588_44283 34941 36284 40695 -1 -1 1223 0.0260855
Chain
	Aln	9	+SRR33939694.26105/1 115 1242 1254 -edge_5_0_+disjointig_2_3588_44283 10789 11918 40695 -1 -1 1043 0.0222174
Chain
	Aln	8	-SRR33939694.26105/1 11 1138 1254 +edge_5_0_+disjointig_2_3588_44283 28776 29905 40695 -1 -1 1043 0.0222174
Chain
	Aln	9	+SRR33939694.26160/1 124 1179 1191 -edge_5_0_+disjointig_2_3588_44283 5435 6500 40695 -1 -1 1008 0.0131297
Chain
	Aln	8	-SRR33939694.26160/1 11 1066 1191 +edge_5_0_+disjointig_2_3588_44283 34194 35259 40695 -1 -1 1008 0.0131297
Chain
	Aln	9	+SRR33939694.26168/1 124 1277 1309 -edge_5_0_+disjointig_2_3588_44283 24185 25339 40695 -1 -1 905 0.0491334
Chain
	Aln	8	-SRR33939694.26168/1 31 1184 1309 +edge_5_0_+disjointig_2_3588_44283 15355 16509 40695 -1 -1 905 0.0491334
Chain
	Aln	8	+SRR33939694.26180/1 113 1345 1358 +edge_5_0_+disjointig_2_3588_44283 29983 31251 40695 -1 -1 749 0.0678011
Chain
	Aln	9	-SRR33939694.26180/1 12 1244 1358 -edge_5_0_+disjointig_2_3588_44283 9443 10711 40695 -1 -1 749 0.0678011
Chain
	Aln	9	+SRR33939694.26302/1 106 1242 1246 -edge_5_0_+disjointig_2_3588_44283 37177 38332 40695 -1 -1 1009 0.0222026
Chain
	Aln	8	-SRR33939694.26302/1 3 1139 1246 +edge_5_0_+disjointig_2_3588_44283 2362 3517 40695 -1 -1 1009 0.0222026
Chain
	Aln	8	+SRR33939694.26257/1 358 1441 1443 +edge_5_0_+disjointig_2_3588_44283 15 1105 40695 -1 -1 953 0.0249023
Chain
	Aln	9	-SRR33939694.26257/1 1 1084 1443 -edge_5_0_+disjointig_2_3588_44283 39589 40679 40695 -1 -1 953 0.0249023
Chain
	Aln	8	+SRR33939694.26328/1 114 1121 1124 +edge_5_0_+disjointig_2_3588_44283 2307 3311 40695 -1 -1 892 0.024609
Chain
	Aln	9	-SRR33939694.26328/1 2 1009 1124 -edge_5_0_+disjointig_2_3588_44283 37383 38387 40695 -1 -1 892 0.024609
Chain
	Aln	9	+SRR33939694.26324/1 120 1445 1449 -edge_5_0_+disjointig_2_3588_44283 32825 34156 40695 -1 -1 1193 0.0253529
Chain
	Aln	8	-SRR33939694.26324/1 3 1328 1449 +edge_5_0_+disjointig_2_3588_44283 6538 7869 40695 -1 -1 1193 0.0253529
Chain
	Aln	0	+SRR33939694.26207/1 384 1896 1898 +edge_1_0_+disjointig_1_0_20896 4787 6311 20896 -1 -1 1337 0.0223555
Chain
	Aln	1	-SRR33939694.26207/1 1 1513 1898 -edge_1_0_+disjointig_1_0_20896 14584 16108 20896 -1 -1 1337 0.0223555
Chain
	Aln	8	+SRR33939694.26405/1 112 1291 1293 +edge_5_0_+disjointig_2_3588_44283 2538 3720 40695 -1 -1 1027 0.0214439
Chain
	Aln	9	-SRR33939694.26405/1 1 1180 1293 -edge_5_0_+disjointig_2_3588_44283 36974 38156 40695 -1 -1 1027 0.0214439
Chain
	Aln	8	+SRR33939694.26345/1 109 1553 1555 +edge_5_0_+disjointig_2_3588_44283 25500 26962 40695 -1 -1 1138 0.0351087
Chain
	Aln	9	-SRR33939694.26345/1 1 1445 1555 -edge_5_0_+disjointig_2_3588_44283 13732 15194 40695 -1 -1 1138 0.0351087
Chain
	Aln	9	+SRR33939694.26473/1 105 1115 1117 -edge_5_0_+disjointig_2_3588_44283 23858 24890 40695 -1 -1 850 0.0279477
Chain
	Aln	8	-SRR33939694.26473/1 1 1011 1117 +edge_5_0_+disjointig_2_3588_44283 15804 16836 40695 -1 -1 850 0.0279477
Chain
	Aln	9	+SRR33939694.26402/1 105 2145 2158 -edge_5_0_+disjointig_2_3588_44283 30895 32963 40695 -1 -1 1930 0.0189808
Chain
	Aln	8	-SRR33939694.26402/1 12 2052 2158 +edge_5_0_+disjointig_2_3588_44283 7731 9799 40695 -1 -1 1930 0.0189808
Chain
	Aln	8	+SRR33939694.26497/1 129 1267 1308 +edge_5_0_+disjointig_2_3588_44283 29438 30594 40695 -1 -1 1010 0.0330825
Chain
	Aln	9	-SRR33939694.26497/1 40 1178 1308 -edge_5_0_+disjointig_2_3588_44283 10100 11256 40695 -1 -1 1010 0.0330825
Chain
	Aln	8	+SRR33939694.26544/1 105 1182 1231 +edge_5_0_+disjointig_2_3588_44283 8894 9977 40695 -1 -1 976 0.0205364
Chain
	Aln	9	-SRR33939694.26544/1 48 1125 1231 -edge_5_0_+disjointig_2_3588_44283 30717 31800 40695 -1 -1 976 0.0205364
Chain
	Aln	9	+SRR33939694.26591/1 110 1220 1227 -edge_5_0_+disjointig_2_3588_44283 21884 22980 40695 -1 -1 976 0.0241042
Chain
	Aln	8	-SRR33939694.26591/1 6 1116 1227 +edge_5_0_+disjointig_2_3588_44283 17714 18810 40695 -1 -1 976 0.0241042
Chain
	Aln	9	+SRR33939694.26607/1 130 1289 1292 -edge_5_0_+disjointig_2_3588_44283 26728 27890 40695 -1 -1 1146 0.00912046
Chain
	Aln	8	-SRR33939694.26607/1 2 1161 1292 +edge_5_0_+disjointig_2_3588_44283 12804 13966 40695 -1 -1 1146 0.00912046
Chain
	Aln	8	+SRR33939694.26641/1 121 1421 1437 +edge_5_0_+disjointig_2_3588_44283 18426 19744 40695 -1 -1 1191 0.023496
Chain
	Aln	9	-SRR33939694.26641/1 15 1315 1437 -edge_5_0_+disjointig_2_3588_44283 20950 22268 40695 -1 -1 1191 0.023496
Chain
	Aln	9	+SRR33939694.26666/1 115 1347 1349 -edge_5_0_+disjointig_2_3588_44283 26617 27855 40695 -1 -1 1210 0.0120829
Chain
	Aln	8	-SRR33939694.26666/1 1 1233 1349 +edge_5_0_+disjointig_2_3588_44283 12839 14077 40695 -1 -1 1210 0.0120829
Chain
	Aln	8	+SRR33939694.26730/1 146 1325 1327 +edge_5_0_+disjointig_2_3588_44283 37247 38429 40695 -1 -1 1111 0.0145474
Chain
	Aln	9	-SRR33939694.26730/1 1 1180 1327 -edge_5_0_+disjointig_2_3588_44283 2265 3447 40695 -1 -1 1111 0.0145474
Chain
	Aln	9	+SRR33939694.26749/1 99 1182 1185 -edge_5_0_+disjointig_2_3588_44283 31342 32416 40695 -1 -1 1031 0.0165861
Chain
	Aln	8	-SRR33939694.26749/1 2 1085 1185 +edge_5_0_+disjointig_2_3588_44283 8278 9352 40695 -1 -1 1031 0.0165861
Chain
	Aln	8	+SRR33939694.26766/1 117 1395 1400 +edge_5_0_+disjointig_2_3588_44283 19802 21084 40695 -1 -1 1234 0.0138459
Chain
	Aln	9	-SRR33939694.26766/1 4 1282 1400 -edge_5_0_+disjointig_2_3588_44283 19610 20892 40695 -1 -1 1234 0.0138459
Chain
	Aln	9	+SRR33939694.26784/1 108 1159 1180 -edge_5_0_+disjointig_2_3588_44283 38657 39700 40695 -1 -1 815 0.0504888
Chain
	Aln	8	-SRR33939694.26784/1 20 1071 1180 +edge_5_0_+disjointig_2_3588_44283 994 2037 40695 -1 -1 815 0.0504888
Chain
	Aln	9	+SRR33939694.26767/1 145 1261 1298 -edge_5_0_+disjointig_2_3588_44283 18473 19608 40695 -1 -1 719 0.0647665
Chain
	Aln	8	-SRR33939694.26767/1 36 1152 1298 +edge_5_0_+disjointig_2_3588_44283 21086 22221 40695 -1 -1 719 0.0647665
Chain
	Aln	9	+SRR33939694.26855/1 109 1113 1115 -edge_5_0_+disjointig_2_3588_44283 35350 36350 40695 -1 -1 770 0.0434667
Chain
	Aln	8	-SRR33939694.26855/1 1 1005 1115 +edge_5_0_+disjointig_2_3588_44283 4344 5344 40695 -1 -1 770 0.0434667
Chain
	Aln	8	+SRR33939694.26812/1 111 1632 1634 +edge_5_0_+disjointig_2_3588_44283 4268 5820 40695 -1 -1 1204 0.0418561
Chain
	Aln	9	-SRR33939694.26812/1 1 1522 1634 -edge_5_0_+disjointig_2_3588_44283 34874 36426 40695 -1 -1 1204 0.0418561
Chain
	Aln	8	+SRR33939694.26957/1 112 1377 1380 +edge_5_0_+disjointig_2_3588_44283 38514 39796 40695 -1 -1 1117 0.0245242
Chain
	Aln	9	-SRR33939694.26957/1 2 1267 1380 -edge_5_0_+disjointig_2_3588_44283 898 2180 40695 -1 -1 1117 0.0245242
Chain
	Aln	8	+SRR33939694.27043/1 102 1272 1305 +edge_5_0_+disjointig_2_3588_44283 12908 14140 40695 -1 -1 961 0.039386
Chain
	Aln	9	-SRR33939694.27043/1 32 1202 1305 -edge_5_0_+disjointig_2_3588_44283 26554 27786 40695 -1 -1 961 0.039386
Chain
	Aln	9	+SRR33939694.27197/1 168 1285 1288 -edge_5_0_+disjointig_2_3588_44283 25928 27050 40695 -1 -1 1046 0.0182362
Chain
	Aln	8	-SRR33939694.27197/1 2 1119 1288 +edge_5_0_+disjointig_2_3588_44283 13644 14766 40695 -1 -1 1046 0.0182362
Chain
	Aln	7	+SRR33939694.27096/1 234 1627 1647 -edge_4_0_+disjointig_1_22059_47419 11151 12534 25360 -1 -1 909 0.0642219
Chain
	Aln	6	-SRR33939694.27096/1 19 1412 1647 +edge_4_0_+disjointig_1_22059_47419 12825 14208 25360 -1 -1 909 0.0642219
Chain
	Aln	8	+SRR33939694.27354/1 117 1179 1182 +edge_5_0_+disjointig_2_3588_44283 8136 9204 40695 -1 -1 1022 0.0129506
Chain
	Aln	9	-SRR33939694.27354/1 2 1064 1182 -edge_5_0_+disjointig_2_3588_44283 31490 32558 40695 -1 -1 1022 0.0129506
Chain
	Aln	8	+SRR33939694.27329/1 117 1265 1267 +edge_5_0_+disjointig_2_3588_44283 37297 38457 40695 -1 -1 1055 0.023356
Chain
	Aln	9	-SRR33939694.27329/1 1 1149 1267 -edge_5_0_+disjointig_2_3588_44283 2237 3397 40695 -1 -1 1055 0.023356
Chain
	Aln	9	+SRR33939694.27364/1 113 1116 1132 -edge_5_0_+disjointig_2_3588_44283 36475 37473 40695 -1 -1 769 0.0392597
Chain
	Aln	8	-SRR33939694.27364/1 15 1018 1132 +edge_5_0_+disjointig_2_3588_44283 3221 4219 40695 -1 -1 769 0.0392597
Chain
	Aln	9	+SRR33939694.27345/1 117 2075 2092 -edge_5_0_+disjointig_2_3588_44283 1568 3536 40695 -1 -1 1499 0.0437755
Chain
	Aln	8	-SRR33939694.27345/1 16 1974 2092 +edge_5_0_+disjointig_2_3588_44283 37158 39126 40695 -1 -1 1499 0.0437755
Chain
	Aln	8	+SRR33939694.27443/1 126 1187 1208 +edge_5_0_+disjointig_2_3588_44283 14344 15412 40695 -1 -1 866 0.0358472
Chain
	Aln	9	-SRR33939694.27443/1 20 1081 1208 -edge_5_0_+disjointig_2_3588_44283 25282 26350 40695 -1 -1 866 0.0358472
Chain
	Aln	8	+SRR33939694.27456/1 153 1168 1178 +edge_5_0_+disjointig_2_3588_44283 19723 20723 40695 -1 -1 887 0.029694
Chain
	Aln	9	-SRR33939694.27456/1 9 1024 1178 -edge_5_0_+disjointig_2_3588_44283 19971 20971 40695 -1 -1 887 0.029694
Chain
	Aln	9	+SRR33939694.27460/1 120 1246 1253 -edge_5_0_+disjointig_2_3588_44283 5617 6747 40695 -1 -1 979 0.0277695
Chain
	Aln	8	-SRR33939694.27460/1 6 1132 1253 +edge_5_0_+disjointig_2_3588_44283 33947 35077 40695 -1 -1 979 0.0277695
Chain
	Aln	8	+SRR33939694.27463/1 132 2260 2262 +edge_5_0_+disjointig_2_3588_44283 36155 38280 40695 -1 -1 1906 0.0240209
Chain
	Aln	9	-SRR33939694.27463/1 1 2129 2262 -edge_5_0_+disjointig_2_3588_44283 2414 4539 40695 -1 -1 1906 0.0240209
Chain
	Aln	9	+SRR33939694.27503/1 111 2375 2386 -edge_5_0_+disjointig_2_3588_44283 2657 4940 40695 -1 -1 1789 0.0415121
Chain
	Aln	8	-SRR33939694.27503/1 10 2274 2386 +edge_5_0_+disjointig_2_3588_44283 35754 38037 40695 -1 -1 1789 0.0415121
Chain
	Aln	8	+SRR33939694.27554/1 111 1848 1850 +edge_5_0_+disjointig_2_3588_44283 14885 16618 40695 -1 -1 1648 0.0157278
Chain
	Aln	9	-SRR33939694.27554/1 1 1738 1850 -edge_5_0_+disjointig_2_3588_44283 24076 25809 40695 -1 -1 1648 0.0157278
Chain
	Aln	8	+SRR33939694.27657/1 109 1355 1357 +edge_5_0_+disjointig_2_3588_44283 21273 22532 40695 -1 -1 1137 0.0176251
Chain
	Aln	9	-SRR33939694.27657/1 1 1247 1357 -edge_5_0_+disjointig_2_3588_44283 18162 19421 40695 -1 -1 1137 0.0176251
Chain
	Aln	8	+SRR33939694.27688/1 107 1289 1291 +edge_5_0_+disjointig_2_3588_44283 30394 31590 40695 -1 -1 1078 0.020649
Chain
	Aln	9	-SRR33939694.27688/1 1 1183 1291 -edge_5_0_+disjointig_2_3588_44283 9104 10300 40695 -1 -1 1078 0.020649
Chain
	Aln	9	+SRR33939694.27672/1 132 1615 1617 -edge_5_0_+disjointig_2_3588_44283 5651 7144 40695 -1 -1 1325 0.025606
Chain
	Aln	8	-SRR33939694.27672/1 1 1484 1617 +edge_5_0_+disjointig_2_3588_44283 33550 35043 40695 -1 -1 1325 0.025606
Chain
	Aln	8	+SRR33939694.26802/1 106 13155 13157 +edge_5_0_+disjointig_2_3588_44283 16384 29464 40695 -1 -1 11519 0.0230081
Chain
	Aln	9	-SRR33939694.26802/1 1 13050 13157 -edge_5_0_+disjointig_2_3588_44283 11230 24310 40695 -1 -1 11519 0.0230081
Chain
	Aln	8	+SRR33939694.27732/1 112 1180 1186 +edge_5_0_+disjointig_2_3588_44283 37296 38354 40695 -1 -1 980 0.0201804
Chain
	Aln	9	-SRR33939694.27732/1 5 1073 1186 -edge_5_0_+disjointig_2_3588_44283 2340 3398 40695 -1 -1 980 0.0201804
Chain
	Aln	9	+SRR33939694.27704/1 112 1598 1616 -edge_5_0_+disjointig_2_3588_44283 36918 38406 40695 -1 -1 1386 0.0181358
Chain
	Aln	8	-SRR33939694.27704/1 17 1503 1616 +edge_5_0_+disjointig_2_3588_44283 2288 3776 40695 -1 -1 1386 0.0181358
Chain
	Aln	1	+SRR33939694.27553/1 281 5089 5091 -edge_1_0_+disjointig_1_0_20896 11660 16567 20896 -1 -1 3212 0.0555614
Chain
	Aln	0	-SRR33939694.27553/1 1 4809 5091 +edge_1_0_+disjointig_1_0_20896 4328 9235 20896 -1 -1 3212 0.0555614
Chain
	Aln	8	+SRR33939694.27758/1 115 1541 1552 +edge_5_0_+disjointig_2_3588_44283 7234 8661 40695 -1 -1 1341 0.0192835
Chain
	Aln	9	-SRR33939694.27758/1 10 1436 1552 -edge_5_0_+disjointig_2_3588_44283 32033 33460 40695 -1 -1 1341 0.0192835
Chain
	Aln	9	+SRR33939694.27772/1 119 1138 1143 -edge_5_0_+disjointig_2_3588_44283 31043 32065 40695 -1 -1 941 0.0212783
Chain
	Aln	8	-SRR33939694.27772/1 4 1023 1143 +edge_5_0_+disjointig_2_3588_44283 8629 9651 40695 -1 -1 941 0.0212783
Chain
	Aln	8	+SRR33939694.27798/1 103 1567 1573 +edge_5_0_+disjointig_2_3588_44283 28730 30209 40695 -1 -1 1046 0.0530046
Chain
	Aln	9	-SRR33939694.27798/1 5 1469 1573 -edge_5_0_+disjointig_2_3588_44283 10485 11964 40695 -1 -1 1046 0.0530046
Chain
	Aln	5	+SRR33939694.27858/1 130 1329 1331 -edge_3_0_-disjointig_2_41855_44283 5 1215 2428 -1 -1 1141 0.0190696
Chain
	Aln	4	-SRR33939694.27858/1 1 1200 1331 +edge_3_0_-disjointig_2_41855_44283 1212 2422 2428 -1 -1 1141 0.0190696
Chain
	Aln	9	+SRR33939694.27848/1 107 1205 1209 -edge_5_0_+disjointig_2_3588_44283 37758 38876 40695 -1 -1 1013 0.0314751
Chain
	Aln	8	-SRR33939694.27848/1 3 1101 1209 +edge_5_0_+disjointig_2_3588_44283 1818 2936 40695 -1 -1 1013 0.0314751
Chain
	Aln	6	+SRR33939694.27824/1 119 2275 2326 +edge_4_0_+disjointig_1_22059_47419 20662 22801 25360 -1 -1 1687 0.0427624
Chain
	Aln	7	-SRR33939694.27824/1 50 2206 2326 -edge_4_0_+disjointig_1_22059_47419 2558 4697 25360 -1 -1 1687 0.0427624
Chain
	Aln	9	+SRR33939694.28033/1 120 1341 1348 -edge_5_0_+disjointig_2_3588_44283 8877 10105 40695 -1 -1 1111 0.0258077
Chain
	Aln	8	-SRR33939694.28033/1 6 1227 1348 +edge_5_0_+disjointig_2_3588_44283 30589 31817 40695 -1 -1 1111 0.0258077
Chain
	Aln	8	+SRR33939694.28106/1 193 1310 1314 +edge_5_0_+disjointig_2_3588_44283 6158 7255 40695 -1 -1 779 0.0479267
Chain
	Aln	9	-SRR33939694.28106/1 3 1120 1314 -edge_5_0_+disjointig_2_3588_44283 33439 34536 40695 -1 -1 779 0.0479267
Chain
	Aln	8	+SRR33939694.28126/1 115 1295 1308 +edge_5_0_+disjointig_2_3588_44283 20778 21973 40695 -1 -1 932 0.0362994
Chain
	Aln	9	-SRR33939694.28126/1 12 1192 1308 -edge_5_0_+disjointig_2_3588_44283 18721 19916 40695 -1 -1 932 0.0362994
Chain
	Aln	4	+SRR33939694.27989/1 223 1618 1634 +edge_3_0_-disjointig_2_41855_44283 6 1412 2428 -1 -1 1248 0.027632
Chain
	Aln	5	-SRR33939694.27989/1 15 1410 1634 -edge_3_0_-disjointig_2_41855_44283 1015 2421 2428 -1 -1 1248 0.027632
Chain
	Aln	9	+SRR33939694.28336/1 108 1126 1151 -edge_5_0_+disjointig_2_3588_44283 22236 23273 40695 -1 -1 663 0.0549507
Chain
	Aln	8	-SRR33939694.28336/1 24 1042 1151 +edge_5_0_+disjointig_2_3588_44283 17421 18458 40695 -1 -1 663 0.0549507
Chain
	Aln	8	+SRR33939694.28338/1 106 1546 1553 +edge_5_0_+disjointig_2_3588_44283 5928 7380 40695 -1 -1 1285 0.0252
Chain
	Aln	9	-SRR33939694.28338/1 6 1446 1553 -edge_5_0_+disjointig_2_3588_44283 33314 34766 40695 -1 -1 1285 0.0252
Chain
	Aln	8	+SRR33939694.28329/1 116 1695 1697 +edge_5_0_+disjointig_2_3588_44283 4402 5989 40695 -1 -1 1303 0.0291367
Chain
	Aln	9	-SRR33939694.28329/1 1 1580 1697 -edge_5_0_+disjointig_2_3588_44283 34705 36292 40695 -1 -1 1303 0.0291367
Chain
	Aln	8	+SRR33939694.28350/1 123 1191 1193 +edge_5_0_+disjointig_2_3588_44283 25078 26156 40695 -1 -1 952 0.030147
Chain
	Aln	9	-SRR33939694.28350/1 1 1069 1193 -edge_5_0_+disjointig_2_3588_44283 14538 15616 40695 -1 -1 952 0.030147
Chain
	Aln	9	+SRR33939694.28361/1 107 1240 1242 -edge_5_0_+disjointig_2_3588_44283 31287 32407 40695 -1 -1 1027 0.0196026
Chain
	Aln	8	-SRR33939694.28361/1 1 1134 1242 +edge_5_0_+disjointig_2_3588_44283 8287 9407 40695 -1 -1 1027 0.0196026
Chain
	Aln	9	+SRR33939694.28367/1 141 1368 1377 -edge_5_0_+disjointig_2_3588_44283 34132 35382 40695 -1 -1 941 0.043404
Chain
	Aln	8	-SRR33939694.28367/1 8 1235 1377 +edge_5_0_+disjointig_2_3588_44283 5312 6562 40695 -1 -1 941 0.043404
Chain
	Aln	9	+SRR33939694.28411/1 117 1176 1186 -edge_5_0_+disjointig_2_3588_44283 38699 39761 40695 -1 -1 934 0.0166727
Chain
	Aln	8	-SRR33939694.28411/1 9 1068 1186 +edge_5_0_+disjointig_2_3588_44283 933 1995 40695 -1 -1 934 0.0166727
Chain
	Aln	8	+SRR33939694.28425/1 124 1169 1191 +edge_5_0_+disjointig_2_3588_44283 1499 2568 40695 -1 -1 902 0.025943
Chain
	Aln	9	-SRR33939694.28425/1 21 1066 1191 -edge_5_0_+disjointig_2_3588_44283 38126 39195 40695 -1 -1 902 0.025943
Chain
	Aln	9	+SRR33939694.28363/1 113 2072 2074 -edge_5_0_+disjointig_2_3588_44283 18716 20699 40695 -1 -1 1698 0.0277422
Chain
	Aln	8	-SRR33939694.28363/1 1 1960 2074 +edge_5_0_+disjointig_2_3588_44283 19995 21978 40695 -1 -1 1698 0.0277422
Chain
	Aln	9	+SRR33939694.28456/1 122 1574 1624 -edge_5_0_+disjointig_2_3588_44283 4574 6035 40695 -1 -1 1116 0.0417232
Chain
	Aln	8	-SRR33939694.28456/1 49 1501 1624 +edge_5_0_+disjointig_2_3588_44283 34659 36120 40695 -1 -1 1116 0.0417232
Chain
	Aln	8	+SRR33939694.28499/1 118 1714 1740 +edge_5_0_+disjointig_2_3588_44283 37322 38926 40695 -1 -1 1168 0.0519928
Chain
	Aln	9	-SRR33939694.28499/1 25 1621 1740 -edge_5_0_+disjointig_2_3588_44283 1768 3372 40695 -1 -1 1168 0.0519928
Chain
	Aln	9	+SRR33939694.28377/1 119 3225 3240 -edge_5_0_+disjointig_2_3588_44283 33581 36711 40695 -1 -1 2492 0.0411607
Chain
	Aln	8	-SRR33939694.28377/1 14 3120 3240 +edge_5_0_+disjointig_2_3588_44283 3983 7113 40695 -1 -1 2492 0.0411607
Chain
	Aln	8	+SRR33939694.28592/1 116 1198 1201 +edge_5_0_+disjointig_2_3588_44283 13472 14567 40695 -1 -1 983 0.0237854
Chain
	Aln	9	-SRR33939694.28592/1 2 1084 1201 -edge_5_0_+disjointig_2_3588_44283 26127 27222 40695 -1 -1 983 0.0237854
Chain
	Aln	9	+SRR33939694.28558/1 108 1882 1889 -edge_5_0_+disjointig_2_3588_44283 28797 30583 40695 -1 -1 1716 0.013424
Chain
	Aln	8	-SRR33939694.28558/1 6 1780 1889 +edge_5_0_+disjointig_2_3588_44283 10111 11897 40695 -1 -1 1716 0.013424
Chain
	Aln	8	+SRR33939694.28568/1 111 1889 1892 +edge_5_0_+disjointig_2_3588_44283 29645 31419 40695 -1 -1 1692 0.0224767
Chain
	Aln	9	-SRR33939694.28568/1 2 1780 1892 -edge_5_0_+disjointig_2_3588_44283 9275 11049 40695 -1 -1 1692 0.0224767
Chain
	Aln	8	+SRR33939694.28607/1 435 1486 1489 +edge_5_0_+disjointig_2_3588_44283 3889 4947 40695 -1 -1 888 0.0290454
Chain
	Aln	9	-SRR33939694.28607/1 2 1053 1489 -edge_5_0_+disjointig_2_3588_44283 35747 36805 40695 -1 -1 888 0.0290454
Chain
	Aln	8	+SRR33939694.28717/1 119 1145 1148 +edge_5_0_+disjointig_2_3588_44283 32670 33712 40695 -1 -1 991 0.0141719
Chain
	Aln	9	-SRR33939694.28717/1 2 1028 1148 -edge_5_0_+disjointig_2_3588_44283 6982 8024 40695 -1 -1 991 0.0141719
Chain
	Aln	9	+SRR33939694.28672/1 144 1343 1345 -edge_5_0_+disjointig_2_3588_44283 24214 25420 40695 -1 -1 1111 0.0161138
Chain
	Aln	8	-SRR33939694.28672/1 1 1200 1345 +edge_5_0_+disjointig_2_3588_44283 15274 16480 40695 -1 -1 1111 0.0161138
Chain
	Aln	8	+SRR33939694.28756/1 135 1236 1238 +edge_5_0_+disjointig_2_3588_44283 35796 36905 40695 -1 -1 621 0.0859427
Chain
	Aln	9	-SRR33939694.28756/1 1 1102 1238 -edge_5_0_+disjointig_2_3588_44283 3789 4898 40695 -1 -1 621 0.0859427
Chain
	Aln	8	+SRR33939694.28723/1 110 1367 1385 +edge_5_0_+disjointig_2_3588_44283 25559 26807 40695 -1 -1 1173 0.0184219
Chain
	Aln	9	-SRR33939694.28723/1 17 1274 1385 -edge_5_0_+disjointig_2_3588_44283 13887 15135 40695 -1 -1 1173 0.0184219
Chain
	Aln	9	+SRR33939694.28745/1 111 1293 1298 -edge_5_0_+disjointig_2_3588_44283 19221 20418 40695 -1 -1 1080 0.0208382
Chain
	Aln	8	-SRR33939694.28745/1 4 1186 1298 +edge_5_0_+disjointig_2_3588_44283 20276 21473 40695 -1 -1 1080 0.0208382
Chain
	Aln	8	+SRR33939694.28814/1 138 1178 1186 +edge_5_0_+disjointig_2_3588_44283 32413 33462 40695 -1 -1 907 0.0331905
Chain
	Aln	9	-SRR33939694.28814/1 7 1047 1186 -edge_5_0_+disjointig_2_3588_44283 7232 8281 40695 -1 -1 907 0.0331905
Chain
	Aln	7	+SRR33939694.28797/1 216 1352 1363 -edge_4_0_+disjointig_1_22059_47419 22073 23232 25360 -1 -1 917 0.0393533
Chain
	Aln	6	-SRR33939694.28797/1 10 1146 1363 +edge_4_0_+disjointig_1_22059_47419 2127 3286 25360 -1 -1 917 0.0393533
Chain
	Aln	9	+SRR33939694.28843/1 114 1130 1132 -edge_5_0_+disjointig_2_3588_44283 28672 29688 40695 -1 -1 955 0.0166259
Chain
	Aln	8	-SRR33939694.28843/1 1 1017 1132 +edge_5_0_+disjointig_2_3588_44283 11006 12022 40695 -1 -1 955 0.0166259
Chain
	Aln	9	+SRR33939694.28882/1 117 1136 1138 -edge_5_0_+disjointig_2_3588_44283 1361 2370 40695 -1 -1 998 0.00943677
Chain
	Aln	8	-SRR33939694.28882/1 1 1020 1138 +edge_5_0_+disjointig_2_3588_44283 38324 39333 40695 -1 -1 998 0.00943677
Chain
	Aln	8	+SRR33939694.28834/1 113 1163 1166 +edge_5_0_+disjointig_2_3588_44283 858 1915 40695 -1 -1 1034 0.0114549
Chain
	Aln	9	-SRR33939694.28834/1 2 1052 1166 -edge_5_0_+disjointig_2_3588_44283 38779 39836 40695 -1 -1 1034 0.0114549
Chain
	Aln	9	+SRR33939694.28899/1 106 1225 1231 -edge_5_0_+disjointig_2_3588_44283 10048 11175 40695 -1 -1 1058 0.0221131
Chain
	Aln	8	-SRR33939694.28899/1 5 1124 1231 +edge_5_0_+disjointig_2_3588_44283 29519 30646 40695 -1 -1 1058 0.0221131
Chain
	Aln	8	+SRR33939694.28911/1 112 1138 1140 +edge_5_0_+disjointig_2_3588_44283 18815 19841 40695 -1 -1 987 0.0123341
Chain
	Aln	9	-SRR33939694.28911/1 1 1027 1140 -edge_5_0_+disjointig_2_3588_44283 20853 21879 40695 -1 -1 987 0.0123341
Chain
	Aln	8	+SRR33939694.28909/1 491 1642 1644 +edge_5_0_+disjointig_2_3588_44283 1 1162 40695 -1 -1 960 0.0295289
Chain
	Aln	9	-SRR33939694.28909/1 1 1152 1644 -edge_5_0_+disjointig_2_3588_44283 39532 40693 40695 -1 -1 960 0.0295289
Chain
	Aln	9	+SRR33939694.28920/1 117 1912 1915 -edge_5_0_+disjointig_2_3588_44283 27157 28947 40695 -1 -1 1667 0.0184178
Chain
	Aln	8	-SRR33939694.28920/1 2 1797 1915 +edge_5_0_+disjointig_2_3588_44283 11747 13537 40695 -1 -1 1667 0.0184178
Chain
	Aln	8	+SRR33939694.28992/1 110 1246 1249 +edge_5_0_+disjointig_2_3588_44283 9441 10565 40695 -1 -1 913 0.0383729
Chain
	Aln	9	-SRR33939694.28992/1 2 1138 1249 -edge_5_0_+disjointig_2_3588_44283 30129 31253 40695 -1 -1 913 0.0383729
Chain
	Aln	8	+SRR33939694.29068/1 116 1160 1162 +edge_5_0_+disjointig_2_3588_44283 37297 38342 40695 -1 -1 1014 0.00911491
Chain
	Aln	9	-SRR33939694.29068/1 1 1045 1162 -edge_5_0_+disjointig_2_3588_44283 2352 3397 40695 -1 -1 1014 0.00911491
Chain
	Aln	9	+SRR33939694.29085/1 120 1195 1198 -edge_5_0_+disjointig_2_3588_44283 35185 36261 40695 -1 -1 967 0.0278888
Chain
	Aln	8	-SRR33939694.29085/1 2 1077 1198 +edge_5_0_+disjointig_2_3588_44283 4433 5509 40695 -1 -1 967 0.0278888
Chain
	Aln	8	+SRR33939694.29044/1 112 1627 1629 +edge_5_0_+disjointig_2_3588_44283 503 2014 40695 -1 -1 1435 0.0137932
Chain
	Aln	9	-SRR33939694.29044/1 1 1516 1629 -edge_5_0_+disjointig_2_3588_44283 38680 40191 40695 -1 -1 1435 0.0137932
Chain
	Aln	8	+SRR33939694.29213/1 110 1641 1643 +edge_5_0_+disjointig_2_3588_44283 26484 28004 40695 -1 -1 1329 0.0269019
Chain
	Aln	9	-SRR33939694.29213/1 1 1532 1643 -edge_5_0_+disjointig_2_3588_44283 12690 14210 40695 -1 -1 1329 0.0269019
Chain
	Aln	8	+SRR33939694.29225/1 169 1176 1715 +edge_5_0_+disjointig_2_3588_44283 32830 33853 40695 -1 -1 914 0.0269754
Chain
	Aln	9	-SRR33939694.29225/1 538 1545 1715 -edge_5_0_+disjointig_2_3588_44283 6841 7864 40695 -1 -1 914 0.0269754
Chain
	Aln	9	+SRR33939694.29245/1 117 1573 1586 -edge_5_0_+disjointig_2_3588_44283 18901 20364 40695 -1 -1 1295 0.0252716
Chain
	Aln	8	-SRR33939694.29245/1 12 1468 1586 +edge_5_0_+disjointig_2_3588_44283 20330 21793 40695 -1 -1 1295 0.0252716
Chain
	Aln	8	+SRR33939694.29273/1 135 1405 1407 +edge_5_0_+disjointig_2_3588_44283 14890 16171 40695 -1 -1 1112 0.0337438
Chain
	Aln	9	-SRR33939694.29273/1 1 1271 1407 -edge_5_0_+disjointig_2_3588_44283 24523 25804 40695 -1 -1 1112 0.0337438
Chain
	Aln	8	+SRR33939694.29326/1 118 1281 1299 +edge_5_0_+disjointig_2_3588_44283 19269 20457 40695 -1 -1 1033 0.028099
Chain
	Aln	9	-SRR33939694.29326/1 17 1180 1299 -edge_5_0_+disjointig_2_3588_44283 20237 21425 40695 -1 -1 1033 0.028099
Chain
	Aln	8	+SRR33939694.29440/1 117 1325 1329 +edge_5_0_+disjointig_2_3588_44283 7017 8226 40695 -1 -1 1154 0.0101651
Chain
	Aln	9	-SRR33939694.29440/1 3 1211 1329 -edge_5_0_+disjointig_2_3588_44283 32468 33677 40695 -1 -1 1154 0.0101651
Chain
	Aln	9	+SRR33939694.29449/1 116 1292 1294 -edge_5_0_+disjointig_2_3588_44283 1163 2340 40695 -1 -1 1102 0.0173085
Chain
	Aln	8	-SRR33939694.29449/1 1 1177 1294 +edge_5_0_+disjointig_2_3588_44283 38354 39531 40695 -1 -1 1102 0.0173085
Chain
	Aln	9	+SRR33939694.29468/1 113 1340 1352 -edge_5_0_+disjointig_2_3588_44283 1402 2632 40695 -1 -1 1086 0.0234992
Chain
	Aln	8	-SRR33939694.29468/1 11 1238 1352 +edge_5_0_+disjointig_2_3588_44283 38062 39292 40695 -1 -1 1086 0.0234992
Chain
	Aln	8	+SRR33939694.29513/1 304 1587 1589 +edge_5_0_+disjointig_2_3588_44283 23050 24332 40695 -1 -1 1188 0.0248495
Chain
	Aln	9	-SRR33939694.29513/1 1 1284 1589 -edge_5_0_+disjointig_2_3588_44283 16362 17644 40695 -1 -1 1188 0.0248495
Chain
	Aln	1	+SRR33939694.29532/1 220 1291 1293 -edge_1_0_+disjointig_1_0_20896 5963 7047 20896 -1 -1 965 0.0249085
Chain
	Aln	0	-SRR33939694.29532/1 1 1072 1293 +edge_1_0_+disjointig_1_0_20896 13848 14932 20896 -1 -1 965 0.0249085
Chain
	Aln	9	+SRR33939694.29535/1 111 1390 1394 -edge_5_0_+disjointig_2_3588_44283 33606 34892 40695 -1 -1 1119 0.0296486
Chain
	Aln	8	-SRR33939694.29535/1 3 1282 1394 +edge_5_0_+disjointig_2_3588_44283 5802 7088 40695 -1 -1 1119 0.0296486
Chain
	Aln	8	+SRR33939694.29595/1 110 1313 1315 +edge_5_0_+disjointig_2_3588_44283 5042 6254 40695 -1 -1 1075 0.0229182
Chain
	Aln	9	-SRR33939694.29595/1 1 1204 1315 -edge_5_0_+disjointig_2_3588_44283 34440 35652 40695 -1 -1 1075 0.0229182
Chain
	Aln	8	+SRR33939694.29525/1 110 2815 2835 +edge_5_0_+disjointig_2_3588_44283 12402 15103 40695 -1 -1 2489 0.0218391
Chain
	Aln	9	-SRR33939694.29525/1 19 2724 2835 -edge_5_0_+disjointig_2_3588_44283 25591 28292 40695 -1 -1 2489 0.0218391
Chain
	Aln	8	+SRR33939694.29628/1 104 1493 1540 +edge_5_0_+disjointig_2_3588_44283 22296 23681 40695 -1 -1 1158 0.035329
Chain
	Aln	9	-SRR33939694.29628/1 46 1435 1540 -edge_5_0_+disjointig_2_3588_44283 17013 18398 40695 -1 -1 1158 0.035329
Chain
	Aln	8	+SRR33939694.29671/1 119 1475 1477 +edge_5_0_+disjointig_2_3588_44283 11378 12738 40695 -1 -1 1183 0.0278593
Chain
	Aln	9	-SRR33939694.29671/1 1 1357 1477 -edge_5_0_+disjointig_2_3588_44283 27956 29316 40695 -1 -1 1183 0.0278593
Chain
	Aln	8	+SRR33939694.29815/1 115 1137 1140 +edge_5_0_+disjointig_2_3588_44283 3432 4475 40695 -1 -1 832 0.0354769
Chain
	Aln	9	-SRR33939694.29815/1 2 1024 1140 -edge_5_0_+disjointig_2_3588_44283 36219 37262 40695 -1 -1 832 0.0354769
Chain
	Aln	9	+SRR33939694.29785/1 111 1478 1481 -edge_5_0_+disjointig_2_3588_44283 15398 16761 40695 -1 -1 1198 0.0265158
Chain
	Aln	8	-SRR33939694.29785/1 2 1369 1481 +edge_5_0_+disjointig_2_3588_44283 23933 25296 40695 -1 -1 1198 0.0265158
Chain
	Aln	9	+SRR33939694.29860/1 103 1184 1190 -edge_5_0_+disjointig_2_3588_44283 19581 20668 40695 -1 -1 1032 0.0260752
Chain
	Aln	8	-SRR33939694.29860/1 5 1086 1190 +edge_5_0_+disjointig_2_3588_44283 20026 21113 40695 -1 -1 1032 0.0260752
Chain
	Aln	8	+SRR33939694.29855/1 115 1335 1346 +edge_5_0_+disjointig_2_3588_44283 23011 24245 40695 -1 -1 1056 0.0286012
Chain
	Aln	9	-SRR33939694.29855/1 10 1230 1346 -edge_5_0_+disjointig_2_3588_44283 16449 17683 40695 -1 -1 1056 0.0286012
Chain
	Aln	8	+SRR33939694.29832/1 104 1332 1344 +edge_5_0_+disjointig_2_3588_44283 15380 16606 40695 -1 -1 1053 0.0283145
Chain
	Aln	9	-SRR33939694.29832/1 11 1239 1344 -edge_5_0_+disjointig_2_3588_44283 24088 25314 40695 -1 -1 1053 0.0283145
Chain
	Aln	8	+SRR33939694.29906/1 113 1597 1601 +edge_5_0_+disjointig_2_3588_44283 9078 10568 40695 -1 -1 1457 0.0117431
Chain
	Aln	9	-SRR33939694.29906/1 3 1487 1601 -edge_5_0_+disjointig_2_3588_44283 30126 31616 40695 -1 -1 1457 0.0117431
Chain
	Aln	8	+SRR33939694.29891/1 133 1890 1892 +edge_5_0_+disjointig_2_3588_44283 36426 38185 40695 -1 -1 1582 0.0223321
Chain
	Aln	9	-SRR33939694.29891/1 1 1758 1892 -edge_5_0_+disjointig_2_3588_44283 2509 4268 40695 -1 -1 1582 0.0223321
Chain
	Aln	9	+SRR33939694.29948/1 116 1550 1558 -edge_5_0_+disjointig_2_3588_44283 26744 28179 40695 -1 -1 1357 0.0214744
Chain
	Aln	8	-SRR33939694.29948/1 7 1441 1558 +edge_5_0_+disjointig_2_3588_44283 12515 13950 40695 -1 -1 1357 0.0214744
Chain
	Aln	9	+SRR33939694.29953/1 105 1284 1289 -edge_5_0_+disjointig_2_3588_44283 30319 31518 40695 -1 -1 1086 0.0259847
Chain
	Aln	8	-SRR33939694.29953/1 4 1183 1289 +edge_5_0_+disjointig_2_3588_44283 9176 10375 40695 -1 -1 1086 0.0259847
Chain
	Aln	8	+SRR33939694.30014/1 158 1211 1215 +edge_5_0_+disjointig_2_3588_44283 4687 5743 40695 -1 -1 1041 0.00709317
Chain
	Aln	9	-SRR33939694.30014/1 3 1056 1215 -edge_5_0_+disjointig_2_3588_44283 34951 36007 40695 -1 -1 1041 0.00709317
Chain
	Aln	8	+SRR33939694.30077/1 119 1120 1122 +edge_5_0_+disjointig_2_3588_44283 36753 37763 40695 -1 -1 799 0.0337924
Chain
	Aln	9	-SRR33939694.30077/1 1 1002 1122 -edge_5_0_+disjointig_2_3588_44283 2931 3941 40695 -1 -1 799 0.0337924
Chain
	Aln	8	+SRR33939694.30061/1 115 1190 1197 +edge_5_0_+disjointig_2_3588_44283 22474 23556 40695 -1 -1 1021 0.0182135
Chain
	Aln	9	-SRR33939694.30061/1 6 1081 1197 -edge_5_0_+disjointig_2_3588_44283 17138 18220 40695 -1 -1 1021 0.0182135
Chain
	Aln	9	+SRR33939694.30067/1 107 1405 1411 -edge_5_0_+disjointig_2_3588_44283 28438 29764 40695 -1 -1 1038 0.0448424
Chain
	Aln	8	-SRR33939694.30067/1 5 1303 1411 +edge_5_0_+disjointig_2_3588_44283 10930 12256 40695 -1 -1 1038 0.0448424
Chain
	Aln	8	+SRR33939694.30115/1 121 1472 1479 +edge_5_0_+disjointig_2_3588_44283 21691 23040 40695 -1 -1 1290 0.0117048
Chain
	Aln	9	-SRR33939694.30115/1 6 1357 1479 -edge_5_0_+disjointig_2_3588_44283 17654 19003 40695 -1 -1 1290 0.0117048
Chain
	Aln	8	+SRR33939694.30130/1 101 1347 1349 +edge_5_0_+disjointig_2_3588_44283 3683 4946 40695 -1 -1 1131 0.0244882
Chain
	Aln	9	-SRR33939694.30130/1 1 1247 1349 -edge_5_0_+disjointig_2_3588_44283 35748 37011 40695 -1 -1 1131 0.0244882
Chain
	Aln	8	+SRR33939694.30147/1 97 1642 1657 +edge_5_0_+disjointig_2_3588_44283 27578 29138 40695 -1 -1 1381 0.0237854
Chain
	Aln	9	-SRR33939694.30147/1 14 1559 1657 -edge_5_0_+disjointig_2_3588_44283 11556 13116 40695 -1 -1 1381 0.0237854
Chain
	Aln	8	+SRR33939694.30200/1 111 1175 1178 +edge_5_0_+disjointig_2_3588_44283 11901 12963 40695 -1 -1 982 0.0175988
Chain
	Aln	9	-SRR33939694.30200/1 2 1066 1178 -edge_5_0_+disjointig_2_3588_44283 27731 28793 40695 -1 -1 982 0.0175988
Chain
	Aln	8	+SRR33939694.30207/1 105 1112 1114 +edge_5_0_+disjointig_2_3588_44283 7455 8457 40695 -1 -1 996 0.0060868
Chain
	Aln	9	-SRR33939694.30207/1 1 1008 1114 -edge_5_0_+disjointig_2_3588_44283 32237 33239 40695 -1 -1 996 0.0060868
Chain
	Aln	8	+SRR33939694.30257/1 113 1247 1257 +edge_5_0_+disjointig_2_3588_44283 36423 37590 40695 -1 -1 987 0.0266516
Chain
	Aln	9	-SRR33939694.30257/1 9 1143 1257 -edge_5_0_+disjointig_2_3588_44283 3104 4271 40695 -1 -1 987 0.0266516
Chain
	Aln	9	+SRR33939694.30149/1 124 3099 3104 -edge_5_0_+disjointig_2_3588_44283 29609 32582 40695 -1 -1 2851 0.0100261
Chain
	Aln	8	-SRR33939694.30149/1 4 2979 3104 +edge_5_0_+disjointig_2_3588_44283 8112 11085 40695 -1 -1 2851 0.0100261
Chain
	Aln	9	+SRR33939694.30245/1 110 2455 2714 -edge_5_0_+disjointig_2_3588_44283 38334 40694 40695 -1 -1 2254 0.012657
Chain
	Aln	8	-SRR33939694.30245/1 258 2603 2714 +edge_5_0_+disjointig_2_3588_44283 0 2360 40695 -1 -1 2254 0.012657
Chain
	Aln	8	+SRR33939694.30341/1 126 1453 1464 +edge_5_0_+disjointig_2_3588_44283 25401 26728 40695 -1 -1 969 0.0458464
Chain
	Aln	9	-SRR33939694.30341/1 10 1337 1464 -edge_5_0_+disjointig_2_3588_44283 13966 15293 40695 -1 -1 969 0.0458464
Chain
	Aln	7	+SRR33939694.30350/1 110 1668 1700 -edge_4_0_+disjointig_1_22059_47419 21946 23512 25360 -1 -1 1457 0.0200736
Chain
	Aln	6	-SRR33939694.30350/1 31 1589 1700 +edge_4_0_+disjointig_1_22059_47419 1847 3413 25360 -1 -1 1457 0.0200736
Chain
	Aln	8	+SRR33939694.30403/1 117 1298 1334 +edge_5_0_+disjointig_2_3588_44283 35767 36955 40695 -1 -1 1164 0.0132714
Chain
	Aln	9	-SRR33939694.30403/1 35 1216 1334 -edge_5_0_+disjointig_2_3588_44283 3739 4927 40695 -1 -1 1164 0.0132714
Chain
	Aln	9	+SRR33939694.30550/1 111 1345 1347 -edge_5_0_+disjointig_2_3588_44283 12318 13565 40695 -1 -1 1104 0.031836
Chain
	Aln	8	-SRR33939694.30550/1 1 1235 1347 +edge_5_0_+disjointig_2_3588_44283 27129 28376 40695 -1 -1 1104 0.031836
Chain
	Aln	9	+SRR33939694.30666/1 115 1154 1159 -edge_5_0_+disjointig_2_3588_44283 23733 24786 40695 -1 -1 931 0.0191932
Chain
	Aln	8	-SRR33939694.30666/1 4 1043 1159 +edge_5_0_+disjointig_2_3588_44283 15908 16961 40695 -1 -1 931 0.0191932
Chain
	Aln	8	+SRR33939694.30328/1 107 4983 4985 +edge_5_0_+disjointig_2_3588_44283 12255 17183 40695 -1 -1 4218 0.0281383
Chain
	Aln	9	-SRR33939694.30328/1 1 4877 4985 -edge_5_0_+disjointig_2_3588_44283 23511 28439 40695 -1 -1 4218 0.0281383
Chain
	Aln	0	+SRR33939694.30616/1 218 3221 3231 +edge_1_0_+disjointig_1_0_20896 13303 16292 20896 -1 -1 2670 0.0236387
Chain
	Aln	1	-SRR33939694.30616/1 9 3012 3231 -edge_1_0_+disjointig_1_0_20896 4603 7592 20896 -1 -1 2670 0.0236387
Chain
	Aln	8	+SRR33939694.30781/1 115 1172 1177 +edge_5_0_+disjointig_2_3588_44283 32107 33178 40695 -1 -1 890 0.0305904
Chain
	Aln	9	-SRR33939694.30781/1 4 1061 1177 -edge_5_0_+disjointig_2_3588_44283 7516 8587 40695 -1 -1 890 0.0305904
Chain
	Aln	9	+SRR33939694.30810/1 116 1328 1330 -edge_5_0_+disjointig_2_3588_44283 37641 38846 40695 -1 -1 910 0.0513163
Chain
	Aln	8	-SRR33939694.30810/1 1 1213 1330 +edge_5_0_+disjointig_2_3588_44283 1848 3053 40695 -1 -1 910 0.0513163
Chain
	Aln	8	+SRR33939694.30950/1 111 1261 1263 +edge_5_0_+disjointig_2_3588_44283 7688 8858 40695 -1 -1 887 0.0417221
Chain
	Aln	9	-SRR33939694.30950/1 1 1151 1263 -edge_5_0_+disjointig_2_3588_44283 31836 33006 40695 -1 -1 887 0.0417221
Chain
	Aln	6	+SRR33939694.30865/1 237 1890 1894 +edge_4_0_+disjointig_1_22059_47419 18843 20522 25360 -1 -1 1577 0.0156205
Chain
	Aln	7	-SRR33939694.30865/1 3 1656 1894 -edge_4_0_+disjointig_1_22059_47419 4837 6516 25360 -1 -1 1577 0.0156205
Chain
	Aln	9	+SRR33939694.30936/1 108 1623 1625 -edge_5_0_+disjointig_2_3588_44283 18443 19958 40695 -1 -1 1315 0.0308304
Chain
	Aln	8	-SRR33939694.30936/1 1 1516 1625 +edge_5_0_+disjointig_2_3588_44283 20736 22251 40695 -1 -1 1315 0.0308304
Chain
	Aln	8	+SRR33939694.31010/1 114 1210 1212 +edge_5_0_+disjointig_2_3588_44283 36216 37319 40695 -1 -1 1041 0.0144365
Chain
	Aln	9	-SRR33939694.31010/1 1 1097 1212 -edge_5_0_+disjointig_2_3588_44283 3375 4478 40695 -1 -1 1041 0.0144365
Chain
	Aln	6	+SRR33939694.31154/1 426 2163 2213 +edge_4_0_+disjointig_1_22059_47419 18527 20265 25360 -1 -1 1530 0.0223148
Chain
	Aln	7	-SRR33939694.31154/1 49 1786 2213 -edge_4_0_+disjointig_1_22059_47419 5094 6832 25360 -1 -1 1530 0.0223148
Chain
	Aln	9	+SRR33939694.31209/1 113 1223 1225 -edge_5_0_+disjointig_2_3588_44283 1886 2989 40695 -1 -1 1082 0.00971309
Chain
	Aln	8	-SRR33939694.31209/1 1 1111 1225 +edge_5_0_+disjointig_2_3588_44283 37705 38808 40695 -1 -1 1082 0.00971309
Chain
	Aln	8	+SRR33939694.30977/1 130 3261 3265 +edge_5_0_+disjointig_2_3588_44283 36128 39236 40695 -1 -1 2709 0.0257434
Chain
	Aln	9	-SRR33939694.30977/1 3 3134 3265 -edge_5_0_+disjointig_2_3588_44283 1458 4566 40695 -1 -1 2709 0.0257434
Chain
	Aln	9	+SRR33939694.31007/1 111 2631 2650 -edge_5_0_+disjointig_2_3588_44283 29129 31638 40695 -1 -1 2334 0.0184341
Chain
	Aln	8	-SRR33939694.31007/1 18 2538 2650 +edge_5_0_+disjointig_2_3588_44283 9056 11565 40695 -1 -1 2334 0.0184341
Chain
	Aln	8	+SRR33939694.31293/1 133 1188 1190 +edge_5_0_+disjointig_2_3588_44283 9150 10225 40695 -1 -1 974 0.021742
Chain
	Aln	9	-SRR33939694.31293/1 1 1056 1190 -edge_5_0_+disjointig_2_3588_44283 30469 31544 40695 -1 -1 974 0.021742
Chain
	Aln	8	+SRR33939694.31329/1 116 1257 1259 +edge_5_0_+disjointig_2_3588_44283 14396 15537 40695 -1 -1 1031 0.0196549
Chain
	Aln	9	-SRR33939694.31329/1 1 1142 1259 -edge_5_0_+disjointig_2_3588_44283 25157 26298 40695 -1 -1 1031 0.0196549
Chain
	Aln	9	+SRR33939694.29779/1 109 14860 14862 -edge_5_0_+disjointig_2_3588_44283 9777 24732 40695 -1 -1 13327 0.0242415
Chain
	Aln	8	-SRR33939694.29779/1 1 14752 14862 +edge_5_0_+disjointig_2_3588_44283 15962 30917 40695 -1 -1 13327 0.0242415
Chain
	Aln	9	+SRR33939694.31351/1 116 1245 1249 -edge_5_0_+disjointig_2_3588_44283 21998 23119 40695 -1 -1 855 0.0387102
Chain
	Aln	8	-SRR33939694.31351/1 3 1132 1249 +edge_5_0_+disjointig_2_3588_44283 17575 18696 40695 -1 -1 855 0.0387102
Chain
	Aln	8	+SRR33939694.31388/1 114 1249 1266 +edge_5_0_+disjointig_2_3588_44283 9307 10441 40695 -1 -1 1016 0.0212495
Chain
	Aln	9	-SRR33939694.31388/1 16 1151 1266 -edge_5_0_+disjointig_2_3588_44283 30253 31387 40695 -1 -1 1016 0.0212495
Chain
	Aln	9	+SRR33939694.31339/1 116 1266 1270 -edge_5_0_+disjointig_2_3588_44283 13986 15131 40695 -1 -1 1121 0.00797962
Chain
	Aln	8	-SRR33939694.31339/1 3 1153 1270 +edge_5_0_+disjointig_2_3588_44283 25563 26708 40695 -1 -1 1121 0.00797962
Chain
	Aln	9	+SRR33939694.31419/1 116 1418 1420 -edge_5_0_+disjointig_2_3588_44283 13808 15113 40695 -1 -1 1162 0.0276991
Chain
	Aln	8	-SRR33939694.31419/1 1 1303 1420 +edge_5_0_+disjointig_2_3588_44283 25581 26886 40695 -1 -1 1162 0.0276991
Chain
	Aln	9	+SRR33939694.31470/1 114 1116 1119 -edge_5_0_+disjointig_2_3588_44283 2569 3551 40695 -1 -1 794 0.0345807
Chain
	Aln	8	-SRR33939694.31470/1 2 1004 1119 +edge_5_0_+disjointig_2_3588_44283 37143 38125 40695 -1 -1 794 0.0345807
Chain
	Aln	9	+SRR33939694.31486/1 110 1250 1258 -edge_5_0_+disjointig_2_3588_44283 11537 12684 40695 -1 -1 888 0.0349943
Chain
	Aln	8	-SRR33939694.31486/1 7 1147 1258 +edge_5_0_+disjointig_2_3588_44283 28010 29157 40695 -1 -1 888 0.0349943
Chain
	Aln	9	+SRR33939694.31496/1 111 1366 1368 -edge_5_0_+disjointig_2_3588_44283 1358 2613 40695 -1 -1 1178 0.0142442
Chain
	Aln	8	-SRR33939694.31496/1 1 1256 1368 +edge_5_0_+disjointig_2_3588_44283 38081 39336 40695 -1 -1 1178 0.0142442
Chain
	Aln	9	+SRR33939694.31492/1 109 1601 1618 -edge_5_0_+disjointig_2_3588_44283 5086 6577 40695 -1 -1 1293 0.025384
Chain
	Aln	8	-SRR33939694.31492/1 16 1508 1618 +edge_5_0_+disjointig_2_3588_44283 34117 35608 40695 -1 -1 1293 0.025384
Chain
	Aln	9	+SRR33939694.31581/1 135 1155 1168 -edge_5_0_+disjointig_2_3588_44283 2695 3736 40695 -1 -1 773 0.0481043
Chain
	Aln	8	-SRR33939694.31581/1 12 1032 1168 +edge_5_0_+disjointig_2_3588_44283 36958 37999 40695 -1 -1 773 0.0481043
Chain
	Aln	8	+SRR33939694.31534/1 154 1677 1680 +edge_5_0_+disjointig_2_3588_44283 37327 38874 40695 -1 -1 1211 0.0441127
Chain
	Aln	9	-SRR33939694.31534/1 2 1525 1680 -edge_5_0_+disjointig_2_3588_44283 1820 3367 40695 -1 -1 1211 0.0441127
Chain
	Aln	8	+SRR33939694.31605/1 114 1130 1133 +edge_5_0_+disjointig_2_3588_44283 19933 20940 40695 -1 -1 965 0.0170116
Chain
	Aln	9	-SRR33939694.31605/1 2 1018 1133 -edge_5_0_+disjointig_2_3588_44283 19754 20761 40695 -1 -1 965 0.0170116
Chain
	Aln	8	+SRR33939694.31610/1 110 1126 1128 +edge_5_0_+disjointig_2_3588_44283 8787 9815 40695 -1 -1 955 0.0153506
Chain
	Aln	9	-SRR33939694.31610/1 1 1017 1128 -edge_5_0_+disjointig_2_3588_44283 30879 31907 40695 -1 -1 955 0.0153506
Chain
	Aln	8	+SRR33939694.31617/1 117 1151 1153 +edge_5_0_+disjointig_2_3588_44283 2316 3343 40695 -1 -1 965 0.0161408
Chain
	Aln	9	-SRR33939694.31617/1 1 1035 1153 -edge_5_0_+disjointig_2_3588_44283 37351 38378 40695 -1 -1 965 0.0161408
Chain
	Aln	1	+SRR33939694.31619/1 256 1345 1353 -edge_1_0_+disjointig_1_0_20896 60 1158 20896 -1 -1 1030 0.0224349
Chain
	Aln	0	-SRR33939694.31619/1 7 1096 1353 +edge_1_0_+disjointig_1_0_20896 19737 20835 20896 -1 -1 1030 0.0224349
Chain
	Aln	8	+SRR33939694.31703/1 104 1221 1223 +edge_5_0_+disjointig_2_3588_44283 16665 17789 40695 -1 -1 1034 0.0239689
Chain
	Aln	9	-SRR33939694.31703/1 1 1118 1223 -edge_5_0_+disjointig_2_3588_44283 22905 24029 40695 -1 -1 1034 0.0239689
Chain
	Aln	9	+SRR33939694.31677/1 135 1357 1399 -edge_5_0_+disjointig_2_3588_44283 8783 9990 40695 -1 -1 1099 0.0254453
Chain
	Aln	8	-SRR33939694.31677/1 41 1263 1399 +edge_5_0_+disjointig_2_3588_44283 30704 31911 40695 -1 -1 1099 0.0254453
Chain
	Aln	8	+SRR33939694.31794/1 112 1631 1634 +edge_5_0_+disjointig_2_3588_44283 4599 6124 40695 -1 -1 1486 0.0103285
Chain
	Aln	9	-SRR33939694.31794/1 2 1521 1634 -edge_5_0_+disjointig_2_3588_44283 34570 36095 40695 -1 -1 1486 0.0103285
Chain
	Aln	8	+SRR33939694.31787/1 116 2189 2192 +edge_5_0_+disjointig_2_3588_44283 11958 14049 40695 -1 -1 1944 0.0145492
Chain
	Aln	9	-SRR33939694.31787/1 2 2075 2192 -edge_5_0_+disjointig_2_3588_44283 26645 28736 40695 -1 -1 1944 0.0145492
Chain
	Aln	8	+SRR33939694.32027/1 116 1154 1157 +edge_5_0_+disjointig_2_3588_44283 29510 30555 40695 -1 -1 900 0.028227
Chain
	Aln	9	-SRR33939694.32027/1 2 1040 1157 -edge_5_0_+disjointig_2_3588_44283 10139 11184 40695 -1 -1 900 0.028227
Chain
	Aln	4	+SRR33939694.31960/1 104 1725 1740 +edge_3_0_-disjointig_2_41855_44283 726 2342 2428 -1 -1 1410 0.0253669
Chain
	Aln	5	-SRR33939694.31960/1 14 1635 1740 -edge_3_0_-disjointig_2_41855_44283 85 1701 2428 -1 -1 1410 0.0253669
Chain
	Aln	8	+SRR33939694.31976/1 127 1769 1785 +edge_5_0_+disjointig_2_3588_44283 15777 17455 40695 -1 -1 1069 0.0561762
Chain
	Aln	9	-SRR33939694.31976/1 15 1657 1785 -edge_5_0_+disjointig_2_3588_44283 23239 24917 40695 -1 -1 1069 0.0561762
Chain
	Aln	9	+SRR33939694.32154/1 107 1255 1274 -edge_5_0_+disjointig_2_3588_44283 29031 30184 40695 -1 -1 1078 0.0196251
Chain
	Aln	8	-SRR33939694.32154/1 18 1166 1274 +edge_5_0_+disjointig_2_3588_44283 10510 11663 40695 -1 -1 1078 0.0196251
Chain
	Aln	9	+SRR33939694.32098/1 126 1776 1798 -edge_5_0_+disjointig_2_3588_44283 29615 31262 40695 -1 -1 1501 0.0243226
Chain
	Aln	8	-SRR33939694.32098/1 21 1671 1798 +edge_5_0_+disjointig_2_3588_44283 9432 11079 40695 -1 -1 1501 0.0243226
Chain
	Aln	9	+SRR33939694.32166/1 107 1387 1401 -edge_5_0_+disjointig_2_3588_44283 26741 28020 40695 -1 -1 1149 0.0263449
Chain
	Aln	8	-SRR33939694.32166/1 13 1293 1401 +edge_5_0_+disjointig_2_3588_44283 12674 13953 40695 -1 -1 1149 0.0263449
Chain
	Aln	9	+SRR33939694.32183/1 110 1381 1383 -edge_5_0_+disjointig_2_3588_44283 27708 28991 40695 -1 -1 1167 0.0161431
Chain
	Aln	8	-SRR33939694.32183/1 1 1272 1383 +edge_5_0_+disjointig_2_3588_44283 11703 12986 40695 -1 -1 1167 0.0161431
Chain
	Aln	9	+SRR33939694.32203/1 109 1117 1120 -edge_5_0_+disjointig_2_3588_44283 29940 30950 40695 -1 -1 947 0.0165858
Chain
	Aln	8	-SRR33939694.32203/1 2 1010 1120 +edge_5_0_+disjointig_2_3588_44283 9744 10754 40695 -1 -1 947 0.0165858
Chain
	Aln	9	+SRR33939694.32225/1 108 1491 1493 -edge_5_0_+disjointig_2_3588_44283 27227 28617 40695 -1 -1 1230 0.0249177
Chain
	Aln	8	-SRR33939694.32225/1 1 1384 1493 +edge_5_0_+disjointig_2_3588_44283 12077 13467 40695 -1 -1 1230 0.0249177
Chain
	Aln	8	+SRR33939694.32303/1 123 1164 1166 +edge_5_0_+disjointig_2_3588_44283 4981 6014 40695 -1 -1 893 0.0302285
Chain
	Aln	9	-SRR33939694.32303/1 1 1042 1166 -edge_5_0_+disjointig_2_3588_44283 34680 35713 40695 -1 -1 893 0.0302285
Chain
	Aln	9	+SRR33939694.32243/1 113 1839 1864 -edge_5_0_+disjointig_2_3588_44283 33799 35564 40695 -1 -1 1264 0.0453885
Chain
	Aln	8	-SRR33939694.32243/1 24 1750 1864 +edge_5_0_+disjointig_2_3588_44283 5130 6895 40695 -1 -1 1264 0.0453885
Chain
	Aln	9	+SRR33939694.32273/1 115 1523 1525 -edge_5_0_+disjointig_2_3588_44283 31456 32858 40695 -1 -1 1301 0.0211307
Chain
	Aln	8	-SRR33939694.32273/1 1 1409 1525 +edge_5_0_+disjointig_2_3588_44283 7836 9238 40695 -1 -1 1301 0.0211307
Chain
	Aln	9	+SRR33939694.32342/1 108 1331 1339 -edge_5_0_+disjointig_2_3588_44283 35292 36524 40695 -1 -1 1119 0.022184
Chain
	Aln	8	-SRR33939694.32342/1 7 1230 1339 +edge_5_0_+disjointig_2_3588_44283 4170 5402 40695 -1 -1 1119 0.022184
Chain
	Aln	3	+SRR33939694.32458/1 106 1152 1163 -edge_2_1_+disjointig_2_2428_3588 13 1069 1160 -1 -1 998 0.0161189
Chain
	Aln	2	-SRR33939694.32458/1 10 1056 1163 +edge_2_1_+disjointig_2_2428_3588 90 1146 1160 -1 -1 998 0.0161189
Chain
	Aln	9	+SRR33939694.32396/1 100 1260 1262 -edge_5_0_+disjointig_2_3588_44283 14340 15513 40695 -1 -1 1085 0.0142255
Chain
	Aln	8	-SRR33939694.32396/1 1 1161 1262 +edge_5_0_+disjointig_2_3588_44283 25181 26354 40695 -1 -1 1085 0.0142255
Chain
	Aln	9	+SRR33939694.32477/1 116 1498 1500 -edge_5_0_+disjointig_2_3588_44283 14467 15853 40695 -1 -1 1311 0.0146087
Chain
	Aln	8	-SRR33939694.32477/1 1 1383 1500 +edge_5_0_+disjointig_2_3588_44283 24841 26227 40695 -1 -1 1311 0.0146087
Chain
	Aln	8	+SRR33939694.32491/1 135 1318 1321 +edge_5_0_+disjointig_2_3588_44283 268 1455 40695 -1 -1 1149 0.0105504
Chain
	Aln	9	-SRR33939694.32491/1 2 1185 1321 -edge_5_0_+disjointig_2_3588_44283 39239 40426 40695 -1 -1 1149 0.0105504
Chain
	Aln	8	+SRR33939694.32533/1 129 1482 1499 +edge_5_0_+disjointig_2_3588_44283 7851 9214 40695 -1 -1 1267 0.0205528
Chain
	Aln	9	-SRR33939694.32533/1 16 1369 1499 -edge_5_0_+disjointig_2_3588_44283 31480 32843 40695 -1 -1 1267 0.0205528
Chain
	Aln	9	+SRR33939694.32570/1 118 1282 1285 -edge_5_0_+disjointig_2_3588_44283 1660 2836 40695 -1 -1 1117 0.0115667
Chain
	Aln	8	-SRR33939694.32570/1 2 1166 1285 +edge_5_0_+disjointig_2_3588_44283 37858 39034 40695 -1 -1 1117 0.0115667
Chain
	Aln	8	+SRR33939694.32587/1 113 1341 1362 +edge_5_0_+disjointig_2_3588_44283 32019 33243 40695 -1 -1 1142 0.0153438
Chain
	Aln	9	-SRR33939694.32587/1 20 1248 1362 -edge_5_0_+disjointig_2_3588_44283 7451 8675 40695 -1 -1 1142 0.0153438
Chain
	Aln	9	+SRR33939694.32692/1 118 1124 1164 -edge_5_0_+disjointig_2_3588_44283 27867 28872 40695 -1 -1 874 0.0205988
Chain
	Aln	8	-SRR33939694.32692/1 39 1045 1164 +edge_5_0_+disjointig_2_3588_44283 11822 12827 40695 -1 -1 874 0.0205988
Chain
	Aln	8	+SRR33939694.32659/1 211 2519 2521 +edge_5_0_+disjointig_2_3588_44283 19967 22293 40695 -1 -1 1626 0.0509592
Chain
	Aln	9	-SRR33939694.32659/1 1 2309 2521 -edge_5_0_+disjointig_2_3588_44283 18401 20727 40695 -1 -1 1626 0.0509592
Chain
	Aln	9	+SRR33939694.32723/1 116 1153 1155 -edge_5_0_+disjointig_2_3588_44283 6738 7786 40695 -1 -1 988 0.0181432
Chain
	Aln	8	-SRR33939694.32723/1 1 1038 1155 +edge_5_0_+disjointig_2_3588_44283 32908 33956 40695 -1 -1 988 0.0181432
Chain
	Aln	9	+SRR33939694.32804/1 107 1843 1845 -edge_5_0_+disjointig_2_3588_44283 32406 34137 40695 -1 -1 1603 0.0161832
Chain
	Aln	8	-SRR33939694.32804/1 1 1737 1845 +edge_5_0_+disjointig_2_3588_44283 6557 8288 40695 -1 -1 1603 0.0161832
Chain
	Aln	9	+SRR33939694.32866/1 113 1113 1179 -edge_5_0_+disjointig_2_3588_44283 20584 21595 40695 -1 -1 848 0.0293657
Chain
	Aln	8	-SRR33939694.32866/1 65 1065 1179 +edge_5_0_+disjointig_2_3588_44283 19099 20110 40695 -1 -1 848 0.0293657
Chain
	Aln	8	+SRR33939694.32817/1 134 1327 1329 +edge_5_0_+disjointig_2_3588_44283 11201 12388 40695 -1 -1 1065 0.0227832
Chain
	Aln	9	-SRR33939694.32817/1 1 1194 1329 -edge_5_0_+disjointig_2_3588_44283 28306 29493 40695 -1 -1 1065 0.0227832
Chain
	Aln	8	+SRR33939694.32813/1 124 1538 1573 +edge_5_0_+disjointig_2_3588_44283 4453 5897 40695 -1 -1 1197 0.0426965
Chain
	Aln	9	-SRR33939694.32813/1 34 1448 1573 -edge_5_0_+disjointig_2_3588_44283 34797 36241 40695 -1 -1 1197 0.0426965
Chain
	Aln	9	+SRR33939694.32930/1 109 1174 1176 -edge_5_0_+disjointig_2_3588_44283 12559 13626 40695 -1 -1 982 0.0183647
Chain
	Aln	8	-SRR33939694.32930/1 1 1066 1176 +edge_5_0_+disjointig_2_3588_44283 27068 28135 40695 -1 -1 982 0.0183647
Chain
	Aln	8	+SRR33939694.32981/1 123 1318 1320 +edge_5_0_+disjointig_2_3588_44283 16554 17748 40695 -1 -1 1074 0.0177331
Chain
	Aln	9	-SRR33939694.32981/1 1 1196 1320 -edge_5_0_+disjointig_2_3588_44283 22946 24140 40695 -1 -1 1074 0.0177331
Chain
	Aln	8	+SRR33939694.33003/1 116 1248 1250 +edge_5_0_+disjointig_2_3588_44283 19125 20253 40695 -1 -1 1093 0.0123248
Chain
	Aln	9	-SRR33939694.33003/1 1 1133 1250 -edge_5_0_+disjointig_2_3588_44283 20441 21569 40695 -1 -1 1093 0.0123248
Chain
	Aln	8	+SRR33939694.33005/1 107 1313 1315 +edge_5_0_+disjointig_2_3588_44283 13033 14243 40695 -1 -1 1139 0.0148498
Chain
	Aln	9	-SRR33939694.33005/1 1 1207 1315 -edge_5_0_+disjointig_2_3588_44283 26451 27661 40695 -1 -1 1139 0.0148498
Chain
	Aln	8	+SRR33939694.33100/1 116 1397 1432 +edge_5_0_+disjointig_2_3588_44283 23962 25244 40695 -1 -1 1038 0.0380173
Chain
	Aln	9	-SRR33939694.33100/1 34 1315 1432 -edge_5_0_+disjointig_2_3588_44283 15450 16732 40695 -1 -1 1038 0.0380173
Chain
	Aln	9	+SRR33939694.33164/1 115 1241 1243 -edge_5_0_+disjointig_2_3588_44283 26963 28091 40695 -1 -1 1026 0.0157549
Chain
	Aln	8	-SRR33939694.33164/1 1 1127 1243 +edge_5_0_+disjointig_2_3588_44283 12603 13731 40695 -1 -1 1026 0.0157549
Chain
	Aln	8	+SRR33939694.33143/1 113 1151 1185 +edge_5_0_+disjointig_2_3588_44283 19254 20296 40695 -1 -1 944 0.0220883
Chain
	Aln	9	-SRR33939694.33143/1 33 1071 1185 -edge_5_0_+disjointig_2_3588_44283 20398 21440 40695 -1 -1 944 0.0220883
Chain
	Aln	8	+SRR33939694.33174/1 119 1307 1309 +edge_5_0_+disjointig_2_3588_44283 38316 39531 40695 -1 -1 763 0.0624195
Chain
	Aln	9	-SRR33939694.33174/1 1 1189 1309 -edge_5_0_+disjointig_2_3588_44283 1163 2378 40695 -1 -1 763 0.0624195
Chain
	Aln	8	+SRR33939694.33176/1 114 1376 1393 +edge_5_0_+disjointig_2_3588_44283 13210 14489 40695 -1 -1 1159 0.0215961
Chain
	Aln	9	-SRR33939694.33176/1 16 1278 1393 -edge_5_0_+disjointig_2_3588_44283 26205 27484 40695 -1 -1 1159 0.0215961
Chain
	Aln	9	+SRR33939694.33265/1 105 1134 1138 -edge_5_0_+disjointig_2_3588_44283 29873 30945 40695 -1 -1 681 0.0503454
Chain
	Aln	8	-SRR33939694.33265/1 3 1032 1138 +edge_5_0_+disjointig_2_3588_44283 9749 10821 40695 -1 -1 681 0.0503454
Chain
	Aln	8	+SRR33939694.33289/1 109 1380 1384 +edge_5_0_+disjointig_2_3588_44283 12312 13578 40695 -1 -1 1202 0.0166261
Chain
	Aln	9	-SRR33939694.33289/1 3 1274 1384 -edge_5_0_+disjointig_2_3588_44283 27116 28382 40695 -1 -1 1202 0.0166261
Chain
	Aln	9	+SRR33939694.33418/1 119 1170 1190 -edge_5_0_+disjointig_2_3588_44283 13739 14804 40695 -1 -1 801 0.0523344
Chain
	Aln	8	-SRR33939694.33418/1 19 1070 1190 +edge_5_0_+disjointig_2_3588_44283 25890 26955 40695 -1 -1 801 0.0523344
Chain
	Aln	8	+SRR33939694.33333/1 104 1332 1334 +edge_5_0_+disjointig_2_3588_44283 27087 28325 40695 -1 -1 1149 0.0244544
Chain
	Aln	9	-SRR33939694.33333/1 1 1229 1334 -edge_5_0_+disjointig_2_3588_44283 12369 13607 40695 -1 -1 1149 0.0244544
Chain
	Aln	8	+SRR33939694.33460/1 121 1472 1474 +edge_5_0_+disjointig_2_3588_44283 19615 21010 40695 -1 -1 1062 0.0301238
Chain
	Aln	9	-SRR33939694.33460/1 1 1352 1474 -edge_5_0_+disjointig_2_3588_44283 19684 21079 40695 -1 -1 1062 0.0301238
Chain
	Aln	8	+SRR33939694.33546/1 112 1197 1219 +edge_5_0_+disjointig_2_3588_44283 27078 28178 40695 -1 -1 996 0.0304304
Chain
	Aln	9	-SRR33939694.33546/1 21 1106 1219 -edge_5_0_+disjointig_2_3588_44283 12516 13616 40695 -1 -1 996 0.0304304
Chain
	Aln	9	+SRR33939694.33594/1 112 1222 1224 -edge_5_0_+disjointig_2_3588_44283 12542 13654 40695 -1 -1 982 0.0256666
Chain
	Aln	8	-SRR33939694.33594/1 1 1111 1224 +edge_5_0_+disjointig_2_3588_44283 27040 28152 40695 -1 -1 982 0.0256666
Chain
	Aln	8	+SRR33939694.33472/1 118 2480 2486 +edge_5_0_+disjointig_2_3588_44283 19781 22127 40695 -1 -1 2011 0.0248281
Chain
	Aln	9	-SRR33939694.33472/1 5 2367 2486 -edge_5_0_+disjointig_2_3588_44283 18567 20913 40695 -1 -1 2011 0.0248281
Chain
	Aln	9	+SRR33939694.33588/1 110 1414 1417 -edge_5_0_+disjointig_2_3588_44283 3406 4707 40695 -1 -1 1113 0.0244888
Chain
	Aln	8	-SRR33939694.33588/1 2 1306 1417 +edge_5_0_+disjointig_2_3588_44283 35987 37288 40695 -1 -1 1113 0.0244888
Chain
	Aln	8	+SRR33939694.33586/1 108 1414 1420 +edge_5_0_+disjointig_2_3588_44283 20241 21564 40695 -1 -1 994 0.0439526
Chain
	Aln	9	-SRR33939694.33586/1 5 1311 1420 -edge_5_0_+disjointig_2_3588_44283 19130 20453 40695 -1 -1 994 0.0439526
Chain
	Aln	9	+SRR33939694.33602/1 117 1242 1248 -edge_5_0_+disjointig_2_3588_44283 1590 2713 40695 -1 -1 1064 0.0177527
Chain
	Aln	8	-SRR33939694.33602/1 5 1130 1248 +edge_5_0_+disjointig_2_3588_44283 37981 39104 40695 -1 -1 1064 0.0177527
Chain
	Aln	8	+SRR33939694.33616/1 103 1300 1314 +edge_5_0_+disjointig_2_3588_44283 33356 34553 40695 -1 -1 969 0.039492
Chain
	Aln	9	-SRR33939694.33616/1 13 1210 1314 -edge_5_0_+disjointig_2_3588_44283 6141 7338 40695 -1 -1 969 0.039492
Chain
	Aln	8	+SRR33939694.33632/1 110 1265 1267 +edge_5_0_+disjointig_2_3588_44283 33006 34172 40695 -1 -1 1089 0.0229837
Chain
	Aln	9	-SRR33939694.33632/1 1 1156 1267 -edge_5_0_+disjointig_2_3588_44283 6522 7688 40695 -1 -1 1089 0.0229837
Chain
	Aln	8	+SRR33939694.33680/1 106 1229 1232 +edge_5_0_+disjointig_2_3588_44283 16873 17999 40695 -1 -1 870 0.0384531
Chain
	Aln	9	-SRR33939694.33680/1 2 1125 1232 -edge_5_0_+disjointig_2_3588_44283 22695 23821 40695 -1 -1 870 0.0384531
Chain
	Aln	8	+SRR33939694.33658/1 129 1570 1573 +edge_5_0_+disjointig_2_3588_44283 33588 35024 40695 -1 -1 1047 0.0399374
Chain
	Aln	9	-SRR33939694.33658/1 2 1443 1573 -edge_5_0_+disjointig_2_3588_44283 5670 7106 40695 -1 -1 1047 0.0399374
Chain
	Aln	8	+SRR33939694.33703/1 114 1394 1474 +edge_5_0_+disjointig_2_3588_44283 29892 31189 40695 -1 -1 1035 0.035794
Chain
	Aln	9	-SRR33939694.33703/1 79 1359 1474 -edge_5_0_+disjointig_2_3588_44283 9505 10802 40695 -1 -1 1035 0.035794
Chain
	Aln	2	+SRR33939694.33746/1 117 1152 1584 +edge_2_1_+disjointig_2_2428_3588 117 1157 1160 -1 -1 745 0.0573295
Chain
	Aln	3	-SRR33939694.33746/1 431 1466 1584 -edge_2_1_+disjointig_2_2428_3588 2 1042 1160 -1 -1 745 0.0573295
Chain
	Aln	9	+SRR33939694.33718/1 131 1404 1423 -edge_5_0_+disjointig_2_3588_44283 33074 34364 40695 -1 -1 1136 0.0255208
Chain
	Aln	8	-SRR33939694.33718/1 18 1291 1423 +edge_5_0_+disjointig_2_3588_44283 6330 7620 40695 -1 -1 1136 0.0255208
Chain
	Aln	9	+SRR33939694.33721/1 118 1656 1661 -edge_5_0_+disjointig_2_3588_44283 27122 28666 40695 -1 -1 1388 0.0205789
Chain
	Aln	8	-SRR33939694.33721/1 4 1542 1661 +edge_5_0_+disjointig_2_3588_44283 12028 13572 40695 -1 -1 1388 0.0205789
Chain
	Aln	9	+SRR33939694.33763/1 116 1490 1492 -edge_5_0_+disjointig_2_3588_44283 32882 34261 40695 -1 -1 1303 0.0156885
Chain
	Aln	8	-SRR33939694.33763/1 1 1375 1492 +edge_5_0_+disjointig_2_3588_44283 6433 7812 40695 -1 -1 1303 0.0156885
Chain
	Aln	9	+SRR33939694.33813/1 119 1183 1185 -edge_5_0_+disjointig_2_3588_44283 14366 15426 40695 -1 -1 953 0.0274052
Chain
	Aln	8	-SRR33939694.33813/1 1 1065 1185 +edge_5_0_+disjointig_2_3588_44283 25268 26328 40695 -1 -1 953 0.0274052
Chain
	Aln	8	+SRR33939694.33818/1 141 1384 1398 +edge_5_0_+disjointig_2_3588_44283 20091 21338 40695 -1 -1 1143 0.0207069
Chain
	Aln	9	-SRR33939694.33818/1 13 1256 1398 -edge_5_0_+disjointig_2_3588_44283 19356 20603 40695 -1 -1 1143 0.0207069
Chain
	Aln	8	+SRR33939694.33961/1 113 1150 1153 +edge_5_0_+disjointig_2_3588_44283 19715 20758 40695 -1 -1 992 0.0104005
Chain
	Aln	9	-SRR33939694.33961/1 2 1039 1153 -edge_5_0_+disjointig_2_3588_44283 19936 20979 40695 -1 -1 992 0.0104005
Chain
	Aln	9	+SRR33939694.33839/1 112 1578 1580 -edge_5_0_+disjointig_2_3588_44283 22053 23566 40695 -1 -1 1246 0.040669
Chain
	Aln	8	-SRR33939694.33839/1 1 1467 1580 +edge_5_0_+disjointig_2_3588_44283 17128 18641 40695 -1 -1 1246 0.040669
Chain
	Aln	8	+SRR33939694.33957/1 141 1277 1280 +edge_5_0_+disjointig_2_3588_44283 28797 29944 40695 -1 -1 814 0.0491295
Chain
	Aln	9	-SRR33939694.33957/1 2 1138 1280 -edge_5_0_+disjointig_2_3588_44283 10750 11897 40695 -1 -1 814 0.0491295
Chain
	Aln	8	+SRR33939694.33971/1 129 1246 1252 +edge_5_0_+disjointig_2_3588_44283 18543 19662 40695 -1 -1 1004 0.0233142
Chain
	Aln	9	-SRR33939694.33971/1 5 1122 1252 -edge_5_0_+disjointig_2_3588_44283 21032 22151 40695 -1 -1 1004 0.0233142
Chain
	Aln	2	+SRR33939694.33825/1 456 1595 2139 +edge_2_1_+disjointig_2_2428_3588 1 1138 1160 -1 -1 869 0.0420134
Chain
	Aln	3	-SRR33939694.33825/1 543 1682 2139 -edge_2_1_+disjointig_2_2428_3588 21 1158 1160 -1 -1 869 0.0420134
Chain
	Aln	9	+SRR33939694.33984/1 107 1284 1287 -edge_5_0_+disjointig_2_3588_44283 28476 29635 40695 -1 -1 1043 0.0235361
Chain
	Aln	8	-SRR33939694.33984/1 2 1179 1287 +edge_5_0_+disjointig_2_3588_44283 11059 12218 40695 -1 -1 1043 0.0235361
Chain
	Aln	9	+SRR33939694.34138/1 104 1206 1208 -edge_5_0_+disjointig_2_3588_44283 13574 14671 40695 -1 -1 1013 0.0210223
Chain
	Aln	8	-SRR33939694.34138/1 1 1103 1208 +edge_5_0_+disjointig_2_3588_44283 26023 27120 40695 -1 -1 1013 0.0210223
Chain
	Aln	9	+SRR33939694.34199/1 107 1136 1142 -edge_5_0_+disjointig_2_3588_44283 7654 8658 40695 -1 -1 818 0.0359336
Chain
	Aln	8	-SRR33939694.34199/1 5 1034 1142 +edge_5_0_+disjointig_2_3588_44283 32036 33040 40695 -1 -1 818 0.0359336
Chain
	Aln	9	+SRR33939694.34208/1 128 1272 1274 -edge_5_0_+disjointig_2_3588_44283 11709 12862 40695 -1 -1 1048 0.0153626
Chain
	Aln	8	-SRR33939694.34208/1 1 1145 1274 +edge_5_0_+disjointig_2_3588_44283 27832 28985 40695 -1 -1 1048 0.0153626
Chain
	Aln	9	+SRR33939694.34190/1 111 1315 1317 -edge_5_0_+disjointig_2_3588_44283 37699 38902 40695 -1 -1 1152 0.0160162
Chain
	Aln	8	-SRR33939694.34190/1 1 1205 1317 +edge_5_0_+disjointig_2_3588_44283 1792 2995 40695 -1 -1 1152 0.0160162
Chain
	Aln	9	+SRR33939694.34213/1 112 1169 1171 -edge_5_0_+disjointig_2_3588_44283 19422 20483 40695 -1 -1 1029 0.0177321
Chain
	Aln	8	-SRR33939694.34213/1 1 1058 1171 +edge_5_0_+disjointig_2_3588_44283 20211 21272 40695 -1 -1 1029 0.0177321
Chain
	Aln	8	+SRR33939694.34275/1 113 1315 1319 +edge_5_0_+disjointig_2_3588_44283 31470 32669 40695 -1 -1 1101 0.0155343
Chain
	Aln	9	-SRR33939694.34275/1 3 1205 1319 -edge_5_0_+disjointig_2_3588_44283 8025 9224 40695 -1 -1 1101 0.0155343
Chain
	Aln	8	+SRR33939694.34353/1 127 1458 1521 +edge_5_0_+disjointig_2_3588_44283 26598 27950 40695 -1 -1 1009 0.048513
Chain
	Aln	9	-SRR33939694.34353/1 62 1393 1521 -edge_5_0_+disjointig_2_3588_44283 12744 14096 40695 -1 -1 1009 0.048513
Chain
	Aln	9	+SRR33939694.34316/1 143 1590 1620 -edge_5_0_+disjointig_2_3588_44283 28088 29541 40695 -1 -1 1363 0.0149844
Chain
	Aln	8	-SRR33939694.34316/1 29 1476 1620 +edge_5_0_+disjointig_2_3588_44283 11153 12606 40695 -1 -1 1363 0.0149844
Chain
	Aln	8	+SRR33939694.34419/1 110 1531 1534 +edge_5_0_+disjointig_2_3588_44283 3256 4678 40695 -1 -1 1280 0.0201172
Chain
	Aln	9	-SRR33939694.34419/1 2 1423 1534 -edge_5_0_+disjointig_2_3588_44283 36016 37438 40695 -1 -1 1280 0.0201172
Chain
	Aln	8	+SRR33939694.34449/1 111 1187 1190 +edge_5_0_+disjointig_2_3588_44283 26576 27659 40695 -1 -1 940 0.0252705
Chain
	Aln	9	-SRR33939694.34449/1 2 1078 1190 -edge_5_0_+disjointig_2_3588_44283 13035 14118 40695 -1 -1 940 0.0252705
Chain
	Aln	8	+SRR33939694.34509/1 104 1685 1687 +edge_5_0_+disjointig_2_3588_44283 36076 37668 40695 -1 -1 1461 0.0197344
Chain
	Aln	9	-SRR33939694.34509/1 1 1582 1687 -edge_5_0_+disjointig_2_3588_44283 3026 4618 40695 -1 -1 1461 0.0197344
Chain
	Aln	8	+SRR33939694.34553/1 125 1161 1181 +edge_5_0_+disjointig_2_3588_44283 15277 16308 40695 -1 -1 833 0.0379353
Chain
	Aln	9	-SRR33939694.34553/1 19 1055 1181 -edge_5_0_+disjointig_2_3588_44283 24386 25417 40695 -1 -1 833 0.0379353
Chain
	Aln	8	+SRR33939694.34520/1 136 1682 1700 +edge_5_0_+disjointig_2_3588_44283 27065 28628 40695 -1 -1 1105 0.0474391
Chain
	Aln	9	-SRR33939694.34520/1 17 1563 1700 -edge_5_0_+disjointig_2_3588_44283 12066 13629 40695 -1 -1 1105 0.0474391
Chain
	Aln	9	+SRR33939694.34536/1 112 1693 1695 -edge_5_0_+disjointig_2_3588_44283 37229 38798 40695 -1 -1 1315 0.0305814
Chain
	Aln	8	-SRR33939694.34536/1 1 1582 1695 +edge_5_0_+disjointig_2_3588_44283 1896 3465 40695 -1 -1 1315 0.0305814
Chain
	Aln	9	+SRR33939694.34567/1 115 1372 1382 -edge_5_0_+disjointig_2_3588_44283 14303 15564 40695 -1 -1 1172 0.0160386
Chain
	Aln	8	-SRR33939694.34567/1 9 1266 1382 +edge_5_0_+disjointig_2_3588_44283 25130 26391 40695 -1 -1 1172 0.0160386
Chain
	Aln	0	+SRR33939694.34243/1 558 4210 4212 +edge_1_0_+disjointig_1_0_20896 12752 16441 20896 -1 -1 3089 0.0313108
Chain
	Aln	1	-SRR33939694.34243/1 1 3653 4212 -edge_1_0_+disjointig_1_0_20896 4454 8143 20896 -1 -1 3089 0.0313108
Chain
	Aln	9	+SRR33939694.34611/1 115 1896 1929 -edge_5_0_+disjointig_2_3588_44283 2027 3835 40695 -1 -1 1423 0.0391666
Chain
	Aln	8	-SRR33939694.34611/1 32 1813 1929 +edge_5_0_+disjointig_2_3588_44283 36859 38667 40695 -1 -1 1423 0.0391666
Chain
	Aln	1	+SRR33939694.34518/1 240 3571 3573 -edge_1_0_+disjointig_1_0_20896 6134 9423 20896 -1 -1 2833 0.0261547
Chain
	Aln	0	-SRR33939694.34518/1 1 3332 3573 +edge_1_0_+disjointig_1_0_20896 11472 14761 20896 -1 -1 2833 0.0261547
Chain
	Aln	9	+SRR33939694.34725/1 115 1171 1173 -edge_5_0_+disjointig_2_3588_44283 37212 38278 40695 -1 -1 960 0.021725
Chain
	Aln	8	-SRR33939694.34725/1 1 1057 1173 +edge_5_0_+disjointig_2_3588_44283 2416 3482 40695 -1 -1 960 0.021725
Chain
	Aln	8	+SRR33939694.34903/1 110 1111 1119 +edge_5_0_+disjointig_2_3588_44283 35401 36399 40695 -1 -1 924 0.0183448
Chain
	Aln	9	-SRR33939694.34903/1 7 1008 1119 -edge_5_0_+disjointig_2_3588_44283 4295 5293 40695 -1 -1 924 0.0183448
Chain
	Aln	8	+SRR33939694.34975/1 109 1382 1385 +edge_5_0_+disjointig_2_3588_44283 37242 38524 40695 -1 -1 1028 0.0362896
Chain
	Aln	9	-SRR33939694.34975/1 2 1275 1385 -edge_5_0_+disjointig_2_3588_44283 2170 3452 40695 -1 -1 1028 0.0362896
Chain
	Aln	8	+SRR33939694.34978/1 139 1154 1156 +edge_5_0_+disjointig_2_3588_44283 23335 24360 40695 -1 -1 996 0.0141466
Chain
	Aln	9	-SRR33939694.34978/1 1 1016 1156 -edge_5_0_+disjointig_2_3588_44283 16334 17359 40695 -1 -1 996 0.0141466
Chain
	Aln	8	+SRR33939694.34972/1 155 1616 1618 +edge_5_0_+disjointig_2_3588_44283 6237 7705 40695 -1 -1 1354 0.0164842
Chain
	Aln	9	-SRR33939694.34972/1 1 1462 1618 -edge_5_0_+disjointig_2_3588_44283 32989 34457 40695 -1 -1 1354 0.0164842
Chain
	Aln	8	+SRR33939694.35001/1 114 1128 1180 +edge_5_0_+disjointig_2_3588_44283 23947 24983 40695 -1 -1 944 0.017313
Chain
	Aln	9	-SRR33939694.35001/1 51 1065 1180 -edge_5_0_+disjointig_2_3588_44283 15711 16747 40695 -1 -1 944 0.017313
Chain
	Aln	9	+SRR33939694.34997/1 110 1590 1592 -edge_5_0_+disjointig_2_3588_44283 4598 6089 40695 -1 -1 1263 0.0316233
Chain
	Aln	8	-SRR33939694.34997/1 1 1481 1592 +edge_5_0_+disjointig_2_3588_44283 34605 36096 40695 -1 -1 1263 0.0316233
Chain
	Aln	5	+SRR33939694.35000/1 128 1526 1738 -edge_3_0_-disjointig_2_41855_44283 1014 2396 2428 -1 -1 1236 0.0268293
Chain
	Aln	4	-SRR33939694.35000/1 211 1609 1738 +edge_3_0_-disjointig_2_41855_44283 31 1413 2428 -1 -1 1236 0.0268293
Chain
	Aln	8	+SRR33939694.35030/1 107 1333 1335 +edge_5_0_+disjointig_2_3588_44283 24709 25941 40695 -1 -1 1156 0.0125614
Chain
	Aln	9	-SRR33939694.35030/1 1 1227 1335 -edge_5_0_+disjointig_2_3588_44283 14753 15985 40695 -1 -1 1156 0.0125614
Chain
	Aln	8	+SRR33939694.35074/1 181 1403 1406 +edge_5_0_+disjointig_2_3588_44283 28358 29615 40695 -1 -1 830 0.0517424
Chain
	Aln	9	-SRR33939694.35074/1 2 1224 1406 -edge_5_0_+disjointig_2_3588_44283 11079 12336 40695 -1 -1 830 0.0517424
Chain
	Aln	8	+SRR33939694.35110/1 114 1309 1311 +edge_5_0_+disjointig_2_3588_44283 10231 11428 40695 -1 -1 1054 0.0241552
Chain
	Aln	9	-SRR33939694.35110/1 1 1196 1311 -edge_5_0_+disjointig_2_3588_44283 29266 30463 40695 -1 -1 1054 0.0241552
Chain
	Aln	8	+SRR33939694.35027/1 122 1782 1811 +edge_5_0_+disjointig_2_3588_44283 25182 26885 40695 -1 -1 1394 0.0335306
Chain
	Aln	9	-SRR33939694.35027/1 28 1688 1811 -edge_5_0_+disjointig_2_3588_44283 13809 15512 40695 -1 -1 1394 0.0335306
Chain
	Aln	8	+SRR33939694.35141/1 116 1150 1153 +edge_5_0_+disjointig_2_3588_44283 5428 6463 40695 -1 -1 972 0.016649
Chain
	Aln	9	-SRR33939694.35141/1 2 1036 1153 -edge_5_0_+disjointig_2_3588_44283 34231 35266 40695 -1 -1 972 0.016649
Chain
	Aln	8	+SRR33939694.35135/1 186 1353 1373 +edge_5_0_+disjointig_2_3588_44283 13375 14556 40695 -1 -1 935 0.0404594
Chain
	Aln	9	-SRR33939694.35135/1 19 1186 1373 -edge_5_0_+disjointig_2_3588_44283 26138 27319 40695 -1 -1 935 0.0404594
Chain
	Aln	9	+SRR33939694.35162/1 123 1465 1485 -edge_5_0_+disjointig_2_3588_44283 11129 12514 40695 -1 -1 869 0.062884
Chain
	Aln	8	-SRR33939694.35162/1 19 1361 1485 +edge_5_0_+disjointig_2_3588_44283 28180 29565 40695 -1 -1 869 0.062884
Chain
	Aln	8	+SRR33939694.35178/1 144 1253 1304 +edge_5_0_+disjointig_2_3588_44283 2083 3188 40695 -1 -1 937 0.0330124
Chain
	Aln	9	-SRR33939694.35178/1 50 1159 1304 -edge_5_0_+disjointig_2_3588_44283 37506 38611 40695 -1 -1 937 0.0330124
Chain
	Aln	9	+SRR33939694.35192/1 114 1142 1177 -edge_5_0_+disjointig_2_3588_44283 4649 5674 40695 -1 -1 956 0.0163254
Chain
	Aln	8	-SRR33939694.35192/1 34 1062 1177 +edge_5_0_+disjointig_2_3588_44283 35020 36045 40695 -1 -1 956 0.0163254
Chain
	Aln	8	+SRR33939694.35210/1 118 1138 1152 +edge_5_0_+disjointig_2_3588_44283 6932 7939 40695 -1 -1 881 0.0265301
Chain
	Aln	9	-SRR33939694.35210/1 13 1033 1152 -edge_5_0_+disjointig_2_3588_44283 32755 33762 40695 -1 -1 881 0.0265301
Chain
	Aln	9	+SRR33939694.35196/1 118 1350 1354 -edge_5_0_+disjointig_2_3588_44283 31769 32996 40695 -1 -1 1180 0.0144252
Chain
	Aln	8	-SRR33939694.35196/1 3 1235 1354 +edge_5_0_+disjointig_2_3588_44283 7698 8925 40695 -1 -1 1180 0.0144252
Chain
	Aln	9	+SRR33939694.35283/1 116 1118 1120 -edge_5_0_+disjointig_2_3588_44283 25872 26880 40695 -1 -1 918 0.0222305
Chain
	Aln	8	-SRR33939694.35283/1 1 1003 1120 +edge_5_0_+disjointig_2_3588_44283 13814 14822 40695 -1 -1 918 0.0222305
Chain
	Aln	8	+SRR33939694.35326/1 119 1435 1437 +edge_5_0_+disjointig_2_3588_44283 3390 4702 40695 -1 -1 1196 0.0191665
Chain
	Aln	9	-SRR33939694.35326/1 1 1317 1437 -edge_5_0_+disjointig_2_3588_44283 35992 37304 40695 -1 -1 1196 0.0191665
Chain
	Aln	9	+SRR33939694.35403/1 107 1134 1136 -edge_5_0_+disjointig_2_3588_44283 33806 34833 40695 -1 -1 946 0.0226509
Chain
	Aln	8	-SRR33939694.35403/1 1 1028 1136 +edge_5_0_+disjointig_2_3588_44283 5861 6888 40695 -1 -1 946 0.0226509
Chain
	Aln	9	+SRR33939694.35391/1 135 1198 1200 -edge_5_0_+disjointig_2_3588_44283 29164 30237 40695 -1 -1 879 0.0352162
Chain
	Aln	8	-SRR33939694.35391/1 1 1064 1200 +edge_5_0_+disjointig_2_3588_44283 10457 11530 40695 -1 -1 879 0.0352162
Chain
	Aln	8	+SRR33939694.35411/1 117 1430 1441 +edge_5_0_+disjointig_2_3588_44283 14646 15970 40695 -1 -1 1223 0.0159167
Chain
	Aln	9	-SRR33939694.35411/1 10 1323 1441 -edge_5_0_+disjointig_2_3588_44283 24724 26048 40695 -1 -1 1223 0.0159167
Chain
	Aln	9	+SRR33939694.35360/1 112 2138 2140 -edge_5_0_+disjointig_2_3588_44283 37833 39889 40695 -1 -1 1721 0.0266733
Chain
	Aln	8	-SRR33939694.35360/1 1 2027 2140 +edge_5_0_+disjointig_2_3588_44283 805 2861 40695 -1 -1 1721 0.0266733
Chain
	Aln	8	+SRR33939694.35413/1 125 1348 1381 +edge_5_0_+disjointig_2_3588_44283 25247 26475 40695 -1 -1 1185 0.0157185
Chain
	Aln	9	-SRR33939694.35413/1 32 1255 1381 -edge_5_0_+disjointig_2_3588_44283 14219 15447 40695 -1 -1 1185 0.0157185
Chain
	Aln	8	+SRR33939694.35393/1 111 2065 2078 +edge_5_0_+disjointig_2_3588_44283 3584 5538 40695 -1 -1 1779 0.0206066
Chain
	Aln	9	-SRR33939694.35393/1 12 1966 2078 -edge_5_0_+disjointig_2_3588_44283 35156 37110 40695 -1 -1 1779 0.0206066
Chain
	Aln	9	+SRR33939694.35430/1 111 1748 1752 -edge_5_0_+disjointig_2_3588_44283 17214 18865 40695 -1 -1 1484 0.0268383
Chain
	Aln	8	-SRR33939694.35430/1 3 1640 1752 +edge_5_0_+disjointig_2_3588_44283 21829 23480 40695 -1 -1 1484 0.0268383
Chain
	Aln	9	+SRR33939694.35501/1 100 1229 1233 -edge_5_0_+disjointig_2_3588_44283 8781 9903 40695 -1 -1 1044 0.017679
Chain
	Aln	8	-SRR33939694.35501/1 3 1132 1233 +edge_5_0_+disjointig_2_3588_44283 30791 31913 40695 -1 -1 1044 0.017679
Chain
	Aln	8	+SRR33939694.35433/1 123 1652 1654 +edge_5_0_+disjointig_2_3588_44283 32 1550 40695 -1 -1 1053 0.0494431
Chain
	Aln	9	-SRR33939694.35433/1 1 1530 1654 -edge_5_0_+disjointig_2_3588_44283 39144 40662 40695 -1 -1 1053 0.0494431
Chain
	Aln	8	+SRR33939694.35530/1 123 1196 1198 +edge_5_0_+disjointig_2_3588_44283 13312 14387 40695 -1 -1 969 0.0222996
Chain
	Aln	9	-SRR33939694.35530/1 1 1074 1198 -edge_5_0_+disjointig_2_3588_44283 26307 27382 40695 -1 -1 969 0.0222996
Chain
	Aln	9	+SRR33939694.35561/1 109 1501 1508 -edge_5_0_+disjointig_2_3588_44283 38246 39631 40695 -1 -1 986 0.046289
Chain
	Aln	8	-SRR33939694.35561/1 6 1398 1508 +edge_5_0_+disjointig_2_3588_44283 1063 2448 40695 -1 -1 986 0.046289
Chain
	Aln	8	+SRR33939694.35562/1 103 1596 1708 +edge_5_0_+disjointig_2_3588_44283 36918 38410 40695 -1 -1 1405 0.0173714
Chain
	Aln	9	-SRR33939694.35562/1 111 1604 1708 -edge_5_0_+disjointig_2_3588_44283 2284 3776 40695 -1 -1 1405 0.0173714
Chain
	Aln	9	+SRR33939694.35608/1 128 1491 1497 -edge_5_0_+disjointig_2_3588_44283 1577 2970 40695 -1 -1 1263 0.0225734
Chain
	Aln	8	-SRR33939694.35608/1 5 1368 1497 +edge_5_0_+disjointig_2_3588_44283 37724 39117 40695 -1 -1 1263 0.0225734
Chain
	Aln	8	+SRR33939694.35566/1 103 2536 2538 +edge_5_0_+disjointig_2_3588_44283 29356 31770 40695 -1 -1 2142 0.0195532
Chain
	Aln	9	-SRR33939694.35566/1 1 2434 2538 -edge_5_0_+disjointig_2_3588_44283 8924 11338 40695 -1 -1 2142 0.0195532
Chain
	Aln	8	+SRR33939694.35641/1 107 1727 1731 +edge_5_0_+disjointig_2_3588_44283 26225 27858 40695 -1 -1 1348 0.0284893
Chain
	Aln	9	-SRR33939694.35641/1 3 1623 1731 -edge_5_0_+disjointig_2_3588_44283 12836 14469 40695 -1 -1 1348 0.0284893
Chain
	Aln	9	+SRR33939694.35697/1 118 2172 2174 -edge_5_0_+disjointig_2_3588_44283 26312 28351 40695 -1 -1 1867 0.0181503
Chain
	Aln	8	-SRR33939694.35697/1 1 2055 2174 +edge_5_0_+disjointig_2_3588_44283 12343 14382 40695 -1 -1 1867 0.0181503
Chain
	Aln	9	+SRR33939694.35816/1 106 1328 1330 -edge_5_0_+disjointig_2_3588_44283 6576 7814 40695 -1 -1 1110 0.0287915
Chain
	Aln	8	-SRR33939694.35816/1 1 1223 1330 +edge_5_0_+disjointig_2_3588_44283 32880 34118 40695 -1 -1 1110 0.0287915
Chain
	Aln	8	+SRR33939694.35801/1 111 1475 1477 +edge_5_0_+disjointig_2_3588_44283 5367 6735 40695 -1 -1 1305 0.0160598
Chain
	Aln	9	-SRR33939694.35801/1 1 1365 1477 -edge_5_0_+disjointig_2_3588_44283 33959 35327 40695 -1 -1 1305 0.0160598
Chain
	Aln	9	+SRR33939694.35884/1 102 1242 1245 -edge_5_0_+disjointig_2_3588_44283 12338 13494 40695 -1 -1 1020 0.0229267
Chain
	Aln	8	-SRR33939694.35884/1 2 1142 1245 +edge_5_0_+disjointig_2_3588_44283 27200 28356 40695 -1 -1 1020 0.0229267
Chain
	Aln	9	+SRR33939694.35720/1 119 3007 3012 -edge_5_0_+disjointig_2_3588_44283 32859 35765 40695 -1 -1 2503 0.0299022
Chain
	Aln	8	-SRR33939694.35720/1 4 2892 3012 +edge_5_0_+disjointig_2_3588_44283 4929 7835 40695 -1 -1 2503 0.0299022
Chain
	Aln	0	+SRR33939694.35846/1 857 2082 2084 +edge_1_0_+disjointig_1_0_20896 3590 4824 20896 -1 -1 885 0.0459911
Chain
	Aln	1	-SRR33939694.35846/1 1 1226 2084 -edge_1_0_+disjointig_1_0_20896 16071 17305 20896 -1 -1 885 0.0459911
Chain
	Aln	8	+SRR33939694.35926/1 132 1169 1205 +edge_5_0_+disjointig_2_3588_44283 4918 5976 40695 -1 -1 779 0.0502221
Chain
	Aln	9	-SRR33939694.35926/1 35 1072 1205 -edge_5_0_+disjointig_2_3588_44283 34718 35776 40695 -1 -1 779 0.0502221
Chain
	Aln	8	+SRR33939694.35941/1 113 1471 1504 +edge_5_0_+disjointig_2_3588_44283 21550 22932 40695 -1 -1 910 0.0568692
Chain
	Aln	9	-SRR33939694.35941/1 32 1390 1504 -edge_5_0_+disjointig_2_3588_44283 17762 19144 40695 -1 -1 910 0.0568692
Chain
	Aln	8	+SRR33939694.35902/1 111 1806 1808 +edge_5_0_+disjointig_2_3588_44283 3199 4900 40695 -1 -1 1592 0.0223
Chain
	Aln	9	-SRR33939694.35902/1 1 1696 1808 -edge_5_0_+disjointig_2_3588_44283 35794 37495 40695 -1 -1 1592 0.0223
Chain
	Aln	8	+SRR33939694.36059/1 115 1141 1178 +edge_5_0_+disjointig_2_3588_44283 24576 25612 40695 -1 -1 836 0.0339564
Chain
	Aln	9	-SRR33939694.36059/1 36 1062 1178 -edge_5_0_+disjointig_2_3588_44283 15082 16118 40695 -1 -1 836 0.0339564
Chain
	Aln	9	+SRR33939694.35969/1 137 2000 2032 -edge_5_0_+disjointig_2_3588_44283 25687 27548 40695 -1 -1 1148 0.0604436
Chain
	Aln	8	-SRR33939694.35969/1 31 1894 2032 +edge_5_0_+disjointig_2_3588_44283 13146 15007 40695 -1 -1 1148 0.0604436
Chain
	Aln	8	+SRR33939694.36254/1 117 1292 1300 +edge_5_0_+disjointig_2_3588_44283 23689 24875 40695 -1 -1 1012 0.0284814
Chain
	Aln	9	-SRR33939694.36254/1 7 1182 1300 -edge_5_0_+disjointig_2_3588_44283 15819 17005 40695 -1 -1 1012 0.0284814
Chain
	Aln	8	+SRR33939694.36301/1 114 1376 1381 +edge_5_0_+disjointig_2_3588_44283 13959 15228 40695 -1 -1 1131 0.0283376
Chain
	Aln	9	-SRR33939694.36301/1 4 1266 1381 -edge_5_0_+disjointig_2_3588_44283 25466 26735 40695 -1 -1 1131 0.0283376
Chain
	Aln	7	+SRR33939694.36236/1 270 2310 2320 -edge_4_0_+disjointig_1_22059_47419 13581 15622 25360 -1 -1 1872 0.0199638
Chain
	Aln	6	-SRR33939694.36236/1 9 2049 2320 +edge_4_0_+disjointig_1_22059_47419 9737 11778 25360 -1 -1 1872 0.0199638
Chain
	Aln	9	+SRR33939694.36258/1 126 2527 2532 -edge_5_0_+disjointig_2_3588_44283 5478 7893 40695 -1 -1 2092 0.0274796
Chain
	Aln	8	-SRR33939694.36258/1 4 2405 2532 +edge_5_0_+disjointig_2_3588_44283 32801 35216 40695 -1 -1 2092 0.0274796
Chain
	Aln	8	+SRR33939694.36368/1 106 1137 1150 +edge_5_0_+disjointig_2_3588_44283 27737 28808 40695 -1 -1 796 0.042776
Chain
	Aln	9	-SRR33939694.36368/1 12 1043 1150 -edge_5_0_+disjointig_2_3588_44283 11886 12957 40695 -1 -1 796 0.042776
Chain
	Aln	8	+SRR33939694.36336/1 123 1477 1488 +edge_5_0_+disjointig_2_3588_44283 18298 19653 40695 -1 -1 1219 0.021633
Chain
	Aln	9	-SRR33939694.36336/1 10 1364 1488 -edge_5_0_+disjointig_2_3588_44283 21041 22396 40695 -1 -1 1219 0.021633
Chain
	Aln	9	+SRR33939694.36379/1 105 1625 1629 -edge_5_0_+disjointig_2_3588_44283 7334 8854 40695 -1 -1 1360 0.0218629
Chain
	Aln	8	-SRR33939694.36379/1 3 1523 1629 +edge_5_0_+disjointig_2_3588_44283 31840 33360 40695 -1 -1 1360 0.0218629
Chain
	Aln	8	+SRR33939694.36278/1 118 5559 5581 +edge_5_0_+disjointig_2_3588_44283 11503 16932 40695 -1 -1 4474 0.0319919
Chain
	Aln	9	-SRR33939694.36278/1 21 5462 5581 -edge_5_0_+disjointig_2_3588_44283 23762 29191 40695 -1 -1 4474 0.0319919
Chain
	Aln	0	+SRR33939694.36322/1 1014 3278 3287 +edge_1_0_+disjointig_1_0_20896 7869 10133 20896 -1 -1 2057 0.0258209
Chain
	Aln	1	-SRR33939694.36322/1 8 2272 3287 -edge_1_0_+disjointig_1_0_20896 10762 13026 20896 -1 -1 2057 0.0258209
Chain
	Aln	8	+SRR33939694.36634/1 90 1096 1098 +edge_5_0_+disjointig_2_3588_44283 10278 11288 40695 -1 -1 939 0.0133526
Chain
	Aln	9	-SRR33939694.36634/1 1 1007 1098 -edge_5_0_+disjointig_2_3588_44283 29406 30416 40695 -1 -1 939 0.0133526
Chain
	Aln	8	+SRR33939694.36895/1 108 1311 1313 +edge_5_0_+disjointig_2_3588_44283 5495 6700 40695 -1 -1 1175 0.0110217
Chain
	Aln	9	-SRR33939694.36895/1 1 1204 1313 -edge_5_0_+disjointig_2_3588_44283 33994 35199 40695 -1 -1 1175 0.0110217
Chain
	Aln	8	+SRR33939694.36387/1 129 5613 5648 +edge_5_0_+disjointig_2_3588_44283 32623 38120 40695 -1 -1 3744 0.0540162
Chain
	Aln	9	-SRR33939694.36387/1 34 5518 5648 -edge_5_0_+disjointig_2_3588_44283 2574 8071 40695 -1 -1 3744 0.0540162
Chain
	Aln	8	+SRR33939694.36938/1 123 1534 1536 +edge_5_0_+disjointig_2_3588_44283 24250 25661 40695 -1 -1 1343 0.0145275
Chain
	Aln	9	-SRR33939694.36938/1 1 1412 1536 -edge_5_0_+disjointig_2_3588_44283 15033 16444 40695 -1 -1 1343 0.0145275
Chain
	Aln	8	+SRR33939694.36951/1 107 1388 1390 +edge_5_0_+disjointig_2_3588_44283 32069 33343 40695 -1 -1 1117 0.026535
Chain
	Aln	9	-SRR33939694.36951/1 1 1282 1390 -edge_5_0_+disjointig_2_3588_44283 7351 8625 40695 -1 -1 1117 0.026535
Chain
	Aln	9	+SRR33939694.36758/1 113 2941 2955 -edge_5_0_+disjointig_2_3588_44283 30080 32920 40695 -1 -1 2152 0.0382337
Chain
	Aln	8	-SRR33939694.36758/1 13 2841 2955 +edge_5_0_+disjointig_2_3588_44283 7774 10614 40695 -1 -1 2152 0.0382337
Chain
	Aln	8	+SRR33939694.36940/1 127 1487 1489 +edge_5_0_+disjointig_2_3588_44283 21630 23011 40695 -1 -1 1241 0.0271151
Chain
	Aln	9	-SRR33939694.36940/1 1 1361 1489 -edge_5_0_+disjointig_2_3588_44283 17683 19064 40695 -1 -1 1241 0.0271151
Chain
	Aln	9	+SRR33939694.36996/1 113 1253 1259 -edge_5_0_+disjointig_2_3588_44283 15350 16501 40695 -1 -1 1119 0.0137546
Chain
	Aln	8	-SRR33939694.36996/1 5 1145 1259 +edge_5_0_+disjointig_2_3588_44283 24193 25344 40695 -1 -1 1119 0.0137546
Chain
	Aln	8	+SRR33939694.36966/1 110 1279 1284 +edge_5_0_+disjointig_2_3588_44283 3647 4822 40695 -1 -1 1119 0.0146463
Chain
	Aln	9	-SRR33939694.36966/1 4 1173 1284 -edge_5_0_+disjointig_2_3588_44283 35872 37047 40695 -1 -1 1119 0.0146463
Chain
	Aln	9	+SRR33939694.37007/1 110 1480 1484 -edge_5_0_+disjointig_2_3588_44283 4473 5853 40695 -1 -1 1304 0.0160106
Chain
	Aln	8	-SRR33939694.37007/1 3 1373 1484 +edge_5_0_+disjointig_2_3588_44283 34841 36221 40695 -1 -1 1304 0.0160106
Chain
	Aln	8	+SRR33939694.37041/1 126 1761 1773 +edge_5_0_+disjointig_2_3588_44283 2650 4298 40695 -1 -1 1477 0.0205393
Chain
	Aln	9	-SRR33939694.37041/1 11 1646 1773 -edge_5_0_+disjointig_2_3588_44283 36396 38044 40695 -1 -1 1477 0.0205393
Chain
	Aln	8	+SRR33939694.37086/1 108 1636 1688 +edge_5_0_+disjointig_2_3588_44283 7314 8853 40695 -1 -1 1408 0.0192095
Chain
	Aln	9	-SRR33939694.37086/1 51 1579 1688 -edge_5_0_+disjointig_2_3588_44283 31841 33380 40695 -1 -1 1408 0.0192095
Chain
	Aln	8	+SRR33939694.37241/1 106 1216 1242 +edge_5_0_+disjointig_2_3588_44283 30055 31202 40695 -1 -1 940 0.0315597
Chain
	Aln	9	-SRR33939694.37241/1 25 1135 1242 -edge_5_0_+disjointig_2_3588_44283 9492 10639 40695 -1 -1 940 0.0315597
Chain
	Aln	9	+SRR33939694.37318/1 108 1158 1160 -edge_5_0_+disjointig_2_3588_44283 29769 30814 40695 -1 -1 1019 0.0177982
Chain
	Aln	8	-SRR33939694.37318/1 1 1051 1160 +edge_5_0_+disjointig_2_3588_44283 9880 10925 40695 -1 -1 1019 0.0177982
Chain
	Aln	9	+SRR33939694.37336/1 155 1197 1199 -edge_5_0_+disjointig_2_3588_44283 36516 37555 40695 -1 -1 804 0.0362519
Chain
	Aln	8	-SRR33939694.37336/1 1 1043 1199 +edge_5_0_+disjointig_2_3588_44283 3139 4178 40695 -1 -1 804 0.0362519
Chain
	Aln	9	+SRR33939694.37350/1 109 1637 1639 -edge_5_0_+disjointig_2_3588_44283 11450 12946 40695 -1 -1 1353 0.0229635
Chain
	Aln	8	-SRR33939694.37350/1 1 1529 1639 +edge_5_0_+disjointig_2_3588_44283 27748 29244 40695 -1 -1 1353 0.0229635
Chain
	Aln	9	+SRR33939694.37377/1 120 1491 1495 -edge_5_0_+disjointig_2_3588_44283 29455 30824 40695 -1 -1 1241 0.0266876
Chain
	Aln	8	-SRR33939694.37377/1 3 1374 1495 +edge_5_0_+disjointig_2_3588_44283 9870 11239 40695 -1 -1 1241 0.0266876
Chain
	Aln	9	+SRR33939694.37416/1 114 1242 1244 -edge_5_0_+disjointig_2_3588_44283 13144 14261 40695 -1 -1 1062 0.0189808
Chain
	Aln	8	-SRR33939694.37416/1 1 1129 1244 +edge_5_0_+disjointig_2_3588_44283 26433 27550 40695 -1 -1 1062 0.0189808
Chain
	Aln	8	+SRR33939694.37388/1 113 1392 1403 +edge_5_0_+disjointig_2_3588_44283 20541 21838 40695 -1 -1 1092 0.0372299
Chain
	Aln	9	-SRR33939694.37388/1 10 1289 1403 -edge_5_0_+disjointig_2_3588_44283 18856 20153 40695 -1 -1 1092 0.0372299
Chain
	Aln	7	+SRR33939694.37389/1 447 1589 1591 -edge_4_0_+disjointig_1_22059_47419 1870 3015 25360 -1 -1 1018 0.0216168
Chain
	Aln	6	-SRR33939694.37389/1 1 1143 1591 +edge_4_0_+disjointig_1_22059_47419 22344 23489 25360 -1 -1 1018 0.0216168
Chain
	Aln	9	+SRR33939694.37420/1 108 1558 1560 -edge_5_0_+disjointig_2_3588_44283 21117 22566 40695 -1 -1 1235 0.034114
Chain
	Aln	8	-SRR33939694.37420/1 1 1451 1560 +edge_5_0_+disjointig_2_3588_44283 18128 19577 40695 -1 -1 1235 0.034114
Chain
	Aln	9	+SRR33939694.37479/1 113 1177 1198 -edge_5_0_+disjointig_2_3588_44283 15796 16860 40695 -1 -1 997 0.015617
Chain
	Aln	8	-SRR33939694.37479/1 20 1084 1198 +edge_5_0_+disjointig_2_3588_44283 23834 24898 40695 -1 -1 997 0.015617
Chain
	Aln	8	+SRR33939694.37421/1 112 1365 1383 +edge_5_0_+disjointig_2_3588_44283 18189 19435 40695 -1 -1 1176 0.0133194
Chain
	Aln	9	-SRR33939694.37421/1 17 1270 1383 -edge_5_0_+disjointig_2_3588_44283 21259 22505 40695 -1 -1 1176 0.0133194
Chain
	Aln	8	+SRR33939694.37462/1 111 1666 1680 +edge_5_0_+disjointig_2_3588_44283 3139 4712 40695 -1 -1 1376 0.0231531
Chain
	Aln	9	-SRR33939694.37462/1 13 1568 1680 -edge_5_0_+disjointig_2_3588_44283 35982 37555 40695 -1 -1 1376 0.0231531
Chain
	Aln	8	+SRR33939694.37489/1 109 1568 1570 +edge_5_0_+disjointig_2_3588_44283 24541 26005 40695 -1 -1 1339 0.0150631
Chain
	Aln	9	-SRR33939694.37489/1 1 1460 1570 -edge_5_0_+disjointig_2_3588_44283 14689 16153 40695 -1 -1 1339 0.0150631
Chain
	Aln	9	+SRR33939694.37506/1 124 1155 1157 -edge_5_0_+disjointig_2_3588_44283 38794 39824 40695 -1 -1 876 0.0248505
Chain
	Aln	8	-SRR33939694.37506/1 1 1032 1157 +edge_5_0_+disjointig_2_3588_44283 870 1900 40695 -1 -1 876 0.0248505
Chain
	Aln	8	+SRR33939694.37517/1 129 1342 1346 +edge_5_0_+disjointig_2_3588_44283 25566 26796 40695 -1 -1 1126 0.0211207
Chain
	Aln	9	-SRR33939694.37517/1 3 1216 1346 -edge_5_0_+disjointig_2_3588_44283 13898 15128 40695 -1 -1 1126 0.0211207
Chain
	Aln	8	+SRR33939694.37547/1 131 1482 1495 +edge_5_0_+disjointig_2_3588_44283 19876 21244 40695 -1 -1 1270 0.0185436
Chain
	Aln	9	-SRR33939694.37547/1 12 1363 1495 -edge_5_0_+disjointig_2_3588_44283 19450 20818 40695 -1 -1 1270 0.0185436
Chain
	Aln	9	+SRR33939694.37555/1 110 1607 1613 -edge_5_0_+disjointig_2_3588_44283 25679 27170 40695 -1 -1 1349 0.0204068
Chain
	Aln	8	-SRR33939694.37555/1 5 1502 1613 +edge_5_0_+disjointig_2_3588_44283 13524 15015 40695 -1 -1 1349 0.0204068
Chain
	Aln	8	+SRR33939694.37557/1 125 1443 1445 +edge_5_0_+disjointig_2_3588_44283 26741 28065 40695 -1 -1 1267 0.0151637
Chain
	Aln	9	-SRR33939694.37557/1 1 1319 1445 -edge_5_0_+disjointig_2_3588_44283 12629 13953 40695 -1 -1 1267 0.0151637
Chain
	Aln	9	+SRR33939694.37604/1 106 1573 1589 -edge_5_0_+disjointig_2_3588_44283 17638 19105 40695 -1 -1 942 0.0550289
Chain
	Aln	8	-SRR33939694.37604/1 15 1482 1589 +edge_5_0_+disjointig_2_3588_44283 21589 23056 40695 -1 -1 942 0.0550289
Chain
	Aln	8	+SRR33939694.37608/1 110 1125 1127 +edge_5_0_+disjointig_2_3588_44283 18626 19645 40695 -1 -1 945 0.0177293
Chain
	Aln	9	-SRR33939694.37608/1 1 1016 1127 -edge_5_0_+disjointig_2_3588_44283 21049 22068 40695 -1 -1 945 0.0177293
Chain
	Aln	9	+SRR33939694.37698/1 114 1224 1226 -edge_5_0_+disjointig_2_3588_44283 32782 33904 40695 -1 -1 1002 0.0239429
Chain
	Aln	8	-SRR33939694.37698/1 1 1111 1226 +edge_5_0_+disjointig_2_3588_44283 6790 7912 40695 -1 -1 1002 0.0239429
Chain
	Aln	9	+SRR33939694.37625/1 121 2044 2067 -edge_5_0_+disjointig_2_3588_44283 36940 38878 40695 -1 -1 1605 0.0308905
Chain
	Aln	8	-SRR33939694.37625/1 22 1945 2067 +edge_5_0_+disjointig_2_3588_44283 1816 3754 40695 -1 -1 1605 0.0308905
Chain
	Aln	9	+SRR33939694.37628/1 107 1753 1755 -edge_5_0_+disjointig_2_3588_44283 26235 27883 40695 -1 -1 1602 0.0119732
Chain
	Aln	8	-SRR33939694.37628/1 1 1647 1755 +edge_5_0_+disjointig_2_3588_44283 12811 14459 40695 -1 -1 1602 0.0119732
Chain
	Aln	5	+SRR33939694.37716/1 116 1327 1329 -edge_3_0_-disjointig_2_41855_44283 303 1513 2428 -1 -1 1139 0.0159732
Chain
	Aln	4	-SRR33939694.37716/1 1 1212 1329 +edge_3_0_-disjointig_2_41855_44283 914 2124 2428 -1 -1 1139 0.0159732
Chain
	Aln	9	+SRR33939694.37720/1 118 1409 1416 -edge_5_0_+disjointig_2_3588_44283 32422 33697 40695 -1 -1 1058 0.0346928
Chain
	Aln	8	-SRR33939694.37720/1 6 1297 1416 +edge_5_0_+disjointig_2_3588_44283 6997 8272 40695 -1 -1 1058 0.0346928
Chain
	Aln	9	+SRR33939694.37754/1 110 1185 1200 -edge_5_0_+disjointig_2_3588_44283 15745 16846 40695 -1 -1 1027 0.0251638
Chain
	Aln	8	-SRR33939694.37754/1 14 1089 1200 +edge_5_0_+disjointig_2_3588_44283 23848 24949 40695 -1 -1 1027 0.0251638
Chain
	Aln	8	+SRR33939694.37728/1 114 1516 1531 +edge_5_0_+disjointig_2_3588_44283 28282 29705 40695 -1 -1 936 0.0546876
Chain
	Aln	9	-SRR33939694.37728/1 14 1416 1531 -edge_5_0_+disjointig_2_3588_44283 10989 12412 40695 -1 -1 936 0.0546876
Chain
	Aln	0	+SRR33939694.37752/1 207 1250 1253 +edge_1_0_+disjointig_1_0_20896 16787 17835 20896 -1 -1 957 0.0249475
Chain
	Aln	1	-SRR33939694.37752/1 2 1045 1253 -edge_1_0_+disjointig_1_0_20896 3060 4108 20896 -1 -1 957 0.0249475
Chain
	Aln	9	+SRR33939694.37770/1 110 1123 1127 -edge_5_0_+disjointig_2_3588_44283 1198 2218 40695 -1 -1 907 0.0235265
Chain
	Aln	8	-SRR33939694.37770/1 3 1016 1127 +edge_5_0_+disjointig_2_3588_44283 38476 39496 40695 -1 -1 907 0.0235265
Chain
	Aln	9	+SRR33939694.37795/1 136 1629 1642 -edge_5_0_+disjointig_2_3588_44283 24112 25613 40695 -1 -1 1352 0.0227752
Chain
	Aln	8	-SRR33939694.37795/1 12 1505 1642 +edge_5_0_+disjointig_2_3588_44283 15081 16582 40695 -1 -1 1352 0.0227752
Chain
	Aln	8	+SRR33939694.37824/1 112 1132 1137 +edge_5_0_+disjointig_2_3588_44283 34695 35714 40695 -1 -1 916 0.0224174
Chain
	Aln	9	-SRR33939694.37824/1 4 1024 1137 -edge_5_0_+disjointig_2_3588_44283 4980 5999 40695 -1 -1 916 0.0224174
Chain
	Aln	8	+SRR33939694.37906/1 122 1295 1306 +edge_5_0_+disjointig_2_3588_44283 23810 24984 40695 -1 -1 1116 0.0207582
Chain
	Aln	9	-SRR33939694.37906/1 10 1183 1306 -edge_5_0_+disjointig_2_3588_44283 15710 16884 40695 -1 -1 1116 0.0207582
Chain
	Aln	8	+SRR33939694.38003/1 126 1413 1419 +edge_5_0_+disjointig_2_3588_44283 17231 18528 40695 -1 -1 1119 0.0235591
Chain
	Aln	9	-SRR33939694.38003/1 5 1292 1419 -edge_5_0_+disjointig_2_3588_44283 22166 23463 40695 -1 -1 1119 0.0235591
Chain
	Aln	9	+SRR33939694.38048/1 103 1237 1245 -edge_5_0_+disjointig_2_3588_44283 8877 10017 40695 -1 -1 1027 0.0219566
Chain
	Aln	8	-SRR33939694.38048/1 7 1141 1245 +edge_5_0_+disjointig_2_3588_44283 30677 31817 40695 -1 -1 1027 0.0219566
Chain
	Aln	8	+SRR33939694.38092/1 107 1133 1152 +edge_5_0_+disjointig_2_3588_44283 38160 39202 40695 -1 -1 886 0.0278761
Chain
	Aln	9	-SRR33939694.38092/1 18 1044 1152 -edge_5_0_+disjointig_2_3588_44283 1492 2534 40695 -1 -1 886 0.0278761
Chain
	Aln	8	+SRR33939694.38089/1 154 1816 1818 +edge_5_0_+disjointig_2_3588_44283 8480 10149 40695 -1 -1 1171 0.0535352
Chain
	Aln	9	-SRR33939694.38089/1 1 1663 1818 -edge_5_0_+disjointig_2_3588_44283 30545 32214 40695 -1 -1 1171 0.0535352
Chain
	Aln	5	+SRR33939694.38313/1 117 1183 1213 -edge_3_0_-disjointig_2_41855_44283 431 1501 2428 -1 -1 943 0.0343565
Chain
	Aln	4	-SRR33939694.38313/1 29 1095 1213 +edge_3_0_-disjointig_2_41855_44283 926 1996 2428 -1 -1 943 0.0343565
Chain
	Aln	0	+SRR33939694.37765/1 42 6803 6824 +edge_1_0_+disjointig_1_0_20896 113 6968 20896 -1 -1 4494 0.0565337
Chain
	Aln	1	-SRR33939694.37765/1 20 6781 6824 -edge_1_0_+disjointig_1_0_20896 13927 20782 20896 -1 -1 4494 0.0565337
Chain
	Aln	8	+SRR33939694.38367/1 102 1469 1471 +edge_5_0_+disjointig_2_3588_44283 34635 36009 40695 -1 -1 1291 0.0161478
Chain
	Aln	9	-SRR33939694.38367/1 1 1368 1471 -edge_5_0_+disjointig_2_3588_44283 4685 6059 40695 -1 -1 1291 0.0161478
Chain
	Aln	9	+SRR33939694.38380/1 118 1229 1231 -edge_5_0_+disjointig_2_3588_44283 20322 21453 40695 -1 -1 808 0.0460963
Chain
	Aln	8	-SRR33939694.38380/1 1 1112 1231 +edge_5_0_+disjointig_2_3588_44283 19241 20372 40695 -1 -1 808 0.0460963
Chain
	Aln	9	+SRR33939694.38431/1 111 1304 1315 -edge_5_0_+disjointig_2_3588_44283 21931 23134 40695 -1 -1 1123 0.021484
Chain
	Aln	8	-SRR33939694.38431/1 10 1203 1315 +edge_5_0_+disjointig_2_3588_44283 17560 18763 40695 -1 -1 1123 0.021484
Chain
	Aln	8	+SRR33939694.38432/1 112 1687 1704 +edge_5_0_+disjointig_2_3588_44283 13679 15249 40695 -1 -1 1277 0.037829
Chain
	Aln	9	-SRR33939694.38432/1 16 1591 1704 -edge_5_0_+disjointig_2_3588_44283 25445 27015 40695 -1 -1 1277 0.037829
Chain
	Aln	9	+SRR33939694.38493/1 110 1199 1205 -edge_5_0_+disjointig_2_3588_44283 28633 29734 40695 -1 -1 922 0.0266594
Chain
	Aln	8	-SRR33939694.38493/1 5 1094 1205 +edge_5_0_+disjointig_2_3588_44283 10960 12061 40695 -1 -1 922 0.0266594
Chain
	Aln	8	+SRR33939694.38447/1 105 1848 1855 +edge_5_0_+disjointig_2_3588_44283 36749 38501 40695 -1 -1 1612 0.0169915
Chain
	Aln	9	-SRR33939694.38447/1 6 1749 1855 -edge_5_0_+disjointig_2_3588_44283 2193 3945 40695 -1 -1 1612 0.0169915
Chain
	Aln	9	+SRR33939694.38544/1 109 1641 1644 -edge_5_0_+disjointig_2_3588_44283 10603 12122 40695 -1 -1 1356 0.0241513
Chain
	Aln	8	-SRR33939694.38544/1 2 1534 1644 +edge_5_0_+disjointig_2_3588_44283 28572 30091 40695 -1 -1 1356 0.0241513
Chain
	Aln	9	+SRR33939694.38565/1 132 1327 1336 -edge_5_0_+disjointig_2_3588_44283 18797 19989 40695 -1 -1 1089 0.0203207
Chain
	Aln	8	-SRR33939694.38565/1 8 1203 1336 +edge_5_0_+disjointig_2_3588_44283 20705 21897 40695 -1 -1 1089 0.0203207
Chain
	Aln	9	+SRR33939694.38692/1 103 1414 1416 -edge_5_0_+disjointig_2_3588_44283 22521 23835 40695 -1 -1 1208 0.0195125
Chain
	Aln	8	-SRR33939694.38692/1 1 1312 1416 +edge_5_0_+disjointig_2_3588_44283 16859 18173 40695 -1 -1 1208 0.0195125
Chain
	Aln	8	+SRR33939694.38614/1 198 1494 1497 +edge_5_0_+disjointig_2_3588_44283 27912 29223 40695 -1 -1 1252 0.0157458
Chain
	Aln	9	-SRR33939694.38614/1 2 1298 1497 -edge_5_0_+disjointig_2_3588_44283 11471 12782 40695 -1 -1 1252 0.0157458
Chain
	Aln	5	+SRR33939694.38559/1 136 1935 1937 -edge_3_0_-disjointig_2_41855_44283 161 1972 2428 -1 -1 1487 0.0316077
Chain
	Aln	4	-SRR33939694.38559/1 1 1800 1937 +edge_3_0_-disjointig_2_41855_44283 455 2266 2428 -1 -1 1487 0.0316077
Chain
	Aln	8	+SRR33939694.38716/1 116 1366 1375 +edge_5_0_+disjointig_2_3588_44283 35408 36664 40695 -1 -1 1077 0.0279577
Chain
	Aln	9	-SRR33939694.38716/1 8 1258 1375 -edge_5_0_+disjointig_2_3588_44283 4030 5286 40695 -1 -1 1077 0.0279577
Chain
	Aln	9	+SRR33939694.38770/1 131 1345 1353 -edge_5_0_+disjointig_2_3588_44283 21575 22781 40695 -1 -1 1017 0.0331689
Chain
	Aln	8	-SRR33939694.38770/1 7 1221 1353 +edge_5_0_+disjointig_2_3588_44283 17913 19119 40695 -1 -1 1017 0.0331689
Chain
	Aln	9	+SRR33939694.38704/1 124 1891 1893 -edge_5_0_+disjointig_2_3588_44283 3578 5360 40695 -1 -1 1718 0.0140006
Chain
	Aln	8	-SRR33939694.38704/1 1 1768 1893 +edge_5_0_+disjointig_2_3588_44283 35334 37116 40695 -1 -1 1718 0.0140006
Chain
	Aln	9	+SRR33939694.38747/1 115 1496 1498 -edge_5_0_+disjointig_2_3588_44283 28924 30295 40695 -1 -1 1294 0.0203522
Chain
	Aln	8	-SRR33939694.38747/1 1 1382 1498 +edge_5_0_+disjointig_2_3588_44283 10399 11770 40695 -1 -1 1294 0.0203522
Chain
	Aln	8	+SRR33939694.38701/1 110 2051 2073 +edge_5_0_+disjointig_2_3588_44283 34199 36152 40695 -1 -1 1566 0.0399597
Chain
	Aln	9	-SRR33939694.38701/1 21 1962 2073 -edge_5_0_+disjointig_2_3588_44283 4542 6495 40695 -1 -1 1566 0.0399597
Chain
	Aln	8	+SRR33939694.37811/1 110 14105 14107 +edge_5_0_+disjointig_2_3588_44283 9629 23697 40695 -1 -1 11397 0.0257799
Chain
	Aln	9	-SRR33939694.37811/1 1 13996 14107 -edge_5_0_+disjointig_2_3588_44283 16997 31065 40695 -1 -1 11397 0.0257799
Chain
	Aln	9	+SRR33939694.38794/1 115 1957 1982 -edge_5_0_+disjointig_2_3588_44283 30117 31953 40695 -1 -1 1406 0.0377194
Chain
	Aln	8	-SRR33939694.38794/1 24 1866 1982 +edge_5_0_+disjointig_2_3588_44283 8741 10577 40695 -1 -1 1406 0.0377194
Chain
	Aln	8	+SRR33939694.38834/1 118 1693 1698 +edge_5_0_+disjointig_2_3588_44283 18992 20591 40695 -1 -1 1390 0.027545
Chain
	Aln	9	-SRR33939694.38834/1 4 1579 1698 -edge_5_0_+disjointig_2_3588_44283 20103 21702 40695 -1 -1 1390 0.027545
Chain
	Aln	8	+SRR33939694.38846/1 113 1594 1611 +edge_5_0_+disjointig_2_3588_44283 22561 24027 40695 -1 -1 1361 0.0279404
Chain
	Aln	9	-SRR33939694.38846/1 16 1497 1611 -edge_5_0_+disjointig_2_3588_44283 16667 18133 40695 -1 -1 1361 0.0279404
Chain
	Aln	9	+SRR33939694.39121/1 107 1155 1161 -edge_5_0_+disjointig_2_3588_44283 26942 27990 40695 -1 -1 914 0.0312885
Chain
	Aln	8	-SRR33939694.39121/1 5 1053 1161 +edge_5_0_+disjointig_2_3588_44283 12704 13752 40695 -1 -1 914 0.0312885
Chain
	Aln	9	+SRR33939694.39003/1 113 2088 2102 -edge_5_0_+disjointig_2_3588_44283 34075 36054 40695 -1 -1 1652 0.0293132
Chain
	Aln	8	-SRR33939694.39003/1 13 1988 2102 +edge_5_0_+disjointig_2_3588_44283 4640 6619 40695 -1 -1 1652 0.0293132
Chain
	Aln	8	+SRR33939694.39151/1 107 1256 1280 +edge_5_0_+disjointig_2_3588_44283 29991 31133 40695 -1 -1 694 0.0691904
Chain
	Aln	9	-SRR33939694.39151/1 23 1172 1280 -edge_5_0_+disjointig_2_3588_44283 9561 10703 40695 -1 -1 694 0.0691904
Chain
	Aln	9	+SRR33939694.39186/1 105 1105 1108 -edge_5_0_+disjointig_2_3588_44283 2175 3176 40695 -1 -1 886 0.0256966
Chain
	Aln	8	-SRR33939694.39186/1 2 1002 1108 +edge_5_0_+disjointig_2_3588_44283 37518 38519 40695 -1 -1 886 0.0256966
Chain
	Aln	9	+SRR33939694.39224/1 119 1340 1342 -edge_5_0_+disjointig_2_3588_44283 7388 8635 40695 -1 -1 1026 0.0245212
Chain
	Aln	8	-SRR33939694.39224/1 1 1222 1342 +edge_5_0_+disjointig_2_3588_44283 32059 33306 40695 -1 -1 1026 0.0245212
Chain
	Aln	7	+SRR33939694.39081/1 511 2842 3528 -edge_4_0_+disjointig_1_22059_47419 14665 16988 25360 -1 -1 2198 0.0142009
Chain
	Aln	6	-SRR33939694.39081/1 685 3016 3528 +edge_4_0_+disjointig_1_22059_47419 8371 10694 25360 -1 -1 2198 0.0142009
Chain
	Aln	8	+SRR33939694.39263/1 114 1523 1526 +edge_5_0_+disjointig_2_3588_44283 10860 12278 40695 -1 -1 1308 0.0168294
Chain
	Aln	9	-SRR33939694.39263/1 2 1411 1526 -edge_5_0_+disjointig_2_3588_44283 28416 29834 40695 -1 -1 1308 0.0168294
Chain
	Aln	8	+SRR33939694.39291/1 114 1564 1566 +edge_5_0_+disjointig_2_3588_44283 4516 6015 40695 -1 -1 1240 0.024695
Chain
	Aln	9	-SRR33939694.39291/1 1 1451 1566 -edge_5_0_+disjointig_2_3588_44283 34679 36178 40695 -1 -1 1240 0.024695
Chain
	Aln	6	+SRR33939694.39225/1 372 2702 2704 +edge_4_0_+disjointig_1_22059_47419 490 2830 25360 -1 -1 2130 0.0234096
Chain
	Aln	7	-SRR33939694.39225/1 1 2331 2704 -edge_4_0_+disjointig_1_22059_47419 22529 24869 25360 -1 -1 2130 0.0234096
Chain
	Aln	9	+SRR33939694.39362/1 112 1655 1657 -edge_5_0_+disjointig_2_3588_44283 11932 13475 40695 -1 -1 1407 0.0203787
Chain
	Aln	8	-SRR33939694.39362/1 1 1544 1657 +edge_5_0_+disjointig_2_3588_44283 27219 28762 40695 -1 -1 1407 0.0203787
Chain
	Aln	9	+SRR33939694.39379/1 116 1183 1185 -edge_5_0_+disjointig_2_3588_44283 28426 29496 40695 -1 -1 897 0.0303507
Chain
	Aln	8	-SRR33939694.39379/1 1 1068 1185 +edge_5_0_+disjointig_2_3588_44283 11198 12268 40695 -1 -1 897 0.0303507
Chain
	Aln	9	+SRR33939694.39376/1 111 1226 1228 -edge_5_0_+disjointig_2_3588_44283 36221 37365 40695 -1 -1 892 0.0425887
Chain
	Aln	8	-SRR33939694.39376/1 1 1116 1228 +edge_5_0_+disjointig_2_3588_44283 3329 4473 40695 -1 -1 892 0.0425887
Chain
	Aln	8	+SRR33939694.39387/1 106 1235 1237 +edge_5_0_+disjointig_2_3588_44283 24080 25213 40695 -1 -1 1060 0.0216693
Chain
	Aln	9	-SRR33939694.39387/1 1 1130 1237 -edge_5_0_+disjointig_2_3588_44283 15481 16614 40695 -1 -1 1060 0.0216693
Chain
	Aln	8	+SRR33939694.39406/1 229 1297 1311 +edge_5_0_+disjointig_2_3588_44283 27254 28331 40695 -1 -1 1006 0.0202096
Chain
	Aln	9	-SRR33939694.39406/1 13 1081 1311 -edge_5_0_+disjointig_2_3588_44283 12363 13440 40695 -1 -1 1006 0.0202096
Chain
	Aln	8	+SRR33939694.39430/1 132 1964 1980 +edge_5_0_+disjointig_2_3588_44283 18314 20153 40695 -1 -1 1696 0.022645
Chain
	Aln	9	-SRR33939694.39430/1 15 1847 1980 -edge_5_0_+disjointig_2_3588_44283 20541 22380 40695 -1 -1 1696 0.022645
Chain
	Aln	9	+SRR33939694.39486/1 110 1193 1198 -edge_5_0_+disjointig_2_3588_44283 34812 35898 40695 -1 -1 954 0.0273871
Chain
	Aln	8	-SRR33939694.39486/1 4 1087 1198 +edge_5_0_+disjointig_2_3588_44283 4796 5882 40695 -1 -1 954 0.0273871
Chain
	Aln	9	+SRR33939694.39498/1 114 1381 1407 -edge_5_0_+disjointig_2_3588_44283 1358 2664 40695 -1 -1 951 0.0457853
Chain
	Aln	8	-SRR33939694.39498/1 25 1292 1407 +edge_5_0_+disjointig_2_3588_44283 38030 39336 40695 -1 -1 951 0.0457853
Chain
	Aln	9	+SRR33939694.39474/1 121 1640 1642 -edge_5_0_+disjointig_2_3588_44283 16941 18448 40695 -1 -1 1458 0.0151397
Chain
	Aln	8	-SRR33939694.39474/1 1 1520 1642 +edge_5_0_+disjointig_2_3588_44283 22246 23753 40695 -1 -1 1458 0.0151397
Chain
	Aln	9	+SRR33939694.39419/1 89 2679 2733 -edge_5_0_+disjointig_2_3588_44283 34288 36880 40695 -1 -1 2314 0.024781
Chain
	Aln	8	-SRR33939694.39419/1 53 2643 2733 +edge_5_0_+disjointig_2_3588_44283 3814 6406 40695 -1 -1 2314 0.024781
Chain
	Aln	9	+SRR33939694.39582/1 108 1307 1309 -edge_5_0_+disjointig_2_3588_44283 4971 6193 40695 -1 -1 1021 0.0346741
Chain
	Aln	8	-SRR33939694.39582/1 1 1200 1309 +edge_5_0_+disjointig_2_3588_44283 34501 35723 40695 -1 -1 1021 0.0346741
Chain
	Aln	9	+SRR33939694.39592/1 103 1245 1247 -edge_5_0_+disjointig_2_3588_44283 4034 5166 40695 -1 -1 886 0.0332666
Chain
	Aln	8	-SRR33939694.39592/1 1 1143 1247 +edge_5_0_+disjointig_2_3588_44283 35528 36660 40695 -1 -1 886 0.0332666
Chain
	Aln	8	+SRR33939694.39603/1 114 1459 1488 +edge_5_0_+disjointig_2_3588_44283 28105 29452 40695 -1 -1 1262 0.0196136
Chain
	Aln	9	-SRR33939694.39603/1 28 1373 1488 -edge_5_0_+disjointig_2_3588_44283 11242 12589 40695 -1 -1 1262 0.0196136
Chain
	Aln	6	+SRR33939694.39589/1 274 1816 1818 +edge_4_0_+disjointig_1_22059_47419 4506 6048 25360 -1 -1 1457 0.0120489
Chain
	Aln	7	-SRR33939694.39589/1 1 1543 1818 -edge_4_0_+disjointig_1_22059_47419 19311 20853 25360 -1 -1 1457 0.0120489
Chain
	Aln	9	+SRR33939694.39745/1 118 1243 1264 -edge_5_0_+disjointig_2_3588_44283 19203 20337 40695 -1 -1 1011 0.0242541
Chain
	Aln	8	-SRR33939694.39745/1 20 1145 1264 +edge_5_0_+disjointig_2_3588_44283 20357 21491 40695 -1 -1 1011 0.0242541
Chain
	Aln	8	+SRR33939694.39750/1 114 1370 1374 +edge_5_0_+disjointig_2_3588_44283 6162 7427 40695 -1 -1 1081 0.0312364
Chain
	Aln	9	-SRR33939694.39750/1 3 1259 1374 -edge_5_0_+disjointig_2_3588_44283 33267 34532 40695 -1 -1 1081 0.0312364
Chain
	Aln	8	+SRR33939694.39757/1 112 1565 1567 +edge_5_0_+disjointig_2_3588_44283 21208 22657 40695 -1 -1 1226 0.0284382
Chain
	Aln	9	-SRR33939694.39757/1 1 1454 1567 -edge_5_0_+disjointig_2_3588_44283 18037 19486 40695 -1 -1 1226 0.0284382
Chain
	Aln	4	+SRR33939694.39834/1 113 1306 1308 +edge_3_0_-disjointig_2_41855_44283 1274 2383 2428 -1 -1 776 0.0348465
Chain
	Aln	5	-SRR33939694.39834/1 1 1194 1308 -edge_3_0_-disjointig_2_41855_44283 44 1153 2428 -1 -1 776 0.0348465
Chain
	Aln	9	+SRR33939694.39947/1 107 1469 1477 -edge_5_0_+disjointig_2_3588_44283 14845 16203 40695 -1 -1 1291 0.0113894
Chain
	Aln	8	-SRR33939694.39947/1 7 1369 1477 +edge_5_0_+disjointig_2_3588_44283 24491 25849 40695 -1 -1 1291 0.0113894
Chain
	Aln	8	+SRR33939694.40034/1 111 1282 1319 +edge_5_0_+disjointig_2_3588_44283 12259 13424 40695 -1 -1 1033 0.0262998
Chain
	Aln	9	-SRR33939694.40034/1 36 1207 1319 -edge_5_0_+disjointig_2_3588_44283 27270 28435 40695 -1 -1 1033 0.0262998
Chain
	Aln	4	+SRR33939694.40040/1 115 1224 1227 +edge_3_0_-disjointig_2_41855_44283 601 1698 2428 -1 -1 1071 0.0166276
Chain
	Aln	5	-SRR33939694.40040/1 2 1111 1227 -edge_3_0_-disjointig_2_41855_44283 729 1826 2428 -1 -1 1071 0.0166276
Chain
	Aln	8	+SRR33939694.39981/1 108 1587 1602 +edge_5_0_+disjointig_2_3588_44283 39187 40677 40695 -1 -1 1329 0.0236277
Chain
	Aln	9	-SRR33939694.39981/1 14 1493 1602 -edge_5_0_+disjointig_2_3588_44283 17 1507 40695 -1 -1 1329 0.0236277
Chain
	Aln	8	+SRR33939694.40072/1 117 1803 1805 +edge_5_0_+disjointig_2_3588_44283 11246 12956 40695 -1 -1 1174 0.0520552
Chain
	Aln	9	-SRR33939694.40072/1 1 1687 1805 -edge_5_0_+disjointig_2_3588_44283 27738 29448 40695 -1 -1 1174 0.0520552
Chain
	Aln	9	+SRR33939694.40011/1 118 1968 1970 -edge_5_0_+disjointig_2_3588_44283 560 2405 40695 -1 -1 1561 0.0367131
Chain
	Aln	8	-SRR33939694.40011/1 1 1851 1970 +edge_5_0_+disjointig_2_3588_44283 38289 40134 40695 -1 -1 1561 0.0367131
Chain
	Aln	8	+SRR33939694.40074/1 111 1192 1208 +edge_5_0_+disjointig_2_3588_44283 16309 17403 40695 -1 -1 1057 0.0175421
Chain
	Aln	9	-SRR33939694.40074/1 15 1096 1208 -edge_5_0_+disjointig_2_3588_44283 23291 24385 40695 -1 -1 1057 0.0175421
Chain
	Aln	8	+SRR33939694.40104/1 113 1489 1492 +edge_5_0_+disjointig_2_3588_44283 10335 11719 40695 -1 -1 1338 0.0174837
Chain
	Aln	9	-SRR33939694.40104/1 2 1378 1492 -edge_5_0_+disjointig_2_3588_44283 28975 30359 40695 -1 -1 1338 0.0174837
Chain
	Aln	9	+SRR33939694.40112/1 122 2044 2046 -edge_5_0_+disjointig_2_3588_44283 1261 3192 40695 -1 -1 1688 0.0275757
Chain
	Aln	8	-SRR33939694.40112/1 1 1923 2046 +edge_5_0_+disjointig_2_3588_44283 37502 39433 40695 -1 -1 1688 0.0275757
Chain
	Aln	8	+SRR33939694.40175/1 138 1293 1320 +edge_5_0_+disjointig_2_3588_44283 24878 26023 40695 -1 -1 786 0.047104
Chain
	Aln	9	-SRR33939694.40175/1 26 1181 1320 -edge_5_0_+disjointig_2_3588_44283 14671 15816 40695 -1 -1 786 0.047104
Chain
	Aln	9	+SRR33939694.40145/1 116 1353 1361 -edge_5_0_+disjointig_2_3588_44283 9413 10660 40695 -1 -1 1163 0.0174417
Chain
	Aln	8	-SRR33939694.40145/1 7 1244 1361 +edge_5_0_+disjointig_2_3588_44283 30034 31281 40695 -1 -1 1163 0.0174417
Chain
	Aln	9	+SRR33939694.40159/1 127 1577 1582 -edge_5_0_+disjointig_2_3588_44283 13066 14527 40695 -1 -1 1263 0.0227676
Chain
	Aln	8	-SRR33939694.40159/1 4 1454 1582 +edge_5_0_+disjointig_2_3588_44283 26167 27628 40695 -1 -1 1263 0.0227676
Chain
	Aln	8	+SRR33939694.40192/1 176 2109 2114 +edge_5_0_+disjointig_2_3588_44283 29087 31047 40695 -1 -1 1436 0.0420435
Chain
	Aln	9	-SRR33939694.40192/1 4 1937 2114 -edge_5_0_+disjointig_2_3588_44283 9647 11607 40695 -1 -1 1436 0.0420435
Chain
	Aln	9	+SRR33939694.40257/1 121 1156 1158 -edge_5_0_+disjointig_2_3588_44283 11185 12228 40695 -1 -1 1026 0.00815301
Chain
	Aln	8	-SRR33939694.40257/1 1 1036 1158 +edge_5_0_+disjointig_2_3588_44283 28466 29509 40695 -1 -1 1026 0.00815301
Chain
	Aln	9	+SRR33939694.40263/1 109 1181 1183 -edge_5_0_+disjointig_2_3588_44283 27836 28919 40695 -1 -1 814 0.0573594
Chain
	Aln	8	-SRR33939694.40263/1 1 1073 1183 +edge_5_0_+disjointig_2_3588_44283 11775 12858 40695 -1 -1 814 0.0573594
Chain
	Aln	8	+SRR33939694.40243/1 128 1460 1500 +edge_5_0_+disjointig_2_3588_44283 84 1420 40695 -1 -1 1159 0.024561
Chain
	Aln	9	-SRR33939694.40243/1 39 1371 1500 -edge_5_0_+disjointig_2_3588_44283 39274 40610 40695 -1 -1 1159 0.024561
Chain
	Aln	8	+SRR33939694.40326/1 128 1197 1201 +edge_5_0_+disjointig_2_3588_44283 33906 34982 40695 -1 -1 822 0.0459655
Chain
	Aln	9	-SRR33939694.40326/1 3 1072 1201 -edge_5_0_+disjointig_2_3588_44283 5712 6788 40695 -1 -1 822 0.0459655
Chain
	Aln	8	+SRR33939694.40402/1 110 1241 1244 +edge_5_0_+disjointig_2_3588_44283 21777 22924 40695 -1 -1 1037 0.0198914
Chain
	Aln	9	-SRR33939694.40402/1 2 1133 1244 -edge_5_0_+disjointig_2_3588_44283 17770 18917 40695 -1 -1 1037 0.0198914
Chain
	Aln	8	+SRR33939694.40383/1 113 1612 1614 +edge_5_0_+disjointig_2_3588_44283 28918 30412 40695 -1 -1 1396 0.0167133
Chain
	Aln	9	-SRR33939694.40383/1 1 1500 1614 -edge_5_0_+disjointig_2_3588_44283 10282 11776 40695 -1 -1 1396 0.0167133
Chain
	Aln	9	+SRR33939694.40399/1 148 1523 1594 -edge_5_0_+disjointig_2_3588_44283 32081 33467 40695 -1 -1 934 0.0597917
Chain
	Aln	8	-SRR33939694.40399/1 70 1445 1594 +edge_5_0_+disjointig_2_3588_44283 7227 8613 40695 -1 -1 934 0.0597917
Chain
	Aln	8	+SRR33939694.40408/1 108 2186 2194 +edge_5_0_+disjointig_2_3588_44283 20165 22256 40695 -1 -1 1957 0.0138679
Chain
	Aln	9	-SRR33939694.40408/1 7 2085 2194 -edge_5_0_+disjointig_2_3588_44283 18438 20529 40695 -1 -1 1957 0.0138679
Chain
	Aln	8	+SRR33939694.40366/1 108 2356 2358 +edge_5_0_+disjointig_2_3588_44283 7895 10170 40695 -1 -1 1608 0.0420945
Chain
	Aln	9	-SRR33939694.40366/1 1 2249 2358 -edge_5_0_+disjointig_2_3588_44283 30524 32799 40695 -1 -1 1608 0.0420945
Chain
	Aln	1	+SRR33939694.40405/1 915 1922 1953 -edge_1_0_+disjointig_1_0_20896 18231 19237 20896 -1 -1 956 0.0157957
Chain
	Aln	0	-SRR33939694.40405/1 30 1037 1953 +edge_1_0_+disjointig_1_0_20896 1658 2664 20896 -1 -1 956 0.0157957
Chain
	Aln	8	+SRR33939694.40410/1 113 1127 1137 +edge_5_0_+disjointig_2_3588_44283 32099 33119 40695 -1 -1 983 0.0119184
Chain
	Aln	9	-SRR33939694.40410/1 9 1023 1137 -edge_5_0_+disjointig_2_3588_44283 7575 8595 40695 -1 -1 983 0.0119184
Chain
	Aln	8	+SRR33939694.40426/1 116 1223 1226 +edge_5_0_+disjointig_2_3588_44283 7113 8228 40695 -1 -1 1016 0.0182269
Chain
	Aln	9	-SRR33939694.40426/1 2 1109 1226 -edge_5_0_+disjointig_2_3588_44283 32466 33581 40695 -1 -1 1016 0.0182269
Chain
	Aln	8	+SRR33939694.40414/1 141 1357 1373 +edge_5_0_+disjointig_2_3588_44283 16225 17455 40695 -1 -1 1089 0.021741
Chain
	Aln	9	-SRR33939694.40414/1 15 1231 1373 -edge_5_0_+disjointig_2_3588_44283 23239 24469 40695 -1 -1 1089 0.021741
Chain
	Aln	9	+SRR33939694.40461/1 130 1830 1832 -edge_5_0_+disjointig_2_3588_44283 32296 34011 40695 -1 -1 1453 0.0269744
Chain
	Aln	8	-SRR33939694.40461/1 1 1701 1832 +edge_5_0_+disjointig_2_3588_44283 6683 8398 40695 -1 -1 1453 0.0269744
Chain
	Aln	9	+SRR33939694.40517/1 137 1397 1399 -edge_5_0_+disjointig_2_3588_44283 20209 21486 40695 -1 -1 1198 0.0180827
Chain
	Aln	8	-SRR33939694.40517/1 1 1261 1399 +edge_5_0_+disjointig_2_3588_44283 19208 20485 40695 -1 -1 1198 0.0180827
Chain
	Aln	8	+SRR33939694.40533/1 147 1988 1990 +edge_5_0_+disjointig_2_3588_44283 37190 39043 40695 -1 -1 1717 0.0168041
Chain
	Aln	9	-SRR33939694.40533/1 1 1842 1990 -edge_5_0_+disjointig_2_3588_44283 1651 3504 40695 -1 -1 1717 0.0168041
Chain
	Aln	9	+SRR33939694.40669/1 129 1345 1347 -edge_5_0_+disjointig_2_3588_44283 1717 2940 40695 -1 -1 1119 0.0258659
Chain
	Aln	8	-SRR33939694.40669/1 1 1217 1347 +edge_5_0_+disjointig_2_3588_44283 37754 38977 40695 -1 -1 1119 0.0258659
Chain
	Aln	9	+SRR33939694.40566/1 118 2214 2216 -edge_5_0_+disjointig_2_3588_44283 5999 8081 40695 -1 -1 1852 0.026206
Chain
	Aln	8	-SRR33939694.40566/1 1 2097 2216 +edge_5_0_+disjointig_2_3588_44283 32613 34695 40695 -1 -1 1852 0.026206
Chain
	Aln	8	+SRR33939694.40696/1 123 1258 1260 +edge_5_0_+disjointig_2_3588_44283 24722 25873 40695 -1 -1 1041 0.02185
Chain
	Aln	9	-SRR33939694.40696/1 1 1136 1260 -edge_5_0_+disjointig_2_3588_44283 14821 15972 40695 -1 -1 1041 0.02185
Chain
	Aln	8	+SRR33939694.40748/1 112 1743 1768 +edge_5_0_+disjointig_2_3588_44283 8183 9820 40695 -1 -1 1497 0.0175195
Chain
	Aln	9	-SRR33939694.40748/1 24 1655 1768 -edge_5_0_+disjointig_2_3588_44283 30874 32511 40695 -1 -1 1497 0.0175195
Chain
	Aln	8	+SRR33939694.40757/1 112 1740 1768 +edge_5_0_+disjointig_2_3588_44283 13150 14810 40695 -1 -1 1410 0.0305171
Chain
	Aln	9	-SRR33939694.40757/1 27 1655 1768 -edge_5_0_+disjointig_2_3588_44283 25884 27544 40695 -1 -1 1410 0.0305171
Chain
	Aln	6	+SRR33939694.40735/1 317 2348 2350 +edge_4_0_+disjointig_1_22059_47419 21013 23049 25360 -1 -1 1850 0.0186563
Chain
	Aln	7	-SRR33939694.40735/1 1 2032 2350 -edge_4_0_+disjointig_1_22059_47419 2310 4346 25360 -1 -1 1850 0.0186563
Chain
	Aln	9	+SRR33939694.40702/1 114 2241 2256 -edge_5_0_+disjointig_2_3588_44283 33474 35628 40695 -1 -1 2053 0.0146242
Chain
	Aln	8	-SRR33939694.40702/1 14 2141 2256 +edge_5_0_+disjointig_2_3588_44283 5066 7220 40695 -1 -1 2053 0.0146242
Chain
	Aln	9	+SRR33939694.40783/1 109 1354 1356 -edge_5_0_+disjointig_2_3588_44283 30324 31564 40695 -1 -1 1210 0.0112577
Chain
	Aln	8	-SRR33939694.40783/1 1 1246 1356 +edge_5_0_+disjointig_2_3588_44283 9130 10370 40695 -1 -1 1210 0.0112577
Chain
	Aln	8	+SRR33939694.40775/1 126 1354 1357 +edge_5_0_+disjointig_2_3588_44283 2433 3653 40695 -1 -1 1123 0.016475
Chain
	Aln	9	-SRR33939694.40775/1 2 1230 1357 -edge_5_0_+disjointig_2_3588_44283 37041 38261 40695 -1 -1 1123 0.016475
Chain
	Aln	9	+SRR33939694.40815/1 115 1180 1193 -edge_5_0_+disjointig_2_3588_44283 25368 26439 40695 -1 -1 1033 0.00938795
Chain
	Aln	8	-SRR33939694.40815/1 12 1077 1193 +edge_5_0_+disjointig_2_3588_44283 14255 15326 40695 -1 -1 1033 0.00938795
Chain
	Aln	8	+SRR33939694.40845/1 111 1117 1119 +edge_5_0_+disjointig_2_3588_44283 25109 26109 40695 -1 -1 905 0.0241962
Chain
	Aln	9	-SRR33939694.40845/1 1 1007 1119 -edge_5_0_+disjointig_2_3588_44283 14585 15585 40695 -1 -1 905 0.0241962
Chain
	Aln	8	+SRR33939694.40883/1 111 1214 1216 +edge_5_0_+disjointig_2_3588_44283 20435 21543 40695 -1 -1 1023 0.017426
Chain
	Aln	9	-SRR33939694.40883/1 1 1104 1216 -edge_5_0_+disjointig_2_3588_44283 19151 20259 40695 -1 -1 1023 0.017426
Chain
	Aln	8	+SRR33939694.40897/1 109 1512 1514 +edge_5_0_+disjointig_2_3588_44283 21918 23347 40695 -1 -1 1274 0.0250756
Chain
	Aln	9	-SRR33939694.40897/1 1 1404 1514 -edge_5_0_+disjointig_2_3588_44283 17347 18776 40695 -1 -1 1274 0.0250756
Chain
	Aln	9	+SRR33939694.40824/1 156 2131 2162 -edge_5_0_+disjointig_2_3588_44283 27542 29540 40695 -1 -1 1287 0.0591614
Chain
	Aln	8	-SRR33939694.40824/1 30 2005 2162 +edge_5_0_+disjointig_2_3588_44283 11154 13152 40695 -1 -1 1287 0.0591614
Chain
	Aln	9	+SRR33939694.40977/1 106 1151 1153 -edge_5_0_+disjointig_2_3588_44283 582 1630 40695 -1 -1 932 0.0257255
Chain
	Aln	8	-SRR33939694.40977/1 1 1046 1153 +edge_5_0_+disjointig_2_3588_44283 39064 40112 40695 -1 -1 932 0.0257255
Chain
	Aln	8	+SRR33939694.41012/1 118 1365 1381 +edge_5_0_+disjointig_2_3588_44283 7710 8961 40695 -1 -1 1122 0.0257213
Chain
	Aln	9	-SRR33939694.41012/1 15 1262 1381 -edge_5_0_+disjointig_2_3588_44283 31733 32984 40695 -1 -1 1122 0.0257213
Chain
	Aln	9	+SRR33939694.41040/1 121 1513 1515 -edge_5_0_+disjointig_2_3588_44283 21985 23383 40695 -1 -1 1137 0.0341077
Chain
	Aln	8	-SRR33939694.41040/1 1 1393 1515 +edge_5_0_+disjointig_2_3588_44283 17311 18709 40695 -1 -1 1137 0.0341077
Chain
	Aln	9	+SRR33939694.41070/1 112 1129 1158 -edge_5_0_+disjointig_2_3588_44283 25496 26510 40695 -1 -1 945 0.0169149
Chain
	Aln	8	-SRR33939694.41070/1 28 1045 1158 +edge_5_0_+disjointig_2_3588_44283 14184 15198 40695 -1 -1 945 0.0169149
Chain
	Aln	8	+SRR33939694.41102/1 114 1352 1354 +edge_5_0_+disjointig_2_3588_44283 7672 8914 40695 -1 -1 937 0.0468951
Chain
	Aln	9	-SRR33939694.41102/1 1 1239 1354 -edge_5_0_+disjointig_2_3588_44283 31780 33022 40695 -1 -1 937 0.0468951
Chain
	Aln	8	+SRR33939694.41097/1 114 1277 1292 +edge_5_0_+disjointig_2_3588_44283 37519 38682 40695 -1 -1 1056 0.0248831
Chain
	Aln	9	-SRR33939694.41097/1 14 1177 1292 -edge_5_0_+disjointig_2_3588_44283 2012 3175 40695 -1 -1 1056 0.0248831
Chain
	Aln	8	+SRR33939694.41104/1 135 1274 1282 +edge_5_0_+disjointig_2_3588_44283 9581 10722 40695 -1 -1 954 0.0393321
Chain
	Aln	9	-SRR33939694.41104/1 7 1146 1282 -edge_5_0_+disjointig_2_3588_44283 29972 31113 40695 -1 -1 954 0.0393321
Chain
	Aln	8	+SRR33939694.41178/1 111 1137 1139 +edge_5_0_+disjointig_2_3588_44283 8863 9882 40695 -1 -1 900 0.0231865
Chain
	Aln	9	-SRR33939694.41178/1 1 1027 1139 -edge_5_0_+disjointig_2_3588_44283 30812 31831 40695 -1 -1 900 0.0231865
Chain
	Aln	8	+SRR33939694.41186/1 116 1152 1169 +edge_5_0_+disjointig_2_3588_44283 22332 23388 40695 -1 -1 994 0.0178306
Chain
	Aln	9	-SRR33939694.41186/1 16 1052 1169 -edge_5_0_+disjointig_2_3588_44283 17306 18362 40695 -1 -1 994 0.0178306
Chain
	Aln	9	+SRR33939694.41130/1 127 1484 1523 -edge_5_0_+disjointig_2_3588_44283 19449 20792 40695 -1 -1 950 0.0488296
Chain
	Aln	8	-SRR33939694.41130/1 38 1395 1523 +edge_5_0_+disjointig_2_3588_44283 19902 21245 40695 -1 -1 950 0.0488296
Chain
	Aln	8	+SRR33939694.41284/1 114 1232 1245 +edge_5_0_+disjointig_2_3588_44283 12237 13371 40695 -1 -1 963 0.0205313
Chain
	Aln	9	-SRR33939694.41284/1 12 1130 1245 -edge_5_0_+disjointig_2_3588_44283 27323 28457 40695 -1 -1 963 0.0205313
Chain
	Aln	8	+SRR33939694.41317/1 92 1262 1267 +edge_5_0_+disjointig_2_3588_44283 27901 29073 40695 -1 -1 1075 0.0209441
Chain
	Aln	9	-SRR33939694.41317/1 4 1174 1267 -edge_5_0_+disjointig_2_3588_44283 11621 12793 40695 -1 -1 1075 0.0209441
Chain
	Aln	5	+SRR33939694.41311/1 113 1700 1702 -edge_3_0_-disjointig_2_41855_44283 167 1746 2428 -1 -1 1514 0.0163771
Chain
	Aln	4	-SRR33939694.41311/1 1 1588 1702 +edge_3_0_-disjointig_2_41855_44283 681 2260 2428 -1 -1 1514 0.0163771
Chain
	Aln	9	+SRR33939694.41380/1 108 1135 1140 -edge_5_0_+disjointig_2_3588_44283 24933 25966 40695 -1 -1 985 0.0157849
Chain
	Aln	8	-SRR33939694.41380/1 4 1031 1140 +edge_5_0_+disjointig_2_3588_44283 14728 15761 40695 -1 -1 985 0.0157849
Chain
	Aln	8	+SRR33939694.41455/1 108 1294 1308 +edge_5_0_+disjointig_2_3588_44283 17167 18360 40695 -1 -1 1047 0.0227832
Chain
	Aln	9	-SRR33939694.41455/1 13 1199 1308 -edge_5_0_+disjointig_2_3588_44283 22334 23527 40695 -1 -1 1047 0.0227832
Chain
	Aln	9	+SRR33939694.41458/1 116 1837 1839 -edge_5_0_+disjointig_2_3588_44283 23647 25408 40695 -1 -1 1370 0.0362389
Chain
	Aln	8	-SRR33939694.41458/1 1 1722 1839 +edge_5_0_+disjointig_2_3588_44283 15286 17047 40695 -1 -1 1370 0.0362389
Chain
	Aln	9	+SRR33939694.41566/1 131 1373 1378 -edge_5_0_+disjointig_2_3588_44283 26439 27700 40695 -1 -1 1113 0.0217003
Chain
	Aln	8	-SRR33939694.41566/1 4 1246 1378 +edge_5_0_+disjointig_2_3588_44283 12994 14255 40695 -1 -1 1113 0.0217003
Chain
	Aln	8	+SRR33939694.41520/1 116 1444 1446 +edge_5_0_+disjointig_2_3588_44283 25323 26675 40695 -1 -1 1191 0.0225157
Chain
	Aln	9	-SRR33939694.41520/1 1 1329 1446 -edge_5_0_+disjointig_2_3588_44283 14019 15371 40695 -1 -1 1191 0.0225157
Chain
	Aln	8	+SRR33939694.41625/1 109 1299 1330 +edge_5_0_+disjointig_2_3588_44283 35026 36222 40695 -1 -1 791 0.0517088
Chain
	Aln	9	-SRR33939694.41625/1 30 1220 1330 -edge_5_0_+disjointig_2_3588_44283 4472 5668 40695 -1 -1 791 0.0517088
Chain
	Aln	8	+SRR33939694.41585/1 95 1576 1582 +edge_5_0_+disjointig_2_3588_44283 31931 33421 40695 -1 -1 1407 0.0131594
Chain
	Aln	9	-SRR33939694.41585/1 5 1486 1582 -edge_5_0_+disjointig_2_3588_44283 7273 8763 40695 -1 -1 1407 0.0131594
Chain
	Aln	8	+SRR33939694.41756/1 113 1626 1631 +edge_5_0_+disjointig_2_3588_44283 24100 25613 40695 -1 -1 1324 0.0251224
Chain
	Aln	9	-SRR33939694.41756/1 4 1517 1631 -edge_5_0_+disjointig_2_3588_44283 15081 16594 40695 -1 -1 1324 0.0251224
Chain
	Aln	9	+SRR33939694.41790/1 116 1211 1213 -edge_5_0_+disjointig_2_3588_44283 27213 28313 40695 -1 -1 1058 0.0155874
Chain
	Aln	8	-SRR33939694.41790/1 1 1096 1213 +edge_5_0_+disjointig_2_3588_44283 12381 13481 40695 -1 -1 1058 0.0155874
Chain
	Aln	8	+SRR33939694.41771/1 109 2152 2164 +edge_5_0_+disjointig_2_3588_44283 7831 9892 40695 -1 -1 1788 0.0293491
Chain
	Aln	9	-SRR33939694.41771/1 11 2054 2164 -edge_5_0_+disjointig_2_3588_44283 30802 32863 40695 -1 -1 1788 0.0293491
Chain
	Aln	9	+SRR33939694.41709/1 116 2470 2472 -edge_5_0_+disjointig_2_3588_44283 4068 6434 40695 -1 -1 2216 0.0160177
Chain
	Aln	8	-SRR33939694.41709/1 1 2355 2472 +edge_5_0_+disjointig_2_3588_44283 34260 36626 40695 -1 -1 2216 0.0160177
Chain
	Aln	9	+SRR33939694.41850/1 107 1285 1299 -edge_5_0_+disjointig_2_3588_44283 24360 25566 40695 -1 -1 1047 0.0239319
Chain
	Aln	8	-SRR33939694.41850/1 13 1191 1299 +edge_5_0_+disjointig_2_3588_44283 15128 16334 40695 -1 -1 1047 0.0239319
Chain
	Aln	9	+SRR33939694.41806/1 113 1386 1388 -edge_5_0_+disjointig_2_3588_44283 26178 27443 40695 -1 -1 1226 0.0150222
Chain
	Aln	8	-SRR33939694.41806/1 1 1274 1388 +edge_5_0_+disjointig_2_3588_44283 13251 14516 40695 -1 -1 1226 0.0150222
Chain
	Aln	8	+SRR33939694.41855/1 113 1206 1221 +edge_5_0_+disjointig_2_3588_44283 34544 35624 40695 -1 -1 951 0.0278515
Chain
	Aln	9	-SRR33939694.41855/1 14 1107 1221 -edge_5_0_+disjointig_2_3588_44283 5070 6150 40695 -1 -1 951 0.0278515
Chain
	Aln	8	+SRR33939694.41377/1 116 7967 7970 +edge_5_0_+disjointig_2_3588_44283 32810 40691 40695 -1 -1 6849 0.0286134
Chain
	Aln	9	-SRR33939694.41377/1 2 7853 7970 -edge_5_0_+disjointig_2_3588_44283 3 7884 40695 -1 -1 6849 0.0286134
Chain
	Aln	9	+SRR33939694.42000/1 106 1177 1179 -edge_5_0_+disjointig_2_3588_44283 738 1809 40695 -1 -1 1046 0.0106264
Chain
	Aln	8	-SRR33939694.42000/1 1 1072 1179 +edge_5_0_+disjointig_2_3588_44283 38885 39956 40695 -1 -1 1046 0.0106264
Chain
	Aln	9	+SRR33939694.41959/1 113 1583 1585 -edge_5_0_+disjointig_2_3588_44283 31327 32791 40695 -1 -1 1330 0.0210299
Chain
	Aln	8	-SRR33939694.41959/1 1 1471 1585 +edge_5_0_+disjointig_2_3588_44283 7903 9367 40695 -1 -1 1330 0.0210299
Chain
	Aln	8	+SRR33939694.42038/1 108 1167 1169 +edge_5_0_+disjointig_2_3588_44283 35008 36070 40695 -1 -1 948 0.0280043
Chain
	Aln	9	-SRR33939694.42038/1 1 1060 1169 -edge_5_0_+disjointig_2_3588_44283 4624 5686 40695 -1 -1 948 0.0280043
Chain
	Aln	8	+SRR33939694.42058/1 107 1140 1165 +edge_5_0_+disjointig_2_3588_44283 6116 7144 40695 -1 -1 978 0.0152653
Chain
	Aln	9	-SRR33939694.42058/1 24 1057 1165 -edge_5_0_+disjointig_2_3588_44283 33550 34578 40695 -1 -1 978 0.0152653
Chain
	Aln	9	+SRR33939694.41942/1 142 2185 2187 -edge_5_0_+disjointig_2_3588_44283 20060 22106 40695 -1 -1 1773 0.0236562
Chain
	Aln	8	-SRR33939694.41942/1 1 2044 2187 +edge_5_0_+disjointig_2_3588_44283 18588 20634 40695 -1 -1 1773 0.0236562
Chain
	Aln	9	+SRR33939694.42022/1 114 1470 1476 -edge_5_0_+disjointig_2_3588_44283 10928 12297 40695 -1 -1 1191 0.0282473
Chain
	Aln	8	-SRR33939694.42022/1 5 1361 1476 +edge_5_0_+disjointig_2_3588_44283 28397 29766 40695 -1 -1 1191 0.0282473
Chain
	Aln	8	+SRR33939694.42144/1 107 1140 1142 +edge_5_0_+disjointig_2_3588_44283 24896 25933 40695 -1 -1 969 0.0171413
Chain
	Aln	9	-SRR33939694.42144/1 1 1034 1142 -edge_5_0_+disjointig_2_3588_44283 14761 15798 40695 -1 -1 969 0.0171413
Chain
	Aln	6	+SRR33939694.42102/1 347 2073 2075 +edge_4_0_+disjointig_1_22059_47419 19488 21212 25360 -1 -1 1483 0.0336509
Chain
	Aln	7	-SRR33939694.42102/1 1 1727 2075 -edge_4_0_+disjointig_1_22059_47419 4147 5871 25360 -1 -1 1483 0.0336509
Chain
	Aln	9	+SRR33939694.42145/1 118 1211 1216 -edge_5_0_+disjointig_2_3588_44283 6949 8046 40695 -1 -1 1003 0.0156364
Chain
	Aln	8	-SRR33939694.42145/1 4 1097 1216 +edge_5_0_+disjointig_2_3588_44283 32648 33745 40695 -1 -1 1003 0.0156364
Chain
	Aln	8	+SRR33939694.42217/1 130 1179 1199 +edge_5_0_+disjointig_2_3588_44283 34505 35552 40695 -1 -1 983 0.0178942
Chain
	Aln	9	-SRR33939694.42217/1 19 1068 1199 -edge_5_0_+disjointig_2_3588_44283 5142 6189 40695 -1 -1 983 0.0178942
Chain
	Aln	9	+SRR33939694.42207/1 132 1941 1943 -edge_5_0_+disjointig_2_3588_44283 12340 14146 40695 -1 -1 1254 0.0562909
Chain
	Aln	8	-SRR33939694.42207/1 1 1810 1943 +edge_5_0_+disjointig_2_3588_44283 26548 28354 40695 -1 -1 1254 0.0562909
Chain
	Aln	8	+SRR33939694.42163/1 116 1727 1752 +edge_5_0_+disjointig_2_3588_44283 8760 10382 40695 -1 -1 1545 0.0122324
Chain
	Aln	9	-SRR33939694.42163/1 24 1635 1752 -edge_5_0_+disjointig_2_3588_44283 30312 31934 40695 -1 -1 1545 0.0122324
Chain
	Aln	8	+SRR33939694.42307/1 149 1799 1808 +edge_5_0_+disjointig_2_3588_44283 24568 26229 40695 -1 -1 1266 0.0454635
Chain
	Aln	9	-SRR33939694.42307/1 8 1658 1808 -edge_5_0_+disjointig_2_3588_44283 14465 16126 40695 -1 -1 1266 0.0454635
Chain
	Aln	8	+SRR33939694.42300/1 115 1566 1568 +edge_5_0_+disjointig_2_3588_44283 4210 5667 40695 -1 -1 1391 0.0123882
Chain
	Aln	9	-SRR33939694.42300/1 1 1452 1568 -edge_5_0_+disjointig_2_3588_44283 35027 36484 40695 -1 -1 1391 0.0123882
Chain
	Aln	8	+SRR33939694.42322/1 118 2105 2119 +edge_5_0_+disjointig_2_3588_44283 30243 32218 40695 -1 -1 1641 0.0336579
Chain
	Aln	9	-SRR33939694.42322/1 13 2000 2119 -edge_5_0_+disjointig_2_3588_44283 8476 10451 40695 -1 -1 1641 0.0336579
Chain
	Aln	8	+SRR33939694.42391/1 111 1408 1427 +edge_5_0_+disjointig_2_3588_44283 33586 34898 40695 -1 -1 1060 0.0340992
Chain
	Aln	9	-SRR33939694.42391/1 18 1315 1427 -edge_5_0_+disjointig_2_3588_44283 5796 7108 40695 -1 -1 1060 0.0340992
Chain
	Aln	9	+SRR33939694.42450/1 115 1177 1180 -edge_5_0_+disjointig_2_3588_44283 39036 40101 40695 -1 -1 841 0.0357832
Chain
	Aln	8	-SRR33939694.42450/1 2 1064 1180 +edge_5_0_+disjointig_2_3588_44283 593 1658 40695 -1 -1 841 0.0357832
Chain
	Aln	9	+SRR33939694.42464/1 108 1180 1184 -edge_5_0_+disjointig_2_3588_44283 3581 4674 40695 -1 -1 947 0.0298756
Chain
	Aln	8	-SRR33939694.42464/1 3 1075 1184 +edge_5_0_+disjointig_2_3588_44283 36020 37113 40695 -1 -1 947 0.0298756
Chain
	Aln	8	+SRR33939694.42485/1 119 1144 1146 +edge_5_0_+disjointig_2_3588_44283 16985 18006 40695 -1 -1 903 0.0309474
Chain
	Aln	9	-SRR33939694.42485/1 1 1026 1146 -edge_5_0_+disjointig_2_3588_44283 22688 23709 40695 -1 -1 903 0.0309474
Chain
	Aln	9	+SRR33939694.42491/1 124 1335 1350 -edge_5_0_+disjointig_2_3588_44283 35275 36472 40695 -1 -1 1067 0.0244694
Chain
	Aln	8	-SRR33939694.42491/1 14 1225 1350 +edge_5_0_+disjointig_2_3588_44283 4222 5419 40695 -1 -1 1067 0.0244694
Chain
	Aln	9	+SRR33939694.42550/1 139 1190 1192 -edge_5_0_+disjointig_2_3588_44283 16006 17062 40695 -1 -1 736 0.0547321
Chain
	Aln	8	-SRR33939694.42550/1 1 1052 1192 +edge_5_0_+disjointig_2_3588_44283 23632 24688 40695 -1 -1 736 0.0547321
Chain
	Aln	8	+SRR33939694.42562/1 112 1161 1180 +edge_5_0_+disjointig_2_3588_44283 20505 21559 40695 -1 -1 947 0.0274703
Chain
	Aln	9	-SRR33939694.42562/1 18 1067 1180 -edge_5_0_+disjointig_2_3588_44283 19135 20189 40695 -1 -1 947 0.0274703
Chain
	Aln	8	+SRR33939694.42602/1 132 1457 1467 +edge_5_0_+disjointig_2_3588_44283 1683 3009 40695 -1 -1 1129 0.0383599
Chain
	Aln	9	-SRR33939694.42602/1 9 1334 1467 -edge_5_0_+disjointig_2_3588_44283 37685 39011 40695 -1 -1 1129 0.0383599
Chain
	Aln	7	+SRR33939694.42639/1 215 1981 1983 -edge_4_0_+disjointig_1_22059_47419 1813 3606 25360 -1 -1 1387 0.0408064
Chain
	Aln	6	-SRR33939694.42639/1 1 1767 1983 +edge_4_0_+disjointig_1_22059_47419 21753 23546 25360 -1 -1 1387 0.0408064
Chain
	Aln	9	+SRR33939694.42669/1 112 1205 1214 -edge_5_0_+disjointig_2_3588_44283 18181 19277 40695 -1 -1 1017 0.0155128
Chain
	Aln	8	-SRR33939694.42669/1 8 1101 1214 +edge_5_0_+disjointig_2_3588_44283 21417 22513 40695 -1 -1 1017 0.0155128
Chain
	Aln	8	+SRR33939694.42675/1 96 1420 1424 +edge_5_0_+disjointig_2_3588_44283 26576 27917 40695 -1 -1 943 0.0538779
Chain
	Aln	9	-SRR33939694.42675/1 3 1327 1424 -edge_5_0_+disjointig_2_3588_44283 12777 14118 40695 -1 -1 943 0.0538779
Chain
	Aln	9	+SRR33939694.42683/1 115 1523 1526 -edge_5_0_+disjointig_2_3588_44283 28957 30347 40695 -1 -1 971 0.040541
Chain
	Aln	8	-SRR33939694.42683/1 2 1410 1526 +edge_5_0_+disjointig_2_3588_44283 10347 11737 40695 -1 -1 971 0.040541
Chain
	Aln	9	+SRR33939694.42690/1 99 1147 1149 -edge_5_0_+disjointig_2_3588_44283 7978 9034 40695 -1 -1 997 0.0148133
Chain
	Aln	8	-SRR33939694.42690/1 1 1049 1149 +edge_5_0_+disjointig_2_3588_44283 31660 32716 40695 -1 -1 997 0.0148133
Chain
	Aln	5	+SRR33939694.42745/1 122 1280 1285 -edge_3_0_-disjointig_2_41855_44283 1090 2252 2428 -1 -1 887 0.0414209
Chain
	Aln	4	-SRR33939694.42745/1 4 1162 1285 +edge_3_0_-disjointig_2_41855_44283 175 1337 2428 -1 -1 887 0.0414209
Chain
	Aln	9	+SRR33939694.42791/1 120 1132 1134 -edge_5_0_+disjointig_2_3588_44283 24020 25037 40695 -1 -1 871 0.0302924
Chain
	Aln	8	-SRR33939694.42791/1 1 1013 1134 +edge_5_0_+disjointig_2_3588_44283 15657 16674 40695 -1 -1 871 0.0302924
Chain
	Aln	8	+SRR33939694.42784/1 123 1233 1235 +edge_5_0_+disjointig_2_3588_44283 34447 35560 40695 -1 -1 957 0.0249059
Chain
	Aln	9	-SRR33939694.42784/1 1 1111 1235 -edge_5_0_+disjointig_2_3588_44283 5134 6247 40695 -1 -1 957 0.0249059
Chain
	Aln	8	+SRR33939694.42819/1 116 1374 1377 +edge_5_0_+disjointig_2_3588_44283 23230 24498 40695 -1 -1 1184 0.0232543
Chain
	Aln	9	-SRR33939694.42819/1 2 1260 1377 -edge_5_0_+disjointig_2_3588_44283 16196 17464 40695 -1 -1 1184 0.0232543
Chain
	Aln	8	+SRR33939694.42816/1 121 1352 1375 +edge_5_0_+disjointig_2_3588_44283 4158 5393 40695 -1 -1 1190 0.015244
Chain
	Aln	9	-SRR33939694.42816/1 22 1253 1375 -edge_5_0_+disjointig_2_3588_44283 35301 36536 40695 -1 -1 1190 0.015244
Chain
	Aln	9	+SRR33939694.42529/1 111 6038 6083 -edge_5_0_+disjointig_2_3588_44283 19342 25336 40695 -1 -1 5519 0.0219307
Chain
	Aln	8	-SRR33939694.42529/1 44 5971 6083 +edge_5_0_+disjointig_2_3588_44283 15358 21352 40695 -1 -1 5519 0.0219307
Chain
	Aln	8	+SRR33939694.42830/1 504 1505 1515 +edge_5_0_+disjointig_2_3588_44283 21 1001 40695 -1 -1 745 0.0444064
Chain
	Aln	9	-SRR33939694.42830/1 9 1010 1515 -edge_5_0_+disjointig_2_3588_44283 39693 40673 40695 -1 -1 745 0.0444064
Chain
	Aln	9	+SRR33939694.42876/1 118 1154 1163 -edge_5_0_+disjointig_2_3588_44283 16486 17535 40695 -1 -1 940 0.02657
Chain
	Aln	8	-SRR33939694.42876/1 8 1044 1163 +edge_5_0_+disjointig_2_3588_44283 23159 24208 40695 -1 -1 940 0.02657
Chain
	Aln	8	+SRR33939694.42822/1 117 1350 1352 +edge_5_0_+disjointig_2_3588_44283 15438 16683 40695 -1 -1 1163 0.0176658
Chain
	Aln	9	-SRR33939694.42822/1 1 1234 1352 -edge_5_0_+disjointig_2_3588_44283 24011 25256 40695 -1 -1 1163 0.0176658
Chain
	Aln	9	+SRR33939694.42915/1 117 1280 1285 -edge_5_0_+disjointig_2_3588_44283 4856 6021 40695 -1 -1 1068 0.0200206
Chain
	Aln	8	-SRR33939694.42915/1 4 1167 1285 +edge_5_0_+disjointig_2_3588_44283 34673 35838 40695 -1 -1 1068 0.0200206
Chain
	Aln	8	+SRR33939694.42995/1 101 1112 1114 +edge_5_0_+disjointig_2_3588_44283 27122 28144 40695 -1 -1 775 0.0463835
Chain
	Aln	9	-SRR33939694.42995/1 1 1012 1114 -edge_5_0_+disjointig_2_3588_44283 12550 13572 40695 -1 -1 775 0.0463835
Chain
	Aln	9	+SRR33939694.42943/1 134 1420 1439 -edge_5_0_+disjointig_2_3588_44283 19003 20311 40695 -1 -1 1206 0.019745
Chain
	Aln	8	-SRR33939694.42943/1 18 1304 1439 +edge_5_0_+disjointig_2_3588_44283 20383 21691 40695 -1 -1 1206 0.019745
Chain
	Aln	8	+SRR33939694.42972/1 108 1320 1339 +edge_5_0_+disjointig_2_3588_44283 18157 19368 40695 -1 -1 1129 0.0169866
Chain
	Aln	9	-SRR33939694.42972/1 18 1230 1339 -edge_5_0_+disjointig_2_3588_44283 21326 22537 40695 -1 -1 1129 0.0169866
Chain
	Aln	7	+SRR33939694.42907/1 229 3615 3634 -edge_4_0_+disjointig_1_22059_47419 19524 22945 25360 -1 -1 2732 0.0353379
Chain
	Aln	6	-SRR33939694.42907/1 18 3404 3634 +edge_4_0_+disjointig_1_22059_47419 2414 5835 25360 -1 -1 2732 0.0353379
Chain
	Aln	8	+SRR33939694.43024/1 113 1195 1198 +edge_5_0_+disjointig_2_3588_44283 15309 16390 40695 -1 -1 1036 0.01283
Chain
	Aln	9	-SRR33939694.43024/1 2 1084 1198 -edge_5_0_+disjointig_2_3588_44283 24304 25385 40695 -1 -1 1036 0.01283
Chain
	Aln	9	+SRR33939694.42921/1 582 3026 3030 -edge_5_0_+disjointig_2_3588_44283 23619 26060 40695 -1 -1 2127 0.0218093
Chain
	Aln	8	-SRR33939694.42921/1 3 2447 3030 +edge_5_0_+disjointig_2_3588_44283 14634 17075 40695 -1 -1 2127 0.0218093
Chain
	Aln	9	+SRR33939694.43114/1 105 1169 1183 -edge_5_0_+disjointig_2_3588_44283 33264 34338 40695 -1 -1 901 0.0297462
Chain
	Aln	8	-SRR33939694.43114/1 13 1077 1183 +edge_5_0_+disjointig_2_3588_44283 6356 7430 40695 -1 -1 901 0.0297462
Chain
	Aln	9	+SRR33939694.43155/1 109 1518 1524 -edge_5_0_+disjointig_2_3588_44283 18914 20328 40695 -1 -1 1194 0.0322736
Chain
	Aln	8	-SRR33939694.43155/1 5 1414 1524 +edge_5_0_+disjointig_2_3588_44283 20366 21780 40695 -1 -1 1194 0.0322736
Chain
	Aln	7	+SRR33939694.43142/1 446 1732 1734 -edge_4_0_+disjointig_1_22059_47419 20199 21485 25360 -1 -1 1173 0.0174393
Chain
	Aln	6	-SRR33939694.43142/1 1 1287 1734 +edge_4_0_+disjointig_1_22059_47419 3874 5160 25360 -1 -1 1173 0.0174393
Chain
	Aln	9	+SRR33939694.43255/1 88 1180 1211 -edge_5_0_+disjointig_2_3588_44283 6995 8094 40695 -1 -1 813 0.053647
Chain
	Aln	8	-SRR33939694.43255/1 30 1122 1211 +edge_5_0_+disjointig_2_3588_44283 32600 33699 40695 -1 -1 813 0.053647
Chain
	Aln	8	+SRR33939694.43208/1 125 1490 1492 +edge_5_0_+disjointig_2_3588_44283 14869 16250 40695 -1 -1 1211 0.0277268
Chain
	Aln	9	-SRR33939694.43208/1 1 1366 1492 -edge_5_0_+disjointig_2_3588_44283 24444 25825 40695 -1 -1 1211 0.0277268
Chain
	Aln	8	+SRR33939694.43336/1 119 1886 1891 +edge_5_0_+disjointig_2_3588_44283 8054 9811 40695 -1 -1 1583 0.0178982
Chain
	Aln	9	-SRR33939694.43336/1 4 1771 1891 -edge_5_0_+disjointig_2_3588_44283 30883 32640 40695 -1 -1 1583 0.0178982
Chain
	Aln	9	+SRR33939694.43373/1 117 1657 1671 -edge_5_0_+disjointig_2_3588_44283 4149 5705 40695 -1 -1 1351 0.0274308
Chain
	Aln	8	-SRR33939694.43373/1 13 1553 1671 +edge_5_0_+disjointig_2_3588_44283 34989 36545 40695 -1 -1 1351 0.0274308
Chain
	Aln	9	+SRR33939694.43392/1 109 1460 1463 -edge_5_0_+disjointig_2_3588_44283 32806 34144 40695 -1 -1 1002 0.0395439
Chain
	Aln	8	-SRR33939694.43392/1 2 1353 1463 +edge_5_0_+disjointig_2_3588_44283 6550 7888 40695 -1 -1 1002 0.0395439
Chain
	Aln	9	+SRR33939694.43494/1 116 1204 1212 -edge_5_0_+disjointig_2_3588_44283 17382 18495 40695 -1 -1 935 0.0390919
Chain
	Aln	8	-SRR33939694.43494/1 7 1095 1212 +edge_5_0_+disjointig_2_3588_44283 22199 23312 40695 -1 -1 935 0.0390919
Chain
	Aln	8	+SRR33939694.43509/1 127 1206 1208 +edge_5_0_+disjointig_2_3588_44283 22440 23518 40695 -1 -1 904 0.0381998
Chain
	Aln	9	-SRR33939694.43509/1 1 1080 1208 -edge_5_0_+disjointig_2_3588_44283 17176 18254 40695 -1 -1 904 0.0381998
Chain
	Aln	9	+SRR33939694.43088/1 112 4417 4435 -edge_5_0_+disjointig_2_3588_44283 6571 10893 40695 -1 -1 3747 0.0287752
Chain
	Aln	8	-SRR33939694.43088/1 17 4322 4435 +edge_5_0_+disjointig_2_3588_44283 29801 34123 40695 -1 -1 3747 0.0287752
Chain
	Aln	9	+SRR33939694.43449/1 116 2031 2033 -edge_5_0_+disjointig_2_3588_44283 8205 10123 40695 -1 -1 1754 0.0224962
Chain
	Aln	8	-SRR33939694.43449/1 1 1916 2033 +edge_5_0_+disjointig_2_3588_44283 30571 32489 40695 -1 -1 1754 0.0224962
Chain
	Aln	8	+SRR33939694.43528/1 112 1130 1134 +edge_5_0_+disjointig_2_3588_44283 21560 22575 40695 -1 -1 952 0.0183789
Chain
	Aln	9	-SRR33939694.43528/1 3 1021 1134 -edge_5_0_+disjointig_2_3588_44283 18119 19134 40695 -1 -1 952 0.0183789
Chain
	Aln	8	+SRR33939694.43603/1 119 1310 1326 +edge_5_0_+disjointig_2_3588_44283 12573 13753 40695 -1 -1 991 0.0376758
Chain
	Aln	9	-SRR33939694.43603/1 15 1206 1326 -edge_5_0_+disjointig_2_3588_44283 26941 28121 40695 -1 -1 991 0.0376758
Chain
	Aln	9	+SRR33939694.43612/1 106 1197 1203 -edge_5_0_+disjointig_2_3588_44283 14206 15301 40695 -1 -1 961 0.0285677
Chain
	Aln	8	-SRR33939694.43612/1 5 1096 1203 +edge_5_0_+disjointig_2_3588_44283 25393 26488 40695 -1 -1 961 0.0285677
Chain
	Aln	8	+SRR33939694.43686/1 107 1161 1205 +edge_5_0_+disjointig_2_3588_44283 9191 10253 40695 -1 -1 944 0.0205525
Chain
	Aln	9	-SRR33939694.43686/1 43 1097 1205 -edge_5_0_+disjointig_2_3588_44283 30441 31503 40695 -1 -1 944 0.0205525
Chain
	Aln	9	+SRR33939694.43763/1 115 1161 1195 -edge_5_0_+disjointig_2_3588_44283 34281 35331 40695 -1 -1 860 0.0421828
Chain
	Aln	8	-SRR33939694.43763/1 33 1079 1195 +edge_5_0_+disjointig_2_3588_44283 5363 6413 40695 -1 -1 860 0.0421828
Chain
	Aln	9	+SRR33939694.43892/1 122 1211 1213 -edge_5_0_+disjointig_2_3588_44283 21984 23070 40695 -1 -1 1042 0.0132094
Chain
	Aln	8	-SRR33939694.43892/1 1 1090 1213 +edge_5_0_+disjointig_2_3588_44283 17624 18710 40695 -1 -1 1042 0.0132094
Chain
	Aln	0	+SRR33939694.43660/1 433 3105 3107 +edge_1_0_+disjointig_1_0_20896 307 2981 20896 -1 -1 2352 0.0265093
Chain
	Aln	1	-SRR33939694.43660/1 1 2673 3107 -edge_1_0_+disjointig_1_0_20896 17914 20588 20896 -1 -1 2352 0.0265093
Chain
	Aln	9	+SRR33939694.43972/1 108 1193 1195 -edge_5_0_+disjointig_2_3588_44283 13636 14726 40695 -1 -1 944 0.0207614
Chain
	Aln	8	-SRR33939694.43972/1 1 1086 1195 +edge_5_0_+disjointig_2_3588_44283 25968 27058 40695 -1 -1 944 0.0207614
Chain
	Aln	8	+SRR33939694.43907/1 114 1803 1807 +edge_5_0_+disjointig_2_3588_44283 20268 21986 40695 -1 -1 1472 0.0277327
Chain
	Aln	9	-SRR33939694.43907/1 3 1692 1807 -edge_5_0_+disjointig_2_3588_44283 18708 20426 40695 -1 -1 1472 0.0277327
Chain
	Aln	7	+SRR33939694.43974/1 382 1698 1700 -edge_4_0_+disjointig_1_22059_47419 8271 9608 25360 -1 -1 1187 0.0253458
Chain
	Aln	6	-SRR33939694.43974/1 1 1317 1700 +edge_4_0_+disjointig_1_22059_47419 15751 17088 25360 -1 -1 1187 0.0253458
Chain
	Aln	4	+SRR33939694.43985/1 112 1284 1305 +edge_3_0_-disjointig_2_41855_44283 1252 2423 2428 -1 -1 1138 0.00938828
Chain
	Aln	5	-SRR33939694.43985/1 20 1192 1305 -edge_3_0_-disjointig_2_41855_44283 4 1175 2428 -1 -1 1138 0.00938828
Chain
	Aln	9	+SRR33939694.43987/1 103 1485 1547 -edge_5_0_+disjointig_2_3588_44283 11565 12947 40695 -1 -1 1178 0.0299973
Chain
	Aln	8	-SRR33939694.43987/1 61 1443 1547 +edge_5_0_+disjointig_2_3588_44283 27747 29129 40695 -1 -1 1178 0.0299973
Chain
	Aln	8	+SRR33939694.44025/1 115 1183 1186 +edge_5_0_+disjointig_2_3588_44283 12363 13421 40695 -1 -1 969 0.0216757
Chain
	Aln	9	-SRR33939694.44025/1 2 1070 1186 -edge_5_0_+disjointig_2_3588_44283 27273 28331 40695 -1 -1 969 0.0216757
Chain
	Aln	9	+SRR33939694.44003/1 121 1487 1507 -edge_5_0_+disjointig_2_3588_44283 38452 39853 40695 -1 -1 1126 0.0331161
Chain
	Aln	8	-SRR33939694.44003/1 19 1385 1507 +edge_5_0_+disjointig_2_3588_44283 841 2242 40695 -1 -1 1126 0.0331161
Chain
	Aln	9	+SRR33939694.44046/1 126 1239 1247 -edge_5_0_+disjointig_2_3588_44283 34101 35204 40695 -1 -1 988 0.0209985
Chain
	Aln	8	-SRR33939694.44046/1 7 1120 1247 +edge_5_0_+disjointig_2_3588_44283 5490 6593 40695 -1 -1 988 0.0209985
Chain
	Aln	8	+SRR33939694.44049/1 109 1461 1464 +edge_5_0_+disjointig_2_3588_44283 29350 30708 40695 -1 -1 1317 0.0120088
Chain
	Aln	9	-SRR33939694.44049/1 2 1354 1464 -edge_5_0_+disjointig_2_3588_44283 9986 11344 40695 -1 -1 1317 0.0120088
Chain
	Aln	8	+SRR33939694.44051/1 134 1948 1953 +edge_5_0_+disjointig_2_3588_44283 28937 30761 40695 -1 -1 1626 0.0255532
Chain
	Aln	9	-SRR33939694.44051/1 4 1818 1953 -edge_5_0_+disjointig_2_3588_44283 9933 11757 40695 -1 -1 1626 0.0255532
Chain
	Aln	8	+SRR33939694.44142/1 125 1356 1374 +edge_5_0_+disjointig_2_3588_44283 20307 21561 40695 -1 -1 1077 0.028623
Chain
	Aln	9	-SRR33939694.44142/1 17 1248 1374 -edge_5_0_+disjointig_2_3588_44283 19133 20387 40695 -1 -1 1077 0.028623
Chain
	Aln	8	+SRR33939694.44161/1 96 1412 1415 +edge_5_0_+disjointig_2_3588_44283 2116 3421 40695 -1 -1 1094 0.0321533
Chain
	Aln	9	-SRR33939694.44161/1 2 1318 1415 -edge_5_0_+disjointig_2_3588_44283 37273 38578 40695 -1 -1 1094 0.0321533
Chain
	Aln	8	+SRR33939694.44222/1 114 1189 1225 +edge_5_0_+disjointig_2_3588_44283 18377 19471 40695 -1 -1 762 0.0609105
Chain
	Aln	9	-SRR33939694.44222/1 35 1110 1225 -edge_5_0_+disjointig_2_3588_44283 21223 22317 40695 -1 -1 762 0.0609105
Chain
	Aln	8	+SRR33939694.44246/1 133 1168 1171 +edge_5_0_+disjointig_2_3588_44283 14139 15179 40695 -1 -1 936 0.0189293
Chain
	Aln	9	-SRR33939694.44246/1 2 1037 1171 -edge_5_0_+disjointig_2_3588_44283 25515 26555 40695 -1 -1 936 0.0189293
Chain
	Aln	9	+SRR33939694.44305/1 119 1298 1303 -edge_5_0_+disjointig_2_3588_44283 17918 19099 40695 -1 -1 1144 0.00925179
Chain
	Aln	8	-SRR33939694.44305/1 4 1183 1303 +edge_5_0_+disjointig_2_3588_44283 21595 22776 40695 -1 -1 1144 0.00925179
Chain
	Aln	9	+SRR33939694.44396/1 111 1140 1146 -edge_5_0_+disjointig_2_3588_44283 28994 30040 40695 -1 -1 919 0.0256131
Chain
	Aln	8	-SRR33939694.44396/1 5 1034 1146 +edge_5_0_+disjointig_2_3588_44283 10654 11700 40695 -1 -1 919 0.0256131
Chain
	Aln	9	+SRR33939694.44397/1 116 1313 1315 -edge_5_0_+disjointig_2_3588_44283 19055 20248 40695 -1 -1 923 0.044935
Chain
	Aln	8	-SRR33939694.44397/1 1 1198 1315 +edge_5_0_+disjointig_2_3588_44283 20446 21639 40695 -1 -1 923 0.044935
Chain
	Aln	9	+SRR33939694.44479/1 107 1119 1121 -edge_5_0_+disjointig_2_3588_44283 32194 33202 40695 -1 -1 857 0.0280018
Chain
	Aln	8	-SRR33939694.44479/1 1 1013 1121 +edge_5_0_+disjointig_2_3588_44283 7492 8500 40695 -1 -1 857 0.0280018
Chain
	Aln	9	+SRR33939694.44460/1 114 1659 1669 -edge_5_0_+disjointig_2_3588_44283 23174 24709 40695 -1 -1 1183 0.0284795
Chain
	Aln	8	-SRR33939694.44460/1 9 1554 1669 +edge_5_0_+disjointig_2_3588_44283 15985 17520 40695 -1 -1 1183 0.0284795
Chain
	Aln	9	+SRR33939694.44488/1 118 1426 1429 -edge_5_0_+disjointig_2_3588_44283 31975 33274 40695 -1 -1 1202 0.0167971
Chain
	Aln	8	-SRR33939694.44488/1 2 1310 1429 +edge_5_0_+disjointig_2_3588_44283 7420 8719 40695 -1 -1 1202 0.0167971
Chain
	Aln	8	+SRR33939694.44447/1 108 2358 2363 +edge_5_0_+disjointig_2_3588_44283 1048 3310 40695 -1 -1 1831 0.0320653
Chain
	Aln	9	-SRR33939694.44447/1 4 2254 2363 -edge_5_0_+disjointig_2_3588_44283 37384 39646 40695 -1 -1 1831 0.0320653
Chain
	Aln	8	+SRR33939694.44537/1 126 1171 1181 +edge_5_0_+disjointig_2_3588_44283 29868 30916 40695 -1 -1 897 0.0314801
Chain
	Aln	9	-SRR33939694.44537/1 9 1054 1181 -edge_5_0_+disjointig_2_3588_44283 9778 10826 40695 -1 -1 897 0.0314801
Chain
	Aln	9	+SRR33939694.44519/1 424 1776 1802 -edge_5_0_+disjointig_2_3588_44283 30829 32185 40695 -1 -1 1316 0.0119753
Chain
	Aln	8	-SRR33939694.44519/1 25 1377 1802 +edge_5_0_+disjointig_2_3588_44283 8509 9865 40695 -1 -1 1316 0.0119753
Chain
	Aln	5	+SRR33939694.44598/1 112 1184 1196 -edge_3_0_-disjointig_2_41855_44283 755 1822 2428 -1 -1 906 0.0370901
Chain
	Aln	4	-SRR33939694.44598/1 11 1083 1196 +edge_3_0_-disjointig_2_41855_44283 605 1672 2428 -1 -1 906 0.0370901
Chain
	Aln	8	+SRR33939694.44804/1 104 1306 1310 +edge_5_0_+disjointig_2_3588_44283 35649 36846 40695 -1 -1 1154 0.0161114
Chain
	Aln	9	-SRR33939694.44804/1 3 1205 1310 -edge_5_0_+disjointig_2_3588_44283 3848 5045 40695 -1 -1 1154 0.0161114
Chain
	Aln	8	+SRR33939694.44846/1 111 1255 1257 +edge_5_0_+disjointig_2_3588_44283 36626 37781 40695 -1 -1 1067 0.0159975
Chain
	Aln	9	-SRR33939694.44846/1 1 1145 1257 -edge_5_0_+disjointig_2_3588_44283 2913 4068 40695 -1 -1 1067 0.0159975
Chain
	Aln	8	+SRR33939694.44670/1 109 1891 1893 +edge_5_0_+disjointig_2_3588_44283 21723 23505 40695 -1 -1 1645 0.0163967
Chain
	Aln	9	-SRR33939694.44670/1 1 1783 1893 -edge_5_0_+disjointig_2_3588_44283 17189 18971 40695 -1 -1 1645 0.0163967
Chain
	Aln	9	+SRR33939694.44722/1 109 1290 1293 -edge_5_0_+disjointig_2_3588_44283 33825 35004 40695 -1 -1 934 0.0475119
Chain
	Aln	8	-SRR33939694.44722/1 2 1183 1293 +edge_5_0_+disjointig_2_3588_44283 5690 6869 40695 -1 -1 934 0.0475119
Chain
	Aln	8	+SRR33939694.44825/1 121 2242 2244 +edge_5_0_+disjointig_2_3588_44283 10637 12766 40695 -1 -1 2021 0.0122103
Chain
	Aln	9	-SRR33939694.44825/1 1 2122 2244 -edge_5_0_+disjointig_2_3588_44283 27928 30057 40695 -1 -1 2021 0.0122103
Chain
	Aln	8	+SRR33939694.44899/1 120 1319 1373 +edge_5_0_+disjointig_2_3588_44283 9330 10544 40695 -1 -1 1061 0.0219489
Chain
	Aln	9	-SRR33939694.44899/1 53 1252 1373 -edge_5_0_+disjointig_2_3588_44283 30150 31364 40695 -1 -1 1061 0.0219489
Chain
	Aln	8	+SRR33939694.44950/1 114 1476 1478 +edge_5_0_+disjointig_2_3588_44283 23716 25080 40695 -1 -1 1196 0.0267256
Chain
	Aln	9	-SRR33939694.44950/1 1 1363 1478 -edge_5_0_+disjointig_2_3588_44283 15614 16978 40695 -1 -1 1196 0.0267256
Chain
	Aln	8	+SRR33939694.45058/1 142 1343 1378 +edge_5_0_+disjointig_2_3588_44283 7701 8901 40695 -1 -1 1087 0.0197858
Chain
	Aln	9	-SRR33939694.45058/1 34 1235 1378 -edge_5_0_+disjointig_2_3588_44283 31793 32993 40695 -1 -1 1087 0.0197858
Chain
	Aln	7	+SRR33939694.44961/1 263 1686 1689 -edge_4_0_+disjointig_1_22059_47419 2890 4314 25360 -1 -1 1261 0.0276479
Chain
	Aln	6	-SRR33939694.44961/1 2 1425 1689 +edge_4_0_+disjointig_1_22059_47419 21045 22469 25360 -1 -1 1261 0.0276479
Chain
	Aln	8	+SRR33939694.45064/1 114 1169 1171 +edge_5_0_+disjointig_2_3588_44283 31582 32643 40695 -1 -1 943 0.0184112
Chain
	Aln	9	-SRR33939694.45064/1 1 1056 1171 -edge_5_0_+disjointig_2_3588_44283 8051 9112 40695 -1 -1 943 0.0184112
Chain
	Aln	7	+SRR33939694.45003/1 362 2196 2202 -edge_4_0_+disjointig_1_22059_47419 4500 6342 25360 -1 -1 1756 0.0118986
Chain
	Aln	6	-SRR33939694.45003/1 5 1839 2202 +edge_4_0_+disjointig_1_22059_47419 19017 20859 25360 -1 -1 1756 0.0118986
Chain
	Aln	9	+SRR33939694.44880/1 116 4440 4474 -edge_5_0_+disjointig_2_3588_44283 25638 29988 40695 -1 -1 3931 0.0239479
Chain
	Aln	8	-SRR33939694.44880/1 33 4357 4474 +edge_5_0_+disjointig_2_3588_44283 10706 15056 40695 -1 -1 3931 0.0239479
Chain
	Aln	7	+SRR33939694.45094/1 286 1621 1650 -edge_4_0_+disjointig_1_22059_47419 769 2152 25360 -1 -1 904 0.0538553
Chain
	Aln	6	-SRR33939694.45094/1 28 1363 1650 +edge_4_0_+disjointig_1_22059_47419 23207 24590 25360 -1 -1 904 0.0538553
Chain
	Aln	9	+SRR33939694.45079/1 104 2011 2015 -edge_5_0_+disjointig_2_3588_44283 16157 18076 40695 -1 -1 1845 0.0117796
Chain
	Aln	8	-SRR33939694.45079/1 3 1910 2015 +edge_5_0_+disjointig_2_3588_44283 22618 24537 40695 -1 -1 1845 0.0117796
Chain
	Aln	9	+SRR33939694.45108/1 118 1188 1190 -edge_5_0_+disjointig_2_3588_44283 37227 38301 40695 -1 -1 1043 0.0163118
Chain
	Aln	8	-SRR33939694.45108/1 1 1071 1190 +edge_5_0_+disjointig_2_3588_44283 2393 3467 40695 -1 -1 1043 0.0163118
Chain
	Aln	9	+SRR33939694.45124/1 123 1167 1175 -edge_5_0_+disjointig_2_3588_44283 34167 35206 40695 -1 -1 881 0.0307773
Chain
	Aln	8	-SRR33939694.45124/1 7 1051 1175 +edge_5_0_+disjointig_2_3588_44283 5488 6527 40695 -1 -1 881 0.0307773
Chain
	Aln	9	+SRR33939694.45121/1 115 1468 1474 -edge_5_0_+disjointig_2_3588_44283 20986 22342 40695 -1 -1 1258 0.0217392
Chain
	Aln	8	-SRR33939694.45121/1 5 1358 1474 +edge_5_0_+disjointig_2_3588_44283 18352 19708 40695 -1 -1 1258 0.0217392
Chain
	Aln	9	+SRR33939694.45145/1 118 1520 1523 -edge_5_0_+disjointig_2_3588_44283 25881 27279 40695 -1 -1 1278 0.0239535
Chain
	Aln	8	-SRR33939694.45145/1 2 1404 1523 +edge_5_0_+disjointig_2_3588_44283 13415 14813 40695 -1 -1 1278 0.0239535
Chain
	Aln	8	+SRR33939694.45179/1 136 1627 1694 +edge_5_0_+disjointig_2_3588_44283 32836 34331 40695 -1 -1 1382 0.0208873
Chain
	Aln	9	-SRR33939694.45179/1 66 1557 1694 -edge_5_0_+disjointig_2_3588_44283 6363 7858 40695 -1 -1 1382 0.0208873
Chain
	Aln	8	+SRR33939694.45247/1 132 1252 1259 +edge_5_0_+disjointig_2_3588_44283 15604 16722 40695 -1 -1 992 0.0223585
Chain
	Aln	9	-SRR33939694.45247/1 6 1126 1259 -edge_5_0_+disjointig_2_3588_44283 23972 25090 40695 -1 -1 992 0.0223585
Chain
	Aln	8	+SRR33939694.45252/1 115 1364 1372 +edge_5_0_+disjointig_2_3588_44283 36542 37794 40695 -1 -1 979 0.0380441
Chain
	Aln	9	-SRR33939694.45252/1 7 1256 1372 -edge_5_0_+disjointig_2_3588_44283 2900 4152 40695 -1 -1 979 0.0380441
Chain
	Aln	8	+SRR33939694.45273/1 110 1181 1194 +edge_5_0_+disjointig_2_3588_44283 20847 21916 40695 -1 -1 1021 0.0135293
Chain
	Aln	9	-SRR33939694.45273/1 12 1083 1194 -edge_5_0_+disjointig_2_3588_44283 18778 19847 40695 -1 -1 1021 0.0135293
Chain
	Aln	8	+SRR33939694.45262/1 133 1280 1300 +edge_5_0_+disjointig_2_3588_44283 5477 6619 40695 -1 -1 1078 0.0165331
Chain
	Aln	9	-SRR33939694.45262/1 19 1166 1300 -edge_5_0_+disjointig_2_3588_44283 34075 35217 40695 -1 -1 1078 0.0165331
Chain
	Aln	9	+SRR33939694.45301/1 150 1846 1863 -edge_5_0_+disjointig_2_3588_44283 7314 8983 40695 -1 -1 1458 0.0347117
Chain
	Aln	8	-SRR33939694.45301/1 16 1712 1863 +edge_5_0_+disjointig_2_3588_44283 31711 33380 40695 -1 -1 1458 0.0347117
Chain
	Aln	9	+SRR33939694.45364/1 111 1881 1883 -edge_5_0_+disjointig_2_3588_44283 23374 25155 40695 -1 -1 1691 0.0102709
Chain
	Aln	8	-SRR33939694.45364/1 1 1771 1883 +edge_5_0_+disjointig_2_3588_44283 15539 17320 40695 -1 -1 1691 0.0102709
Chain
	Aln	9	+SRR33939694.45372/1 113 1119 1123 -edge_5_0_+disjointig_2_3588_44283 16348 17359 40695 -1 -1 857 0.0229191
Chain
	Aln	8	-SRR33939694.45372/1 3 1009 1123 +edge_5_0_+disjointig_2_3588_44283 23335 24346 40695 -1 -1 857 0.0229191
Chain
	Aln	9	+SRR33939694.45366/1 112 1491 1493 -edge_5_0_+disjointig_2_3588_44283 1484 2883 40695 -1 -1 1116 0.0325909
Chain
	Aln	8	-SRR33939694.45366/1 1 1380 1493 +edge_5_0_+disjointig_2_3588_44283 37811 39210 40695 -1 -1 1116 0.0325909
Chain
	Aln	9	+SRR33939694.45407/1 109 1378 1385 -edge_5_0_+disjointig_2_3588_44283 19072 20363 40695 -1 -1 1136 0.0252152
Chain
	Aln	8	-SRR33939694.45407/1 6 1275 1385 +edge_5_0_+disjointig_2_3588_44283 20331 21622 40695 -1 -1 1136 0.0252152
Chain
	Aln	8	+SRR33939694.45562/1 116 1345 1364 +edge_5_0_+disjointig_2_3588_44283 18670 19915 40695 -1 -1 1111 0.0300619
Chain
	Aln	9	-SRR33939694.45562/1 18 1247 1364 -edge_5_0_+disjointig_2_3588_44283 20779 22024 40695 -1 -1 1111 0.0300619
Chain
	Aln	8	+SRR33939694.45543/1 134 1485 1487 +edge_5_0_+disjointig_2_3588_44283 23308 24673 40695 -1 -1 1121 0.0369115
Chain
	Aln	9	-SRR33939694.45543/1 1 1352 1487 -edge_5_0_+disjointig_2_3588_44283 16021 17386 40695 -1 -1 1121 0.0369115
Chain
	Aln	9	+SRR33939694.45568/1 112 1408 1424 -edge_5_0_+disjointig_2_3588_44283 14142 15487 40695 -1 -1 1165 0.0242905
Chain
	Aln	8	-SRR33939694.45568/1 15 1311 1424 +edge_5_0_+disjointig_2_3588_44283 25207 26552 40695 -1 -1 1165 0.0242905
Chain
	Aln	9	+SRR33939694.45686/1 107 1112 1115 -edge_5_0_+disjointig_2_3588_44283 4757 5768 40695 -1 -1 974 0.0129734
Chain
	Aln	8	-SRR33939694.45686/1 2 1007 1115 +edge_5_0_+disjointig_2_3588_44283 34926 35937 40695 -1 -1 974 0.0129734
Chain
	Aln	8	+SRR33939694.45647/1 117 1854 1856 +edge_5_0_+disjointig_2_3588_44283 22027 23760 40695 -1 -1 1682 0.0115809
Chain
	Aln	9	-SRR33939694.45647/1 1 1738 1856 -edge_5_0_+disjointig_2_3588_44283 16934 18667 40695 -1 -1 1682 0.0115809
Chain
	Aln	8	+SRR33939694.45606/1 111 1970 1987 +edge_5_0_+disjointig_2_3588_44283 31872 33747 40695 -1 -1 1667 0.0206248
Chain
	Aln	9	-SRR33939694.45606/1 16 1875 1987 -edge_5_0_+disjointig_2_3588_44283 6947 8822 40695 -1 -1 1667 0.0206248
Chain
	Aln	2	+SRR33939694.45709/1 201 1338 1423 +edge_2_1_+disjointig_2_2428_3588 1 1139 1160 -1 -1 876 0.0455543
Chain
	Aln	3	-SRR33939694.45709/1 84 1221 1423 -edge_2_1_+disjointig_2_2428_3588 20 1158 1160 -1 -1 876 0.0455543
Chain
	Aln	9	+SRR33939694.45724/1 116 1458 1460 -edge_5_0_+disjointig_2_3588_44283 27553 28910 40695 -1 -1 1208 0.0284288
Chain
	Aln	8	-SRR33939694.45724/1 1 1343 1460 +edge_5_0_+disjointig_2_3588_44283 11784 13141 40695 -1 -1 1208 0.0284288
Chain
	Aln	8	+SRR33939694.45737/1 121 1404 1406 +edge_5_0_+disjointig_2_3588_44283 8504 9790 40695 -1 -1 1208 0.0198919
Chain
	Aln	9	-SRR33939694.45737/1 1 1284 1406 -edge_5_0_+disjointig_2_3588_44283 30904 32190 40695 -1 -1 1208 0.0198919
Chain
	Aln	8	+SRR33939694.45777/1 119 1409 1426 +edge_5_0_+disjointig_2_3588_44283 23065 24411 40695 -1 -1 1099 0.0258762
Chain
	Aln	9	-SRR33939694.45777/1 16 1306 1426 -edge_5_0_+disjointig_2_3588_44283 16283 17629 40695 -1 -1 1099 0.0258762
Chain
	Aln	9	+SRR33939694.45905/1 112 1417 1420 -edge_5_0_+disjointig_2_3588_44283 9577 10875 40695 -1 -1 1281 0.0124999
Chain
	Aln	8	-SRR33939694.45905/1 2 1307 1420 +edge_5_0_+disjointig_2_3588_44283 29819 31117 40695 -1 -1 1281 0.0124999
Chain
	Aln	8	+SRR33939694.45898/1 141 1804 1818 +edge_5_0_+disjointig_2_3588_44283 32993 34643 40695 -1 -1 1219 0.0413838
Chain
	Aln	9	-SRR33939694.45898/1 13 1676 1818 -edge_5_0_+disjointig_2_3588_44283 6051 7701 40695 -1 -1 1219 0.0413838
Chain
	Aln	9	+SRR33939694.45948/1 132 1157 1160 -edge_5_0_+disjointig_2_3588_44283 21104 22136 40695 -1 -1 915 0.0228524
Chain
	Aln	8	-SRR33939694.45948/1 2 1027 1160 +edge_5_0_+disjointig_2_3588_44283 18558 19590 40695 -1 -1 915 0.0228524
Chain
	Aln	9	+SRR33939694.46131/1 112 1159 1162 -edge_5_0_+disjointig_2_3588_44283 4616 5666 40695 -1 -1 982 0.0209955
Chain
	Aln	8	-SRR33939694.46131/1 2 1049 1162 +edge_5_0_+disjointig_2_3588_44283 35028 36078 40695 -1 -1 982 0.0209955
Chain
	Aln	8	+SRR33939694.46133/1 115 1181 1198 +edge_5_0_+disjointig_2_3588_44283 11638 12693 40695 -1 -1 893 0.0373824
Chain
	Aln	9	-SRR33939694.46133/1 16 1082 1198 -edge_5_0_+disjointig_2_3588_44283 28001 29056 40695 -1 -1 893 0.0373824
Chain
	Aln	9	+SRR33939694.46135/1 112 1366 1370 -edge_5_0_+disjointig_2_3588_44283 32220 33486 40695 -1 -1 1088 0.0386085
Chain
	Aln	8	-SRR33939694.46135/1 3 1257 1370 +edge_5_0_+disjointig_2_3588_44283 7208 8474 40695 -1 -1 1088 0.0386085
Chain
	Aln	9	+SRR33939694.46171/1 122 1299 1336 -edge_5_0_+disjointig_2_3588_44283 16020 17223 40695 -1 -1 979 0.0300483
Chain
	Aln	8	-SRR33939694.46171/1 36 1213 1336 +edge_5_0_+disjointig_2_3588_44283 23471 24674 40695 -1 -1 979 0.0300483
Chain
	Aln	5	+SRR33939694.46179/1 120 1273 1391 -edge_3_0_-disjointig_2_41855_44283 1258 2417 2428 -1 -1 1129 0.0124422
Chain
	Aln	4	-SRR33939694.46179/1 117 1270 1391 +edge_3_0_-disjointig_2_41855_44283 10 1169 2428 -1 -1 1129 0.0124422
Chain
	Aln	9	+SRR33939694.46257/1 150 1681 1730 -edge_5_0_+disjointig_2_3588_44283 36007 37562 40695 -1 -1 1014 0.059592
Chain
	Aln	8	-SRR33939694.46257/1 48 1579 1730 +edge_5_0_+disjointig_2_3588_44283 3132 4687 40695 -1 -1 1014 0.059592
Chain
	Aln	7	+SRR33939694.46277/1 216 1754 1776 -edge_4_0_+disjointig_1_22059_47419 15122 16658 25360 -1 -1 1369 0.0205125
Chain
	Aln	6	-SRR33939694.46277/1 21 1559 1776 +edge_4_0_+disjointig_1_22059_47419 8701 10237 25360 -1 -1 1369 0.0205125
Chain
	Aln	9	+SRR33939694.44074/1 119 22775 22784 -edge_5_0_+disjointig_2_3588_44283 2465 25125 40695 -1 -1 20776 0.0193673
Chain
	Aln	8	-SRR33939694.44074/1 8 22664 22784 +edge_5_0_+disjointig_2_3588_44283 15569 38229 40695 -1 -1 20776 0.0193673
Chain
	Aln	9	+SRR33939694.45857/1 117 6542 6544 -edge_5_0_+disjointig_2_3588_44283 20539 26949 40695 -1 -1 5916 0.0171967
Chain
	Aln	8	-SRR33939694.45857/1 1 6426 6544 +edge_5_0_+disjointig_2_3588_44283 13745 20155 40695 -1 -1 5916 0.0171967
Chain
	Aln	8	+SRR33939694.46292/1 111 1367 1369 +edge_5_0_+disjointig_2_3588_44283 7473 8725 40695 -1 -1 1115 0.0213317
Chain
	Aln	9	-SRR33939694.46292/1 1 1257 1369 -edge_5_0_+disjointig_2_3588_44283 31969 33221 40695 -1 -1 1115 0.0213317
Chain
	Aln	9	+SRR33939694.46381/1 136 1391 1393 -edge_5_0_+disjointig_2_3588_44283 31322 32555 40695 -1 -1 740 0.0699034
Chain
	Aln	8	-SRR33939694.46381/1 1 1256 1393 +edge_5_0_+disjointig_2_3588_44283 8139 9372 40695 -1 -1 740 0.0699034
Chain
	Aln	8	+SRR33939694.46346/1 130 1377 1416 +edge_5_0_+disjointig_2_3588_44283 262 1509 40695 -1 -1 1150 0.0197081
Chain
	Aln	9	-SRR33939694.46346/1 38 1285 1416 -edge_5_0_+disjointig_2_3588_44283 39185 40432 40695 -1 -1 1150 0.0197081
Chain
	Aln	9	+SRR33939694.46396/1 197 1199 1201 -edge_5_0_+disjointig_2_3588_44283 3046 4056 40695 -1 -1 983 0.00803946
Chain
	Aln	8	-SRR33939694.46396/1 1 1003 1201 +edge_5_0_+disjointig_2_3588_44283 36638 37648 40695 -1 -1 983 0.00803946
Chain
	Aln	8	+SRR33939694.46439/1 148 1466 1473 +edge_5_0_+disjointig_2_3588_44283 28441 29777 40695 -1 -1 1128 0.0241609
Chain
	Aln	9	-SRR33939694.46439/1 6 1324 1473 -edge_5_0_+disjointig_2_3588_44283 10917 12253 40695 -1 -1 1128 0.0241609
Chain
	Aln	9	+SRR33939694.46510/1 169 1498 1500 -edge_5_0_+disjointig_2_3588_44283 26442 27789 40695 -1 -1 1221 0.0206602
Chain
	Aln	8	-SRR33939694.46510/1 1 1330 1500 +edge_5_0_+disjointig_2_3588_44283 12905 14252 40695 -1 -1 1221 0.0206602
Chain
	Aln	9	+SRR33939694.46416/1 127 2332 2368 -edge_5_0_+disjointig_2_3588_44283 1701 3902 40695 -1 -1 2134 0.0120686
Chain
	Aln	8	-SRR33939694.46416/1 35 2240 2368 +edge_5_0_+disjointig_2_3588_44283 36792 38993 40695 -1 -1 2134 0.0120686
Chain
	Aln	8	+SRR33939694.46475/1 117 1882 1884 +edge_5_0_+disjointig_2_3588_44283 7655 9439 40695 -1 -1 1591 0.0208589
Chain
	Aln	9	-SRR33939694.46475/1 1 1766 1884 -edge_5_0_+disjointig_2_3588_44283 31255 33039 40695 -1 -1 1591 0.0208589
Chain
	Aln	8	+SRR33939694.46517/1 113 1125 1128 +edge_5_0_+disjointig_2_3588_44283 4462 5477 40695 -1 -1 980 0.0137163
Chain
	Aln	9	-SRR33939694.46517/1 2 1014 1128 -edge_5_0_+disjointig_2_3588_44283 35217 36232 40695 -1 -1 980 0.0137163
Chain
	Aln	5	+SRR33939694.46613/1 110 1137 1139 -edge_3_0_-disjointig_2_41855_44283 775 1822 2428 -1 -1 942 0.0185478
Chain
	Aln	4	-SRR33939694.46613/1 1 1028 1139 +edge_3_0_-disjointig_2_41855_44283 605 1652 2428 -1 -1 942 0.0185478
Chain
	Aln	9	+SRR33939694.46586/1 120 1222 1226 -edge_5_0_+disjointig_2_3588_44283 18185 19299 40695 -1 -1 1006 0.0236799
Chain
	Aln	8	-SRR33939694.46586/1 3 1105 1226 +edge_5_0_+disjointig_2_3588_44283 21395 22509 40695 -1 -1 1006 0.0236799
Chain
	Aln	9	+SRR33939694.46553/1 128 1610 1628 -edge_5_0_+disjointig_2_3588_44283 16732 18222 40695 -1 -1 946 0.0628852
Chain
	Aln	8	-SRR33939694.46553/1 17 1499 1628 +edge_5_0_+disjointig_2_3588_44283 22472 23962 40695 -1 -1 946 0.0628852
Chain
	Aln	8	+SRR33939694.46600/1 130 1510 1522 +edge_5_0_+disjointig_2_3588_44283 21291 22685 40695 -1 -1 990 0.0503125
Chain
	Aln	9	-SRR33939694.46600/1 11 1391 1522 -edge_5_0_+disjointig_2_3588_44283 18009 19403 40695 -1 -1 990 0.0503125
Chain
	Aln	8	+SRR33939694.46629/1 130 1808 1810 +edge_5_0_+disjointig_2_3588_44283 170 1866 40695 -1 -1 1200 0.0502515
Chain
	Aln	9	-SRR33939694.46629/1 1 1679 1810 -edge_5_0_+disjointig_2_3588_44283 38828 40524 40695 -1 -1 1200 0.0502515
Chain
	Aln	8	+SRR33939694.46636/1 126 1567 1571 +edge_5_0_+disjointig_2_3588_44283 29255 30722 40695 -1 -1 1223 0.0383885
Chain
	Aln	9	-SRR33939694.46636/1 3 1444 1571 -edge_5_0_+disjointig_2_3588_44283 9972 11439 40695 -1 -1 1223 0.0383885
Chain
	Aln	8	+SRR33939694.46650/1 118 1125 1131 +edge_5_0_+disjointig_2_3588_44283 34171 35181 40695 -1 -1 867 0.0318569
Chain
	Aln	9	-SRR33939694.46650/1 5 1012 1131 -edge_5_0_+disjointig_2_3588_44283 5513 6523 40695 -1 -1 867 0.0318569
Chain
	Aln	9	+SRR33939694.46675/1 108 1240 1253 -edge_5_0_+disjointig_2_3588_44283 13821 14959 40695 -1 -1 1100 0.0140642
Chain
	Aln	8	-SRR33939694.46675/1 12 1144 1253 +edge_5_0_+disjointig_2_3588_44283 25735 26873 40695 -1 -1 1100 0.0140642
Chain
	Aln	8	+SRR33939694.46677/1 108 1412 1528 +edge_5_0_+disjointig_2_3588_44283 10342 11679 40695 -1 -1 1185 0.018267
Chain
	Aln	9	-SRR33939694.46677/1 115 1419 1528 -edge_5_0_+disjointig_2_3588_44283 29015 30352 40695 -1 -1 1185 0.018267
Chain
	Aln	8	+SRR33939694.46648/1 113 2764 2767 +edge_5_0_+disjointig_2_3588_44283 5614 8280 40695 -1 -1 2318 0.0252713
Chain
	Aln	9	-SRR33939694.46648/1 2 2653 2767 -edge_5_0_+disjointig_2_3588_44283 32414 35080 40695 -1 -1 2318 0.0252713
Chain
	Aln	8	+SRR33939694.46683/1 108 1128 1143 +edge_5_0_+disjointig_2_3588_44283 26489 27514 40695 -1 -1 794 0.0396275
Chain
	Aln	9	-SRR33939694.46683/1 14 1034 1143 -edge_5_0_+disjointig_2_3588_44283 13180 14205 40695 -1 -1 794 0.0396275
Chain
	Aln	9	+SRR33939694.46816/1 128 1168 1170 -edge_5_0_+disjointig_2_3588_44283 32579 33626 40695 -1 -1 1012 0.0118512
Chain
	Aln	8	-SRR33939694.46816/1 1 1041 1170 +edge_5_0_+disjointig_2_3588_44283 7068 8115 40695 -1 -1 1012 0.0118512
Chain
	Aln	8	+SRR33939694.46846/1 140 1590 1592 +edge_5_0_+disjointig_2_3588_44283 17529 18977 40695 -1 -1 1361 0.020224
Chain
	Aln	9	-SRR33939694.46846/1 1 1451 1592 -edge_5_0_+disjointig_2_3588_44283 21717 23165 40695 -1 -1 1361 0.020224
Chain
	Aln	8	+SRR33939694.46918/1 114 1391 1401 +edge_5_0_+disjointig_2_3588_44283 21152 22426 40695 -1 -1 1211 0.0169031
Chain
	Aln	9	-SRR33939694.46918/1 9 1286 1401 -edge_5_0_+disjointig_2_3588_44283 18268 19542 40695 -1 -1 1211 0.0169031
Chain
	Aln	8	+SRR33939694.46989/1 118 1296 1300 +edge_5_0_+disjointig_2_3588_44283 9177 10354 40695 -1 -1 1087 0.0218937
Chain
	Aln	9	-SRR33939694.46989/1 3 1181 1300 -edge_5_0_+disjointig_2_3588_44283 30340 31517 40695 -1 -1 1087 0.0218937
Chain
	Aln	8	+SRR33939694.47065/1 124 1217 1219 +edge_5_0_+disjointig_2_3588_44283 15539 16634 40695 -1 -1 1014 0.016092
Chain
	Aln	9	-SRR33939694.47065/1 1 1094 1219 -edge_5_0_+disjointig_2_3588_44283 24060 25155 40695 -1 -1 1014 0.016092
Chain
	Aln	9	+SRR33939694.47032/1 114 1162 1164 -edge_5_0_+disjointig_2_3588_44283 9127 10182 40695 -1 -1 986 0.0187648
Chain
	Aln	8	-SRR33939694.47032/1 1 1049 1164 +edge_5_0_+disjointig_2_3588_44283 30512 31567 40695 -1 -1 986 0.0187648
Chain
	Aln	8	+SRR33939694.47019/1 110 1513 1557 +edge_5_0_+disjointig_2_3588_44283 14669 16091 40695 -1 -1 1270 0.0193641
Chain
	Aln	9	-SRR33939694.47019/1 43 1446 1557 -edge_5_0_+disjointig_2_3588_44283 24603 26025 40695 -1 -1 1270 0.0193641
Chain
	Aln	9	+SRR33939694.46977/1 124 1629 1657 -edge_5_0_+disjointig_2_3588_44283 24441 25968 40695 -1 -1 1088 0.0435895
Chain
	Aln	8	-SRR33939694.46977/1 27 1532 1657 +edge_5_0_+disjointig_2_3588_44283 14726 16253 40695 -1 -1 1088 0.0435895
Chain
	Aln	8	+SRR33939694.47104/1 160 1219 1221 +edge_5_0_+disjointig_2_3588_44283 3033 4108 40695 -1 -1 787 0.0522149
Chain
	Aln	9	-SRR33939694.47104/1 1 1060 1221 -edge_5_0_+disjointig_2_3588_44283 36586 37661 40695 -1 -1 787 0.0522149
Chain
	Aln	9	+SRR33939694.47160/1 107 1161 1176 -edge_5_0_+disjointig_2_3588_44283 33264 34314 40695 -1 -1 971 0.0180978
Chain
	Aln	8	-SRR33939694.47160/1 14 1068 1176 +edge_5_0_+disjointig_2_3588_44283 6380 7430 40695 -1 -1 971 0.0180978
Chain
	Aln	8	+SRR33939694.47233/1 107 1155 1157 +edge_5_0_+disjointig_2_3588_44283 27895 28933 40695 -1 -1 982 0.0156716
Chain
	Aln	9	-SRR33939694.47233/1 1 1049 1157 -edge_5_0_+disjointig_2_3588_44283 11761 12799 40695 -1 -1 982 0.0156716
Chain
	Aln	8	+SRR33939694.47200/1 108 1993 2004 +edge_5_0_+disjointig_2_3588_44283 29042 30964 40695 -1 -1 1630 0.0397968
Chain
	Aln	9	-SRR33939694.47200/1 10 1895 2004 -edge_5_0_+disjointig_2_3588_44283 9730 11652 40695 -1 -1 1630 0.0397968
Chain
	Aln	9	+SRR33939694.47242/1 104 1445 1447 -edge_5_0_+disjointig_2_3588_44283 8683 10024 40695 -1 -1 1242 0.020834
Chain
	Aln	8	-SRR33939694.47242/1 1 1342 1447 +edge_5_0_+disjointig_2_3588_44283 30670 32011 40695 -1 -1 1242 0.020834
Chain
	Aln	9	+SRR33939694.47243/1 116 2131 2135 -edge_5_0_+disjointig_2_3588_44283 30518 32543 40695 -1 -1 1966 0.00801801
Chain
	Aln	8	-SRR33939694.47243/1 3 2018 2135 +edge_5_0_+disjointig_2_3588_44283 8151 10176 40695 -1 -1 1966 0.00801801
Chain
	Aln	8	+SRR33939694.47274/1 143 1242 1244 +edge_5_0_+disjointig_2_3588_44283 1436 2540 40695 -1 -1 1079 0.0142175
Chain
	Aln	9	-SRR33939694.47274/1 1 1100 1244 -edge_5_0_+disjointig_2_3588_44283 38154 39258 40695 -1 -1 1079 0.0142175
Chain
	Aln	8	+SRR33939694.47308/1 122 1168 1170 +edge_5_0_+disjointig_2_3588_44283 39140 40222 40695 -1 -1 850 0.0252998
Chain
	Aln	9	-SRR33939694.47308/1 1 1047 1170 -edge_5_0_+disjointig_2_3588_44283 472 1554 40695 -1 -1 850 0.0252998
Chain
	Aln	9	+SRR33939694.47281/1 140 2857 2873 -edge_5_0_+disjointig_2_3588_44283 1409 4124 40695 -1 -1 2414 0.0236017
Chain
	Aln	8	-SRR33939694.47281/1 15 2732 2873 +edge_5_0_+disjointig_2_3588_44283 36570 39285 40695 -1 -1 2414 0.0236017
Chain
	Aln	8	+SRR33939694.47414/1 117 1272 1290 +edge_5_0_+disjointig_2_3588_44283 27998 29198 40695 -1 -1 761 0.0553233
Chain
	Aln	9	-SRR33939694.47414/1 17 1172 1290 -edge_5_0_+disjointig_2_3588_44283 11496 12696 40695 -1 -1 761 0.0553233
Chain
	Aln	9	+SRR33939694.47425/1 140 1214 1235 -edge_5_0_+disjointig_2_3588_44283 34448 35524 40695 -1 -1 1012 0.0187081
Chain
	Aln	8	-SRR33939694.47425/1 20 1094 1235 +edge_5_0_+disjointig_2_3588_44283 5170 6246 40695 -1 -1 1012 0.0187081
Chain
	Aln	9	+SRR33939694.47398/1 119 1929 1931 -edge_5_0_+disjointig_2_3588_44283 35201 37026 40695 -1 -1 1521 0.0328451
Chain
	Aln	8	-SRR33939694.47398/1 1 1811 1931 +edge_5_0_+disjointig_2_3588_44283 3668 5493 40695 -1 -1 1521 0.0328451
Chain
	Aln	8	+SRR33939694.47444/1 102 1649 1651 +edge_5_0_+disjointig_2_3588_44283 30233 31764 40695 -1 -1 1448 0.018411
Chain
	Aln	9	-SRR33939694.47444/1 1 1548 1651 -edge_5_0_+disjointig_2_3588_44283 8930 10461 40695 -1 -1 1448 0.018411
Chain
	Aln	9	+SRR33939694.47435/1 142 1988 1990 -edge_5_0_+disjointig_2_3588_44283 36718 38563 40695 -1 -1 1417 0.0445255
Chain
	Aln	8	-SRR33939694.47435/1 1 1847 1990 +edge_5_0_+disjointig_2_3588_44283 2131 3976 40695 -1 -1 1417 0.0445255
Chain
	Aln	8	+SRR33939694.47453/1 119 1252 1256 +edge_5_0_+disjointig_2_3588_44283 38107 39235 40695 -1 -1 901 0.041177
Chain
	Aln	9	-SRR33939694.47453/1 3 1136 1256 -edge_5_0_+disjointig_2_3588_44283 1459 2587 40695 -1 -1 901 0.041177
Chain
	Aln	9	+SRR33939694.47469/1 121 1130 1150 -edge_5_0_+disjointig_2_3588_44283 6426 7437 40695 -1 -1 896 0.021475
Chain
	Aln	8	-SRR33939694.47469/1 19 1028 1150 +edge_5_0_+disjointig_2_3588_44283 33257 34268 40695 -1 -1 896 0.021475
Chain
	Aln	9	+SRR33939694.47447/1 120 2086 2090 -edge_5_0_+disjointig_2_3588_44283 24293 26251 40695 -1 -1 1800 0.0228799
Chain
	Aln	8	-SRR33939694.47447/1 3 1969 2090 +edge_5_0_+disjointig_2_3588_44283 14443 16401 40695 -1 -1 1800 0.0228799
Chain
	Aln	9	+SRR33939694.47496/1 128 1306 1308 -edge_5_0_+disjointig_2_3588_44283 27129 28288 40695 -1 -1 931 0.0302166
Chain
	Aln	8	-SRR33939694.47496/1 1 1179 1308 +edge_5_0_+disjointig_2_3588_44283 12406 13565 40695 -1 -1 931 0.0302166
Chain
	Aln	8	+SRR33939694.47481/1 115 1893 1897 +edge_5_0_+disjointig_2_3588_44283 6427 8208 40695 -1 -1 1679 0.0151107
Chain
	Aln	9	-SRR33939694.47481/1 3 1781 1897 -edge_5_0_+disjointig_2_3588_44283 32486 34267 40695 -1 -1 1679 0.0151107
Chain
	Aln	8	+SRR33939694.47569/1 117 1180 1189 +edge_5_0_+disjointig_2_3588_44283 30400 31460 40695 -1 -1 881 0.0297805
Chain
	Aln	9	-SRR33939694.47569/1 8 1071 1189 -edge_5_0_+disjointig_2_3588_44283 9234 10294 40695 -1 -1 881 0.0297805
Chain
	Aln	9	+SRR33939694.47562/1 111 2324 2326 -edge_5_0_+disjointig_2_3588_44283 28934 31160 40695 -1 -1 2001 0.0187001
Chain
	Aln	8	-SRR33939694.47562/1 1 2214 2326 +edge_5_0_+disjointig_2_3588_44283 9534 11760 40695 -1 -1 2001 0.0187001
Chain
	Aln	8	+SRR33939694.47635/1 114 1548 1551 +edge_5_0_+disjointig_2_3588_44283 567 2022 40695 -1 -1 1138 0.0429746
Chain
	Aln	9	-SRR33939694.47635/1 2 1436 1551 -edge_5_0_+disjointig_2_3588_44283 38672 40127 40695 -1 -1 1138 0.0429746
Chain
	Aln	9	+SRR33939694.47652/1 111 1328 1333 -edge_5_0_+disjointig_2_3588_44283 39361 40574 40695 -1 -1 1164 0.0133999
Chain
	Aln	8	-SRR33939694.47652/1 4 1221 1333 +edge_5_0_+disjointig_2_3588_44283 120 1333 40695 -1 -1 1164 0.0133999
Chain
	Aln	8	+SRR33939694.47684/1 103 1775 1778 +edge_5_0_+disjointig_2_3588_44283 27127 28809 40695 -1 -1 1599 0.0152699
Chain
	Aln	9	-SRR33939694.47684/1 2 1674 1778 -edge_5_0_+disjointig_2_3588_44283 11885 13567 40695 -1 -1 1599 0.0152699
Chain
	Aln	8	+SRR33939694.47762/1 102 1158 1178 +edge_5_0_+disjointig_2_3588_44283 11552 12610 40695 -1 -1 929 0.0238132
Chain
	Aln	9	-SRR33939694.47762/1 19 1075 1178 -edge_5_0_+disjointig_2_3588_44283 28084 29142 40695 -1 -1 929 0.0238132
Chain
	Aln	8	+SRR33939694.47729/1 153 1765 1767 +edge_5_0_+disjointig_2_3588_44283 260 1874 40695 -1 -1 1325 0.0391968
Chain
	Aln	9	-SRR33939694.47729/1 1 1613 1767 -edge_5_0_+disjointig_2_3588_44283 38820 40434 40695 -1 -1 1325 0.0391968
Chain
	Aln	8	+SRR33939694.47748/1 104 1346 1355 +edge_5_0_+disjointig_2_3588_44283 9399 10665 40695 -1 -1 916 0.0453466
Chain
	Aln	9	-SRR33939694.47748/1 8 1250 1355 -edge_5_0_+disjointig_2_3588_44283 30029 31295 40695 -1 -1 916 0.0453466
Chain
	Aln	9	+SRR33939694.47800/1 109 1131 1133 -edge_5_0_+disjointig_2_3588_44283 18532 19567 40695 -1 -1 820 0.0412216
Chain
	Aln	8	-SRR33939694.47800/1 1 1023 1133 +edge_5_0_+disjointig_2_3588_44283 21127 22162 40695 -1 -1 820 0.0412216
Chain
	Aln	9	+SRR33939694.47771/1 91 1336 1338 -edge_5_0_+disjointig_2_3588_44283 38057 39307 40695 -1 -1 1085 0.0295922
Chain
	Aln	8	-SRR33939694.47771/1 1 1246 1338 +edge_5_0_+disjointig_2_3588_44283 1387 2637 40695 -1 -1 1085 0.0295922
Chain
	Aln	9	+SRR33939694.47843/1 112 1262 1264 -edge_5_0_+disjointig_2_3588_44283 14569 15732 40695 -1 -1 958 0.0296301
Chain
	Aln	8	-SRR33939694.47843/1 1 1151 1264 +edge_5_0_+disjointig_2_3588_44283 24962 26125 40695 -1 -1 958 0.0296301
Chain
	Aln	1	+SRR33939694.47808/1 273 2438 2440 -edge_1_0_+disjointig_1_0_20896 13185 15355 20896 -1 -1 1958 0.020645
Chain
	Aln	0	-SRR33939694.47808/1 1 2166 2440 +edge_1_0_+disjointig_1_0_20896 5540 7710 20896 -1 -1 1958 0.020645
Chain
	Aln	9	+SRR33939694.47883/1 116 1317 1345 -edge_5_0_+disjointig_2_3588_44283 13560 14768 40695 -1 -1 1149 0.0139437
Chain
	Aln	8	-SRR33939694.47883/1 27 1228 1345 +edge_5_0_+disjointig_2_3588_44283 25926 27134 40695 -1 -1 1149 0.0139437
Chain
	Aln	4	+SRR33939694.47929/1 110 1224 1226 +edge_3_0_-disjointig_2_41855_44283 28 1131 2428 -1 -1 1060 0.0115103
Chain
	Aln	5	-SRR33939694.47929/1 1 1115 1226 -edge_3_0_-disjointig_2_41855_44283 1296 2399 2428 -1 -1 1060 0.0115103
Chain
	Aln	9	+SRR33939694.47913/1 120 1447 1461 -edge_5_0_+disjointig_2_3588_44283 15965 17292 40695 -1 -1 1153 0.0247012
Chain
	Aln	8	-SRR33939694.47913/1 13 1340 1461 +edge_5_0_+disjointig_2_3588_44283 23402 24729 40695 -1 -1 1153 0.0247012
Chain
	Aln	8	+SRR33939694.47940/1 143 1288 1303 +edge_5_0_+disjointig_2_3588_44283 24947 26097 40695 -1 -1 1001 0.0298128
Chain
	Aln	9	-SRR33939694.47940/1 14 1159 1303 -edge_5_0_+disjointig_2_3588_44283 14597 15747 40695 -1 -1 1001 0.0298128
Chain
	Aln	5	+SRR33939694.47977/1 120 1183 1185 -edge_3_0_-disjointig_2_41855_44283 670 1751 2428 -1 -1 768 0.0375819
Chain
	Aln	4	-SRR33939694.47977/1 1 1064 1185 +edge_3_0_-disjointig_2_41855_44283 676 1757 2428 -1 -1 768 0.0375819
Chain
	Aln	8	+SRR33939694.47941/1 115 1199 1201 +edge_5_0_+disjointig_2_3588_44283 25863 26955 40695 -1 -1 1000 0.0190522
Chain
	Aln	9	-SRR33939694.47941/1 1 1085 1201 -edge_5_0_+disjointig_2_3588_44283 13739 14831 40695 -1 -1 1000 0.0190522
Chain
	Aln	8	+SRR33939694.47943/1 107 1858 1943 +edge_5_0_+disjointig_2_3588_44283 9407 11183 40695 -1 -1 1523 0.0251424
Chain
	Aln	9	-SRR33939694.47943/1 84 1835 1943 -edge_5_0_+disjointig_2_3588_44283 29511 31287 40695 -1 -1 1523 0.0251424
Chain
	Aln	8	+SRR33939694.48007/1 109 1212 1214 +edge_5_0_+disjointig_2_3588_44283 29742 30865 40695 -1 -1 1051 0.0201054
Chain
	Aln	9	-SRR33939694.48007/1 1 1104 1214 -edge_5_0_+disjointig_2_3588_44283 9829 10952 40695 -1 -1 1051 0.0201054
Chain
	Aln	9	+SRR33939694.48005/1 113 1255 1257 -edge_5_0_+disjointig_2_3588_44283 15005 16156 40695 -1 -1 1089 0.0121604
Chain
	Aln	8	-SRR33939694.48005/1 1 1143 1257 +edge_5_0_+disjointig_2_3588_44283 24538 25689 40695 -1 -1 1089 0.0121604
Chain
	Aln	8	+SRR33939694.48011/1 113 1922 1924 +edge_5_0_+disjointig_2_3588_44283 27440 29243 40695 -1 -1 1693 0.0185615
Chain
	Aln	9	-SRR33939694.48011/1 1 1810 1924 -edge_5_0_+disjointig_2_3588_44283 11451 13254 40695 -1 -1 1693 0.0185615
Chain
	Aln	8	+SRR33939694.48148/1 121 1252 1254 +edge_5_0_+disjointig_2_3588_44283 21891 23021 40695 -1 -1 1101 0.0116348
Chain
	Aln	9	-SRR33939694.48148/1 1 1132 1254 -edge_5_0_+disjointig_2_3588_44283 17673 18803 40695 -1 -1 1101 0.0116348
Chain
	Aln	9	+SRR33939694.48089/1 115 2314 2328 -edge_5_0_+disjointig_2_3588_44283 1307 3526 40695 -1 -1 1913 0.0281304
Chain
	Aln	8	-SRR33939694.48089/1 13 2212 2328 +edge_5_0_+disjointig_2_3588_44283 37168 39387 40695 -1 -1 1913 0.0281304
Chain
	Aln	9	+SRR33939694.48101/1 140 2145 2147 -edge_5_0_+disjointig_2_3588_44283 24056 26063 40695 -1 -1 1847 0.0209531
Chain
	Aln	8	-SRR33939694.48101/1 1 2006 2147 +edge_5_0_+disjointig_2_3588_44283 14631 16638 40695 -1 -1 1847 0.0209531
Chain
	Aln	8	+SRR33939694.48326/1 116 1213 1215 +edge_5_0_+disjointig_2_3588_44283 32740 33845 40695 -1 -1 1059 0.0104574
Chain
	Aln	9	-SRR33939694.48326/1 1 1098 1215 -edge_5_0_+disjointig_2_3588_44283 6849 7954 40695 -1 -1 1059 0.0104574
Chain
	Aln	8	+SRR33939694.48353/1 112 1560 1562 +edge_5_0_+disjointig_2_3588_44283 29643 31029 40695 -1 -1 1243 0.0259157
Chain
	Aln	9	-SRR33939694.48353/1 1 1449 1562 -edge_5_0_+disjointig_2_3588_44283 9665 11051 40695 -1 -1 1243 0.0259157
Chain
	Aln	9	+SRR33939694.48380/1 113 1178 1183 -edge_5_0_+disjointig_2_3588_44283 18865 19936 40695 -1 -1 978 0.0194968
Chain
	Aln	8	-SRR33939694.48380/1 4 1069 1183 +edge_5_0_+disjointig_2_3588_44283 20758 21829 40695 -1 -1 978 0.0194968
Chain
	Aln	9	+SRR33939694.48424/1 106 1651 1656 -edge_5_0_+disjointig_2_3588_44283 22319 23888 40695 -1 -1 1250 0.0322377
Chain
	Aln	8	-SRR33939694.48424/1 4 1549 1656 +edge_5_0_+disjointig_2_3588_44283 16806 18375 40695 -1 -1 1250 0.0322377
Chain
	Aln	8	+SRR33939694.48446/1 109 1152 1154 +edge_5_0_+disjointig_2_3588_44283 15497 16541 40695 -1 -1 973 0.0209798
Chain
	Aln	9	-SRR33939694.48446/1 1 1044 1154 -edge_5_0_+disjointig_2_3588_44283 24153 25197 40695 -1 -1 973 0.0209798
Chain
	Aln	8	+SRR33939694.48481/1 151 1216 1219 +edge_5_0_+disjointig_2_3588_44283 15582 16669 40695 -1 -1 893 0.0296414
Chain
	Aln	9	-SRR33939694.48481/1 2 1067 1219 -edge_5_0_+disjointig_2_3588_44283 24025 25112 40695 -1 -1 893 0.0296414
Chain
	Aln	8	+SRR33939694.48527/1 110 1313 1321 +edge_5_0_+disjointig_2_3588_44283 27895 29120 40695 -1 -1 982 0.0304653
Chain
	Aln	9	-SRR33939694.48527/1 7 1210 1321 -edge_5_0_+disjointig_2_3588_44283 11574 12799 40695 -1 -1 982 0.0304653
Chain
	Aln	6	+SRR33939694.48452/1 484 1790 1793 +edge_4_0_+disjointig_1_22059_47419 8930 10236 25360 -1 -1 1250 0.0167071
Chain
	Aln	7	-SRR33939694.48452/1 2 1308 1793 -edge_4_0_+disjointig_1_22059_47419 15123 16429 25360 -1 -1 1250 0.0167071
Chain
	Aln	8	+SRR33939694.48564/1 184 1632 1649 +edge_5_0_+disjointig_2_3588_44283 8629 10079 40695 -1 -1 1263 0.0217912
Chain
	Aln	9	-SRR33939694.48564/1 16 1464 1649 -edge_5_0_+disjointig_2_3588_44283 30615 32065 40695 -1 -1 1263 0.0217912
Chain
	Aln	8	+SRR33939694.48746/1 118 1169 1171 +edge_5_0_+disjointig_2_3588_44283 37566 38628 40695 -1 -1 902 0.0285423
Chain
	Aln	9	-SRR33939694.48746/1 1 1052 1171 -edge_5_0_+disjointig_2_3588_44283 2066 3128 40695 -1 -1 902 0.0285423
Chain
	Aln	8	+SRR33939694.48684/1 124 1221 1231 +edge_5_0_+disjointig_2_3588_44283 8760 9877 40695 -1 -1 847 0.0457067
Chain
	Aln	9	-SRR33939694.48684/1 9 1106 1231 -edge_5_0_+disjointig_2_3588_44283 30817 31934 40695 -1 -1 847 0.0457067
Chain
	Aln	9	+SRR33939694.48769/1 112 1470 1472 -edge_5_0_+disjointig_2_3588_44283 14628 15964 40695 -1 -1 1285 0.0165977
Chain
	Aln	8	-SRR33939694.48769/1 1 1359 1472 +edge_5_0_+disjointig_2_3588_44283 24730 26066 40695 -1 -1 1285 0.0165977
Chain
	Aln	8	+SRR33939694.48620/1 123 2429 2433 +edge_5_0_+disjointig_2_3588_44283 558 2899 40695 -1 -1 1882 0.0283965
Chain
	Aln	9	-SRR33939694.48620/1 3 2309 2433 -edge_5_0_+disjointig_2_3588_44283 37795 40136 40695 -1 -1 1882 0.0283965
Chain
	Aln	8	+SRR33939694.48795/1 123 1427 1460 +edge_5_0_+disjointig_2_3588_44283 33474 34771 40695 -1 -1 947 0.0506085
Chain
	Aln	9	-SRR33939694.48795/1 32 1336 1460 -edge_5_0_+disjointig_2_3588_44283 5923 7220 40695 -1 -1 947 0.0506085
Chain
	Aln	8	+SRR33939694.48945/1 112 1593 1615 +edge_5_0_+disjointig_2_3588_44283 37256 38749 40695 -1 -1 1276 0.0353275
Chain
	Aln	9	-SRR33939694.48945/1 21 1502 1615 -edge_5_0_+disjointig_2_3588_44283 1945 3438 40695 -1 -1 1276 0.0353275
Chain
	Aln	8	+SRR33939694.48947/1 115 1258 1260 +edge_5_0_+disjointig_2_3588_44283 11510 12650 40695 -1 -1 1071 0.0164638
Chain
	Aln	9	-SRR33939694.48947/1 1 1144 1260 -edge_5_0_+disjointig_2_3588_44283 28044 29184 40695 -1 -1 1071 0.0164638
Chain
	Aln	9	+SRR33939694.48963/1 134 1284 1287 -edge_5_0_+disjointig_2_3588_44283 4016 5164 40695 -1 -1 1001 0.026427
Chain
	Aln	8	-SRR33939694.48963/1 2 1152 1287 +edge_5_0_+disjointig_2_3588_44283 35530 36678 40695 -1 -1 1001 0.026427
Chain
	Aln	8	+SRR33939694.49004/1 110 1586 1592 +edge_5_0_+disjointig_2_3588_44283 7789 9265 40695 -1 -1 1407 0.0152324
Chain
	Aln	9	-SRR33939694.49004/1 5 1481 1592 -edge_5_0_+disjointig_2_3588_44283 31429 32905 40695 -1 -1 1407 0.0152324
Chain
	Aln	8	+SRR33939694.49031/1 113 1490 1492 +edge_5_0_+disjointig_2_3588_44283 9785 11169 40695 -1 -1 1063 0.0408782
Chain
	Aln	9	-SRR33939694.49031/1 1 1378 1492 -edge_5_0_+disjointig_2_3588_44283 29525 30909 40695 -1 -1 1063 0.0408782
Chain
	Aln	9	+SRR33939694.48952/1 116 3284 3339 -edge_5_0_+disjointig_2_3588_44283 24713 27902 40695 -1 -1 2657 0.0353013
Chain
	Aln	8	-SRR33939694.48952/1 54 3222 3339 +edge_5_0_+disjointig_2_3588_44283 12792 15981 40695 -1 -1 2657 0.0353013
Chain
	Aln	1	+SRR33939694.48940/1 240 3879 3882 -edge_1_0_+disjointig_1_0_20896 7191 10839 20896 -1 -1 3481 0.0149948
Chain
	Aln	0	-SRR33939694.48940/1 2 3641 3882 +edge_1_0_+disjointig_1_0_20896 10056 13704 20896 -1 -1 3481 0.0149948
Chain
	Aln	9	+SRR33939694.49151/1 115 1137 1142 -edge_5_0_+disjointig_2_3588_44283 198 1227 40695 -1 -1 929 0.0265954
Chain
	Aln	8	-SRR33939694.49151/1 4 1026 1142 +edge_5_0_+disjointig_2_3588_44283 39467 40496 40695 -1 -1 929 0.0265954
Chain
	Aln	8	+SRR33939694.49161/1 122 1503 1536 +edge_5_0_+disjointig_2_3588_44283 6516 7918 40695 -1 -1 996 0.0532911
Chain
	Aln	9	-SRR33939694.49161/1 32 1413 1536 -edge_5_0_+disjointig_2_3588_44283 32776 34178 40695 -1 -1 996 0.0532911
Chain
	Aln	8	+SRR33939694.49043/1 107 3586 3588 +edge_5_0_+disjointig_2_3588_44283 13918 17409 40695 -1 -1 3334 0.0129722
Chain
	Aln	9	-SRR33939694.49043/1 1 3480 3588 -edge_5_0_+disjointig_2_3588_44283 23285 26776 40695 -1 -1 3334 0.0129722
Chain
	Aln	9	+SRR33939694.49270/1 110 1146 1149 -edge_5_0_+disjointig_2_3588_44283 31337 32375 40695 -1 -1 964 0.0135872
Chain
	Aln	8	-SRR33939694.49270/1 2 1038 1149 +edge_5_0_+disjointig_2_3588_44283 8319 9357 40695 -1 -1 964 0.0135872
Chain
	Aln	8	+SRR33939694.49283/1 114 1263 1265 +edge_5_0_+disjointig_2_3588_44283 25268 26420 40695 -1 -1 946 0.0331475
Chain
	Aln	9	-SRR33939694.49283/1 1 1150 1265 -edge_5_0_+disjointig_2_3588_44283 14274 15426 40695 -1 -1 946 0.0331475
Chain
	Aln	9	+SRR33939694.49484/1 109 1109 1111 -edge_5_0_+disjointig_2_3588_44283 7576 8610 40695 -1 -1 734 0.0474517
Chain
	Aln	8	-SRR33939694.49484/1 1 1001 1111 +edge_5_0_+disjointig_2_3588_44283 32084 33118 40695 -1 -1 734 0.0474517
Chain
	Aln	8	+SRR33939694.49327/1 98 1414 1421 +edge_5_0_+disjointig_2_3588_44283 1898 3222 40695 -1 -1 1003 0.0408859
Chain
	Aln	9	-SRR33939694.49327/1 6 1322 1421 -edge_5_0_+disjointig_2_3588_44283 37472 38796 40695 -1 -1 1003 0.0408859
Chain
	Aln	8	+SRR33939694.49404/1 134 1384 1386 +edge_5_0_+disjointig_2_3588_44283 19274 20535 40695 -1 -1 1135 0.0232745
Chain
	Aln	9	-SRR33939694.49404/1 1 1251 1386 -edge_5_0_+disjointig_2_3588_44283 20159 21420 40695 -1 -1 1135 0.0232745
Chain
	Aln	8	+SRR33939694.49509/1 135 1223 1225 +edge_5_0_+disjointig_2_3588_44283 846 1931 40695 -1 -1 940 0.0245473
Chain
	Aln	9	-SRR33939694.49509/1 1 1089 1225 -edge_5_0_+disjointig_2_3588_44283 38763 39848 40695 -1 -1 940 0.0245473
Chain
	Aln	8	+SRR33939694.49614/1 120 1385 1388 +edge_5_0_+disjointig_2_3588_44283 11743 13010 40695 -1 -1 1045 0.0355973
Chain
	Aln	9	-SRR33939694.49614/1 2 1267 1388 -edge_5_0_+disjointig_2_3588_44283 27684 28951 40695 -1 -1 1045 0.0355973
Chain
	Aln	9	+SRR33939694.49560/1 106 1272 1274 -edge_5_0_+disjointig_2_3588_44283 30370 31548 40695 -1 -1 865 0.0404091
Chain
	Aln	8	-SRR33939694.49560/1 1 1167 1274 +edge_5_0_+disjointig_2_3588_44283 9146 10324 40695 -1 -1 865 0.0404091
Chain
	Aln	8	+SRR33939694.49516/1 121 1385 1387 +edge_5_0_+disjointig_2_3588_44283 34910 36180 40695 -1 -1 1199 0.0220512
Chain
	Aln	9	-SRR33939694.49516/1 1 1265 1387 -edge_5_0_+disjointig_2_3588_44283 4514 5784 40695 -1 -1 1199 0.0220512
Chain
	Aln	8	+SRR33939694.49637/1 127 1477 1483 +edge_5_0_+disjointig_2_3588_44283 5378 6731 40695 -1 -1 1299 0.0150728
Chain
	Aln	9	-SRR33939694.49637/1 5 1355 1483 -edge_5_0_+disjointig_2_3588_44283 33963 35316 40695 -1 -1 1299 0.0150728
Chain
	Aln	8	+SRR33939694.49653/1 112 1558 1561 +edge_5_0_+disjointig_2_3588_44283 27188 28637 40695 -1 -1 1237 0.0329954
Chain
	Aln	9	-SRR33939694.49653/1 2 1448 1561 -edge_5_0_+disjointig_2_3588_44283 12057 13506 40695 -1 -1 1237 0.0329954
Chain
	Aln	9	+SRR33939694.49672/1 111 1169 1171 -edge_5_0_+disjointig_2_3588_44283 28324 29398 40695 -1 -1 896 0.0314995
Chain
	Aln	8	-SRR33939694.49672/1 1 1059 1171 +edge_5_0_+disjointig_2_3588_44283 11296 12370 40695 -1 -1 896 0.0314995
Chain
	Aln	9	+SRR33939694.49714/1 109 1337 1339 -edge_5_0_+disjointig_2_3588_44283 25534 26771 40695 -1 -1 1173 0.0146634
Chain
	Aln	8	-SRR33939694.49714/1 1 1229 1339 +edge_5_0_+disjointig_2_3588_44283 13923 15160 40695 -1 -1 1173 0.0146634
Chain
	Aln	9	+SRR33939694.49758/1 97 1551 1553 -edge_5_0_+disjointig_2_3588_44283 14749 16224 40695 -1 -1 1177 0.0451378
Chain
	Aln	8	-SRR33939694.49758/1 1 1455 1553 +edge_5_0_+disjointig_2_3588_44283 24470 25945 40695 -1 -1 1177 0.0451378
Chain
	Aln	8	+SRR33939694.49770/1 116 1135 1137 +edge_5_0_+disjointig_2_3588_44283 29138 30154 40695 -1 -1 1000 0.0128589
Chain
	Aln	9	-SRR33939694.49770/1 1 1020 1137 -edge_5_0_+disjointig_2_3588_44283 10540 11556 40695 -1 -1 1000 0.0128589
Chain
	Aln	8	+SRR33939694.49692/1 115 1514 1521 +edge_5_0_+disjointig_2_3588_44283 2145 3551 40695 -1 -1 1298 0.0260457
Chain
	Aln	9	-SRR33939694.49692/1 6 1405 1521 -edge_5_0_+disjointig_2_3588_44283 37143 38549 40695 -1 -1 1298 0.0260457
Chain
	Aln	9	+SRR33939694.49767/1 109 1716 1718 -edge_5_0_+disjointig_2_3588_44283 24769 26384 40695 -1 -1 1583 0.0110907
Chain
	Aln	8	-SRR33939694.49767/1 1 1608 1718 +edge_5_0_+disjointig_2_3588_44283 14310 15925 40695 -1 -1 1583 0.0110907
Chain
	Aln	8	+SRR33939694.49787/1 112 1278 1296 +edge_5_0_+disjointig_2_3588_44283 7638 8805 40695 -1 -1 1120 0.0152167
Chain
	Aln	9	-SRR33939694.49787/1 17 1183 1296 -edge_5_0_+disjointig_2_3588_44283 31889 33056 40695 -1 -1 1120 0.0152167
Chain
	Aln	9	+SRR33939694.49881/1 114 1314 1325 -edge_5_0_+disjointig_2_3588_44283 15253 16471 40695 -1 -1 918 0.0492148
Chain
	Aln	8	-SRR33939694.49881/1 10 1210 1325 +edge_5_0_+disjointig_2_3588_44283 24223 25441 40695 -1 -1 918 0.0492148
Chain
	Aln	9	+SRR33939694.49895/1 124 1149 1151 -edge_5_0_+disjointig_2_3588_44283 36049 37076 40695 -1 -1 996 0.0174905
Chain
	Aln	8	-SRR33939694.49895/1 1 1026 1151 +edge_5_0_+disjointig_2_3588_44283 3618 4645 40695 -1 -1 996 0.0174905
Chain
	Aln	9	+SRR33939694.49901/1 103 1255 1282 -edge_5_0_+disjointig_2_3588_44283 19575 20737 40695 -1 -1 1081 0.0151605
Chain
	Aln	8	-SRR33939694.49901/1 26 1178 1282 +edge_5_0_+disjointig_2_3588_44283 19957 21119 40695 -1 -1 1081 0.0151605
Chain
	Aln	9	+SRR33939694.50030/1 112 1329 1332 -edge_5_0_+disjointig_2_3588_44283 1618 2811 40695 -1 -1 1063 0.0235202
Chain
	Aln	8	-SRR33939694.50030/1 2 1219 1332 +edge_5_0_+disjointig_2_3588_44283 37883 39076 40695 -1 -1 1063 0.0235202
Chain
	Aln	8	+SRR33939694.50033/1 108 1180 1218 +edge_5_0_+disjointig_2_3588_44283 2432 3515 40695 -1 -1 815 0.042193
Chain
	Aln	9	-SRR33939694.50033/1 37 1109 1218 -edge_5_0_+disjointig_2_3588_44283 37179 38262 40695 -1 -1 815 0.042193
Chain
	Aln	8	+SRR33939694.50056/1 113 1178 1180 +edge_5_0_+disjointig_2_3588_44283 19779 20840 40695 -1 -1 974 0.0274604
Chain
	Aln	9	-SRR33939694.50056/1 1 1066 1180 -edge_5_0_+disjointig_2_3588_44283 19854 20915 40695 -1 -1 974 0.0274604
Chain
	Aln	9	+SRR33939694.49167/1 116 9234 9612 -edge_5_0_+disjointig_2_3588_44283 9423 18593 40695 -1 -1 8387 0.019244
Chain
	Aln	8	-SRR33939694.49167/1 377 9495 9612 +edge_5_0_+disjointig_2_3588_44283 22101 31271 40695 -1 -1 8387 0.019244
Chain
	Aln	9	+SRR33939694.50074/1 108 1519 1523 -edge_5_0_+disjointig_2_3588_44283 10645 12062 40695 -1 -1 1275 0.0259847
Chain
	Aln	8	-SRR33939694.50074/1 3 1414 1523 +edge_5_0_+disjointig_2_3588_44283 28632 30049 40695 -1 -1 1275 0.0259847
Chain
	Aln	8	+SRR33939694.50146/1 182 2101 2103 +edge_5_0_+disjointig_2_3588_44283 8266 10221 40695 -1 -1 1474 0.0447233
Chain
	Aln	9	-SRR33939694.50146/1 1 1920 2103 -edge_5_0_+disjointig_2_3588_44283 30473 32428 40695 -1 -1 1474 0.0447233
Chain
	Aln	8	+SRR33939694.50213/1 120 1275 1277 +edge_5_0_+disjointig_2_3588_44283 30385 31539 40695 -1 -1 1095 0.013508
Chain
	Aln	9	-SRR33939694.50213/1 1 1156 1277 -edge_5_0_+disjointig_2_3588_44283 9155 10309 40695 -1 -1 1095 0.013508
Chain
	Aln	9	+SRR33939694.50317/1 112 1180 1182 -edge_5_0_+disjointig_2_3588_44283 31070 32131 40695 -1 -1 981 0.0205702
Chain
	Aln	8	-SRR33939694.50317/1 1 1069 1182 +edge_5_0_+disjointig_2_3588_44283 8563 9624 40695 -1 -1 981 0.0205702
Chain
	Aln	9	+SRR33939694.50207/1 105 1494 1501 -edge_5_0_+disjointig_2_3588_44283 8811 10216 40695 -1 -1 1130 0.0292205
Chain
	Aln	8	-SRR33939694.50207/1 6 1395 1501 +edge_5_0_+disjointig_2_3588_44283 30478 31883 40695 -1 -1 1130 0.0292205
Chain
	Aln	8	+SRR33939694.50301/1 122 1264 1266 +edge_5_0_+disjointig_2_3588_44283 7648 8800 40695 -1 -1 975 0.0294072
Chain
	Aln	9	-SRR33939694.50301/1 1 1143 1266 -edge_5_0_+disjointig_2_3588_44283 31894 33046 40695 -1 -1 975 0.0294072
Chain
	Aln	9	+SRR33939694.50243/1 106 1852 1856 -edge_5_0_+disjointig_2_3588_44283 11395 13143 40695 -1 -1 1670 0.0165438
Chain
	Aln	8	-SRR33939694.50243/1 3 1749 1856 +edge_5_0_+disjointig_2_3588_44283 27551 29299 40695 -1 -1 1670 0.0165438
Chain
	Aln	5	+SRR33939694.50380/1 112 1225 1415 -edge_3_0_-disjointig_2_41855_44283 1302 2427 2428 -1 -1 1091 0.0163537
Chain
	Aln	4	-SRR33939694.50380/1 189 1302 1415 +edge_3_0_-disjointig_2_41855_44283 0 1125 2428 -1 -1 1091 0.0163537
Chain
	Aln	8	+SRR33939694.50392/1 110 1427 1431 +edge_5_0_+disjointig_2_3588_44283 20285 21601 40695 -1 -1 1248 0.0158386
Chain
	Aln	9	-SRR33939694.50392/1 3 1320 1431 -edge_5_0_+disjointig_2_3588_44283 19093 20409 40695 -1 -1 1248 0.0158386
Chain
	Aln	9	+SRR33939694.50491/1 115 1206 1210 -edge_5_0_+disjointig_2_3588_44283 14841 15931 40695 -1 -1 979 0.0208154
Chain
	Aln	8	-SRR33939694.50491/1 3 1094 1210 +edge_5_0_+disjointig_2_3588_44283 24763 25853 40695 -1 -1 979 0.0208154
Chain
	Aln	9	+SRR33939694.50496/1 112 1460 1465 -edge_5_0_+disjointig_2_3588_44283 17198 18548 40695 -1 -1 1302 0.0133336
Chain
	Aln	8	-SRR33939694.50496/1 4 1352 1465 +edge_5_0_+disjointig_2_3588_44283 22146 23496 40695 -1 -1 1302 0.0133336
Chain
	Aln	9	+SRR33939694.50495/1 110 1910 1913 -edge_5_0_+disjointig_2_3588_44283 14506 16319 40695 -1 -1 1547 0.024899
Chain
	Aln	8	-SRR33939694.50495/1 2 1802 1913 +edge_5_0_+disjointig_2_3588_44283 24375 26188 40695 -1 -1 1547 0.024899
Chain
	Aln	0	+SRR33939694.50607/1 252 1518 1520 +edge_1_0_+disjointig_1_0_20896 12421 13706 20896 -1 -1 1221 0.0183874
Chain
	Aln	1	-SRR33939694.50607/1 1 1267 1520 -edge_1_0_+disjointig_1_0_20896 7189 8474 20896 -1 -1 1221 0.0183874
Chain
	Aln	9	+SRR33939694.50725/1 122 1203 1205 -edge_5_0_+disjointig_2_3588_44283 38091 39183 40695 -1 -1 829 0.0411404
Chain
	Aln	8	-SRR33939694.50725/1 1 1082 1205 +edge_5_0_+disjointig_2_3588_44283 1511 2603 40695 -1 -1 829 0.0411404
Chain
	Aln	8	+SRR33939694.50741/1 109 1241 1243 +edge_5_0_+disjointig_2_3588_44283 36374 37511 40695 -1 -1 1081 0.0115665
Chain
	Aln	9	-SRR33939694.50741/1 1 1133 1243 -edge_5_0_+disjointig_2_3588_44283 3183 4320 40695 -1 -1 1081 0.0115665
Chain
	Aln	9	+SRR33939694.50752/1 114 1404 1406 -edge_5_0_+disjointig_2_3588_44283 21087 22397 40695 -1 -1 990 0.0348977
Chain
	Aln	8	-SRR33939694.50752/1 1 1291 1406 +edge_5_0_+disjointig_2_3588_44283 18297 19607 40695 -1 -1 990 0.0348977
Chain
	Aln	9	+SRR33939694.50805/1 103 1407 1424 -edge_5_0_+disjointig_2_3588_44283 16621 17934 40695 -1 -1 1155 0.0287126
Chain
	Aln	8	-SRR33939694.50805/1 16 1320 1424 +edge_5_0_+disjointig_2_3588_44283 22760 24073 40695 -1 -1 1155 0.0287126
Chain
	Aln	8	+SRR33939694.50819/1 120 1289 1314 +edge_5_0_+disjointig_2_3588_44283 26268 27460 40695 -1 -1 1109 0.013036
Chain
	Aln	9	-SRR33939694.50819/1 24 1193 1314 -edge_5_0_+disjointig_2_3588_44283 13234 14426 40695 -1 -1 1109 0.013036
Chain
	Aln	9	+SRR33939694.50877/1 112 1255 1258 -edge_5_0_+disjointig_2_3588_44283 35553 36710 40695 -1 -1 1055 0.0249666
Chain
	Aln	8	-SRR33939694.50877/1 2 1145 1258 +edge_5_0_+disjointig_2_3588_44283 3984 5141 40695 -1 -1 1055 0.0249666
Chain
	Aln	8	+SRR33939694.50875/1 119 2197 2199 +edge_5_0_+disjointig_2_3588_44283 37293 39362 40695 -1 -1 1791 0.0327753
Chain
	Aln	9	-SRR33939694.50875/1 1 2079 2199 -edge_5_0_+disjointig_2_3588_44283 1332 3401 40695 -1 -1 1791 0.0327753
Chain
	Aln	8	+SRR33939694.50833/1 115 2421 2426 +edge_5_0_+disjointig_2_3588_44283 30361 32690 40695 -1 -1 2126 0.0206382
Chain
	Aln	9	-SRR33939694.50833/1 4 2310 2426 -edge_5_0_+disjointig_2_3588_44283 8004 10333 40695 -1 -1 2126 0.0206382
Chain
	Aln	8	+SRR33939694.50886/1 109 1669 1671 +edge_5_0_+disjointig_2_3588_44283 10803 12375 40695 -1 -1 1520 0.0128552
Chain
	Aln	9	-SRR33939694.50886/1 1 1561 1671 -edge_5_0_+disjointig_2_3588_44283 28319 29891 40695 -1 -1 1520 0.0128552
Chain
	Aln	8	+SRR33939694.50980/1 107 1402 1404 +edge_5_0_+disjointig_2_3588_44283 19520 20815 40695 -1 -1 1179 0.0182202
Chain
	Aln	9	-SRR33939694.50980/1 1 1296 1404 -edge_5_0_+disjointig_2_3588_44283 19879 21174 40695 -1 -1 1179 0.0182202
Chain
	Aln	8	+SRR33939694.51064/1 111 1261 1263 +edge_5_0_+disjointig_2_3588_44283 15388 16540 40695 -1 -1 1042 0.0214577
Chain
	Aln	9	-SRR33939694.51064/1 1 1151 1263 -edge_5_0_+disjointig_2_3588_44283 24154 25306 40695 -1 -1 1042 0.0214577
Chain
	Aln	0	+SRR33939694.51046/1 296 2646 2651 +edge_1_0_+disjointig_1_0_20896 1813 4153 20896 -1 -1 1680 0.0450172
Chain
	Aln	1	-SRR33939694.51046/1 4 2354 2651 -edge_1_0_+disjointig_1_0_20896 16742 19082 20896 -1 -1 1680 0.0450172
Chain
	Aln	9	+SRR33939694.51059/1 107 2098 2117 -edge_5_0_+disjointig_2_3588_44283 36687 38677 40695 -1 -1 1721 0.0301606
Chain
	Aln	8	-SRR33939694.51059/1 18 2009 2117 +edge_5_0_+disjointig_2_3588_44283 2017 4007 40695 -1 -1 1721 0.0301606
Chain
	Aln	8	+SRR33939694.51114/1 115 1402 1404 +edge_5_0_+disjointig_2_3588_44283 4388 5714 40695 -1 -1 1031 0.0357747
Chain
	Aln	9	-SRR33939694.51114/1 1 1288 1404 -edge_5_0_+disjointig_2_3588_44283 34980 36306 40695 -1 -1 1031 0.0357747
Chain
	Aln	8	+SRR33939694.51130/1 105 1341 1343 +edge_5_0_+disjointig_2_3588_44283 31536 32781 40695 -1 -1 1191 0.012473
Chain
	Aln	9	-SRR33939694.51130/1 1 1237 1343 -edge_5_0_+disjointig_2_3588_44283 7913 9158 40695 -1 -1 1191 0.012473
Chain
	Aln	9	+SRR33939694.51137/1 158 1176 1179 -edge_5_0_+disjointig_2_3588_44283 37227 38243 40695 -1 -1 977 0.0138167
Chain
	Aln	8	-SRR33939694.51137/1 2 1020 1179 +edge_5_0_+disjointig_2_3588_44283 2451 3467 40695 -1 -1 977 0.0138167
Chain
	Aln	8	+SRR33939694.51140/1 105 1158 1173 +edge_5_0_+disjointig_2_3588_44283 39624 40678 40695 -1 -1 1019 0.0152785
Chain
	Aln	9	-SRR33939694.51140/1 14 1067 1173 -edge_5_0_+disjointig_2_3588_44283 16 1070 40695 -1 -1 1019 0.0152785
Chain
	Aln	9	+SRR33939694.51176/1 130 1301 1313 -edge_5_0_+disjointig_2_3588_44283 31674 32842 40695 -1 -1 1055 0.0212537
Chain
	Aln	8	-SRR33939694.51176/1 11 1182 1313 +edge_5_0_+disjointig_2_3588_44283 7852 9020 40695 -1 -1 1055 0.0212537
Chain
	Aln	8	+SRR33939694.51211/1 115 1514 1516 +edge_5_0_+disjointig_2_3588_44283 34314 35710 40695 -1 -1 1236 0.020574
Chain
	Aln	9	-SRR33939694.51211/1 1 1400 1516 -edge_5_0_+disjointig_2_3588_44283 4984 6380 40695 -1 -1 1236 0.020574
Chain
	Aln	8	+SRR33939694.51303/1 101 1188 1195 +edge_5_0_+disjointig_2_3588_44283 39410 40509 40695 -1 -1 915 0.0388638
Chain
	Aln	9	-SRR33939694.51303/1 6 1093 1195 -edge_5_0_+disjointig_2_3588_44283 185 1284 40695 -1 -1 915 0.0388638
Chain
	Aln	9	+SRR33939694.51391/1 94 1158 1161 -edge_5_0_+disjointig_2_3588_44283 25226 26299 40695 -1 -1 961 0.01953
Chain
	Aln	8	-SRR33939694.51391/1 2 1066 1161 +edge_5_0_+disjointig_2_3588_44283 14395 15468 40695 -1 -1 961 0.01953
Chain
	Aln	9	+SRR33939694.51349/1 120 1560 1573 -edge_5_0_+disjointig_2_3588_44283 3966 5427 40695 -1 -1 974 0.0450084
Chain
	Aln	8	-SRR33939694.51349/1 12 1452 1573 +edge_5_0_+disjointig_2_3588_44283 35267 36728 40695 -1 -1 974 0.0450084
Chain
	Aln	9	+SRR33939694.51432/1 134 1581 1583 -edge_5_0_+disjointig_2_3588_44283 28675 30155 40695 -1 -1 1276 0.020802
Chain
	Aln	8	-SRR33939694.51432/1 1 1448 1583 +edge_5_0_+disjointig_2_3588_44283 10539 12019 40695 -1 -1 1276 0.020802
Chain
	Aln	9	+SRR33939694.51399/1 113 1580 1583 -edge_5_0_+disjointig_2_3588_44283 17758 19221 40695 -1 -1 1362 0.0149761
Chain
	Aln	8	-SRR33939694.51399/1 2 1469 1583 +edge_5_0_+disjointig_2_3588_44283 21473 22936 40695 -1 -1 1362 0.0149761
Chain
	Aln	8	+SRR33939694.51562/1 108 1312 1329 +edge_5_0_+disjointig_2_3588_44283 24832 26033 40695 -1 -1 1019 0.0448571
Chain
	Aln	9	-SRR33939694.51562/1 16 1220 1329 -edge_5_0_+disjointig_2_3588_44283 14661 15862 40695 -1 -1 1019 0.0448571
Chain
	Aln	8	+SRR33939694.51596/1 110 1406 1421 +edge_5_0_+disjointig_2_3588_44283 24960 26266 40695 -1 -1 1202 0.0191533
Chain
	Aln	9	-SRR33939694.51596/1 14 1310 1421 -edge_5_0_+disjointig_2_3588_44283 14428 15734 40695 -1 -1 1202 0.0191533
Chain
	Aln	8	+SRR33939694.51606/1 117 1574 1577 +edge_5_0_+disjointig_2_3588_44283 29810 31319 40695 -1 -1 1194 0.0339747
Chain
	Aln	9	-SRR33939694.51606/1 2 1459 1577 -edge_5_0_+disjointig_2_3588_44283 9375 10884 40695 -1 -1 1194 0.0339747
Chain
	Aln	8	+SRR33939694.51636/1 109 1389 1627 +edge_5_0_+disjointig_2_3588_44283 244 1531 40695 -1 -1 1116 0.0289411
Chain
	Aln	9	-SRR33939694.51636/1 237 1517 1627 -edge_5_0_+disjointig_2_3588_44283 39163 40450 40695 -1 -1 1116 0.0289411
Chain
	Aln	8	+SRR33939694.51657/1 107 1140 1143 +edge_5_0_+disjointig_2_3588_44283 6938 7971 40695 -1 -1 949 0.0204374
Chain
	Aln	9	-SRR33939694.51657/1 2 1035 1143 -edge_5_0_+disjointig_2_3588_44283 32723 33756 40695 -1 -1 949 0.0204374
Chain
	Aln	8	+SRR33939694.51646/1 117 1517 1519 +edge_5_0_+disjointig_2_3588_44283 5587 7000 40695 -1 -1 1202 0.0303869
Chain
	Aln	9	-SRR33939694.51646/1 1 1401 1519 -edge_5_0_+disjointig_2_3588_44283 33694 35107 40695 -1 -1 1202 0.0303869
Chain
	Aln	9	+SRR33939694.51798/1 128 1331 1333 -edge_5_0_+disjointig_2_3588_44283 8327 9533 40695 -1 -1 1139 0.0154116
Chain
	Aln	8	-SRR33939694.51798/1 1 1204 1333 +edge_5_0_+disjointig_2_3588_44283 31161 32367 40695 -1 -1 1139 0.0154116
Chain
	Aln	9	+SRR33939694.51743/1 142 1651 1653 -edge_5_0_+disjointig_2_3588_44283 35451 36950 40695 -1 -1 1468 0.0100775
Chain
	Aln	8	-SRR33939694.51743/1 1 1510 1653 +edge_5_0_+disjointig_2_3588_44283 3744 5243 40695 -1 -1 1468 0.0100775
Chain
	Aln	9	+SRR33939694.51841/1 116 1547 1550 -edge_5_0_+disjointig_2_3588_44283 4240 5696 40695 -1 -1 1009 0.0549968
Chain
	Aln	8	-SRR33939694.51841/1 2 1433 1550 +edge_5_0_+disjointig_2_3588_44283 34998 36454 40695 -1 -1 1009 0.0549968
Chain
	Aln	9	+SRR33939694.51863/1 110 1539 1541 -edge_5_0_+disjointig_2_3588_44283 21091 22520 40695 -1 -1 1306 0.0215837
Chain
	Aln	8	-SRR33939694.51863/1 1 1430 1541 +edge_5_0_+disjointig_2_3588_44283 18174 19603 40695 -1 -1 1306 0.0215837
Chain
	Aln	9	+SRR33939694.51891/1 129 1141 1153 -edge_5_0_+disjointig_2_3588_44283 37284 38316 40695 -1 -1 869 0.0313478
Chain
	Aln	8	-SRR33939694.51891/1 11 1023 1153 +edge_5_0_+disjointig_2_3588_44283 2378 3410 40695 -1 -1 869 0.0313478
Chain
	Aln	8	+SRR33939694.52139/1 108 1221 1224 +edge_5_0_+disjointig_2_3588_44283 21674 22790 40695 -1 -1 1059 0.0142453
Chain
	Aln	9	-SRR33939694.52139/1 2 1115 1224 -edge_5_0_+disjointig_2_3588_44283 17904 19020 40695 -1 -1 1059 0.0142453
Chain
	Aln	8	+SRR33939694.52135/1 110 1567 1573 +edge_5_0_+disjointig_2_3588_44283 7447 8936 40695 -1 -1 1187 0.0335386
Chain
	Aln	9	-SRR33939694.52135/1 5 1462 1573 -edge_5_0_+disjointig_2_3588_44283 31758 33247 40695 -1 -1 1187 0.0335386
Chain
	Aln	8	+SRR33939694.52018/1 110 1967 2024 +edge_5_0_+disjointig_2_3588_44283 26787 28639 40695 -1 -1 1172 0.0538974
Chain
	Aln	9	-SRR33939694.52018/1 56 1913 2024 -edge_5_0_+disjointig_2_3588_44283 12055 13907 40695 -1 -1 1172 0.0538974
Chain
	Aln	8	+SRR33939694.52250/1 112 1253 1255 +edge_5_0_+disjointig_2_3588_44283 29986 31133 40695 -1 -1 887 0.0444667
Chain
	Aln	9	-SRR33939694.52250/1 1 1142 1255 -edge_5_0_+disjointig_2_3588_44283 9561 10708 40695 -1 -1 887 0.0444667
Chain
	Aln	9	+SRR33939694.52267/1 121 1224 1227 -edge_5_0_+disjointig_2_3588_44283 18914 20017 40695 -1 -1 1040 0.00990687
Chain
	Aln	8	-SRR33939694.52267/1 2 1105 1227 +edge_5_0_+disjointig_2_3588_44283 20677 21780 40695 -1 -1 1040 0.00990687
Chain
	Aln	8	+SRR33939694.52260/1 105 1421 1423 +edge_5_0_+disjointig_2_3588_44283 4615 5930 40695 -1 -1 1169 0.025509
Chain
	Aln	9	-SRR33939694.52260/1 1 1317 1423 -edge_5_0_+disjointig_2_3588_44283 34764 36079 40695 -1 -1 1169 0.025509
Chain
	Aln	9	+SRR33939694.52226/1 108 1999 2028 -edge_5_0_+disjointig_2_3588_44283 16228 18138 40695 -1 -1 1735 0.0204771
Chain
	Aln	8	-SRR33939694.52226/1 28 1919 2028 +edge_5_0_+disjointig_2_3588_44283 22556 24466 40695 -1 -1 1735 0.0204771
Chain
	Aln	9	+SRR33939694.52340/1 113 1285 1287 -edge_5_0_+disjointig_2_3588_44283 13698 14874 40695 -1 -1 1047 0.0335576
Chain
	Aln	8	-SRR33939694.52340/1 1 1173 1287 +edge_5_0_+disjointig_2_3588_44283 25820 26996 40695 -1 -1 1047 0.0335576
Chain
	Aln	9	+SRR33939694.52344/1 114 1503 1516 -edge_5_0_+disjointig_2_3588_44283 24453 25842 40695 -1 -1 884 0.0580696
Chain
	Aln	8	-SRR33939694.52344/1 12 1401 1516 +edge_5_0_+disjointig_2_3588_44283 14852 16241 40695 -1 -1 884 0.0580696
Chain
	Aln	8	+SRR33939694.52325/1 110 1617 1619 +edge_5_0_+disjointig_2_3588_44283 37898 39409 40695 -1 -1 1417 0.0118469
Chain
	Aln	9	-SRR33939694.52325/1 1 1508 1619 -edge_5_0_+disjointig_2_3588_44283 1285 2796 40695 -1 -1 1417 0.0118469
Chain
	Aln	8	+SRR33939694.52398/1 117 1307 1309 +edge_5_0_+disjointig_2_3588_44283 20079 21265 40695 -1 -1 1115 0.0141835
Chain
	Aln	9	-SRR33939694.52398/1 1 1191 1309 -edge_5_0_+disjointig_2_3588_44283 19429 20615 40695 -1 -1 1115 0.0141835
Chain
	Aln	9	+SRR33939694.52360/1 117 1634 1655 -edge_5_0_+disjointig_2_3588_44283 36453 37983 40695 -1 -1 1163 0.0404777
Chain
	Aln	8	-SRR33939694.52360/1 20 1537 1655 +edge_5_0_+disjointig_2_3588_44283 2711 4241 40695 -1 -1 1163 0.0404777
Chain
	Aln	9	+SRR33939694.52462/1 110 1157 1178 -edge_5_0_+disjointig_2_3588_44283 5316 6390 40695 -1 -1 782 0.0489237
Chain
	Aln	8	-SRR33939694.52462/1 20 1067 1178 +edge_5_0_+disjointig_2_3588_44283 34304 35378 40695 -1 -1 782 0.0489237
Chain
	Aln	9	+SRR33939694.52411/1 120 1342 1358 -edge_5_0_+disjointig_2_3588_44283 35010 36241 40695 -1 -1 1116 0.0323061
Chain
	Aln	8	-SRR33939694.52411/1 15 1237 1358 +edge_5_0_+disjointig_2_3588_44283 4453 5684 40695 -1 -1 1116 0.0323061
Chain
	Aln	9	+SRR33939694.52501/1 125 1588 1590 -edge_5_0_+disjointig_2_3588_44283 29133 30597 40695 -1 -1 1258 0.0257464
Chain
	Aln	8	-SRR33939694.52501/1 1 1464 1590 +edge_5_0_+disjointig_2_3588_44283 10097 11561 40695 -1 -1 1258 0.0257464
Chain
	Aln	8	+SRR33939694.52561/1 129 1140 1143 +edge_5_0_+disjointig_2_3588_44283 18469 19473 40695 -1 -1 898 0.0297508
Chain
	Aln	9	-SRR33939694.52561/1 2 1013 1143 -edge_5_0_+disjointig_2_3588_44283 21221 22225 40695 -1 -1 898 0.0297508
Chain
	Aln	8	+SRR33939694.52546/1 128 1826 1850 +edge_5_0_+disjointig_2_3588_44283 6754 8463 40695 -1 -1 1461 0.0317534
Chain
	Aln	9	-SRR33939694.52546/1 23 1721 1850 -edge_5_0_+disjointig_2_3588_44283 32231 33940 40695 -1 -1 1461 0.0317534
Chain
	Aln	8	+SRR33939694.52551/1 113 1744 1758 +edge_5_0_+disjointig_2_3588_44283 2187 3809 40695 -1 -1 1471 0.0202851
Chain
	Aln	9	-SRR33939694.52551/1 13 1644 1758 -edge_5_0_+disjointig_2_3588_44283 36885 38507 40695 -1 -1 1471 0.0202851
Chain
	Aln	8	+SRR33939694.52580/1 106 1393 1395 +edge_5_0_+disjointig_2_3588_44283 19952 21240 40695 -1 -1 1135 0.0208241
Chain
	Aln	9	-SRR33939694.52580/1 1 1288 1395 -edge_5_0_+disjointig_2_3588_44283 19454 20742 40695 -1 -1 1135 0.0208241
Chain
	Aln	9	+SRR33939694.52571/1 112 1783 1785 -edge_5_0_+disjointig_2_3588_44283 11280 12952 40695 -1 -1 1442 0.0292373
Chain
	Aln	8	-SRR33939694.52571/1 1 1672 1785 +edge_5_0_+disjointig_2_3588_44283 27742 29414 40695 -1 -1 1442 0.0292373
Chain
	Aln	8	+SRR33939694.52590/1 112 1529 1531 +edge_5_0_+disjointig_2_3588_44283 20352 21771 40695 -1 -1 1252 0.0346846
Chain
	Aln	9	-SRR33939694.52590/1 1 1418 1531 -edge_5_0_+disjointig_2_3588_44283 18923 20342 40695 -1 -1 1252 0.0346846
Chain
	Aln	8	+SRR33939694.52647/1 113 1510 1527 +edge_5_0_+disjointig_2_3588_44283 19862 21262 40695 -1 -1 1357 0.0129033
Chain
	Aln	9	-SRR33939694.52647/1 16 1413 1527 -edge_5_0_+disjointig_2_3588_44283 19432 20832 40695 -1 -1 1357 0.0129033
Chain
	Aln	9	+SRR33939694.52695/1 111 1169 1171 -edge_5_0_+disjointig_2_3588_44283 35191 36268 40695 -1 -1 885 0.0352356
Chain
	Aln	8	-SRR33939694.52695/1 1 1059 1171 +edge_5_0_+disjointig_2_3588_44283 4426 5503 40695 -1 -1 885 0.0352356
Chain
	Aln	8	+SRR33939694.52708/1 128 1595 1598 +edge_5_0_+disjointig_2_3588_44283 3971 5427 40695 -1 -1 964 0.0564789
Chain
	Aln	9	-SRR33939694.52708/1 2 1469 1598 -edge_5_0_+disjointig_2_3588_44283 35267 36723 40695 -1 -1 964 0.0564789
Chain
	Aln	8	+SRR33939694.52352/1 145 6660 6662 +edge_5_0_+disjointig_2_3588_44283 34152 40692 40695 -1 -1 5752 0.0223856
Chain
	Aln	9	-SRR33939694.52352/1 1 6516 6662 -edge_5_0_+disjointig_2_3588_44283 2 6542 40695 -1 -1 5752 0.0223856
Chain
	Aln	8	+SRR33939694.52755/1 120 1899 1901 +edge_5_0_+disjointig_2_3588_44283 37246 39042 40695 -1 -1 1371 0.0455529
Chain
	Aln	9	-SRR33939694.52755/1 1 1780 1901 -edge_5_0_+disjointig_2_3588_44283 1652 3448 40695 -1 -1 1371 0.0455529
Chain
	Aln	8	+SRR33939694.52785/1 104 1294 1311 +edge_5_0_+disjointig_2_3588_44283 28104 29298 40695 -1 -1 1151 0.0151415
Chain
	Aln	9	-SRR33939694.52785/1 16 1206 1311 -edge_5_0_+disjointig_2_3588_44283 11396 12590 40695 -1 -1 1151 0.0151415
Chain
	Aln	9	+SRR33939694.52765/1 127 2739 2755 -edge_5_0_+disjointig_2_3588_44283 25132 27779 40695 -1 -1 2170 0.0302132
Chain
	Aln	8	-SRR33939694.52765/1 15 2627 2755 +edge_5_0_+disjointig_2_3588_44283 12915 15562 40695 -1 -1 2170 0.0302132
Chain
	Aln	9	+SRR33939694.52812/1 107 1514 1516 -edge_5_0_+disjointig_2_3588_44283 6195 7610 40695 -1 -1 1282 0.0199436
Chain
	Aln	8	-SRR33939694.52812/1 1 1408 1516 +edge_5_0_+disjointig_2_3588_44283 33084 34499 40695 -1 -1 1282 0.0199436
Chain
	Aln	9	+SRR33939694.52853/1 111 1794 1796 -edge_5_0_+disjointig_2_3588_44283 35226 36926 40695 -1 -1 1356 0.0402255
Chain
	Aln	8	-SRR33939694.52853/1 1 1684 1796 +edge_5_0_+disjointig_2_3588_44283 3768 5468 40695 -1 -1 1356 0.0402255
Chain
	Aln	8	+SRR33939694.52930/1 117 1499 1516 +edge_5_0_+disjointig_2_3588_44283 16863 18243 40695 -1 -1 1120 0.0304961
Chain
	Aln	9	-SRR33939694.52930/1 16 1398 1516 -edge_5_0_+disjointig_2_3588_44283 22451 23831 40695 -1 -1 1120 0.0304961
Chain
	Aln	8	+SRR33939694.52973/1 143 1173 1177 +edge_5_0_+disjointig_2_3588_44283 39333 40368 40695 -1 -1 950 0.0195908
Chain
	Aln	9	-SRR33939694.52973/1 3 1033 1177 -edge_5_0_+disjointig_2_3588_44283 326 1361 40695 -1 -1 950 0.0195908
Chain
	Aln	8	+SRR33939694.53011/1 123 1243 1254 +edge_5_0_+disjointig_2_3588_44283 7944 9067 40695 -1 -1 989 0.0290993
Chain
	Aln	9	-SRR33939694.53011/1 10 1130 1254 -edge_5_0_+disjointig_2_3588_44283 31627 32750 40695 -1 -1 989 0.0290993
Chain
	Aln	8	+SRR33939694.53033/1 182 1365 1425 +edge_5_0_+disjointig_2_3588_44283 1481 2658 40695 -1 -1 1096 0.0251181
Chain
	Aln	9	-SRR33939694.53033/1 59 1242 1425 -edge_5_0_+disjointig_2_3588_44283 38036 39213 40695 -1 -1 1096 0.0251181
Chain
	Aln	8	+SRR33939694.53058/1 138 1279 1281 +edge_5_0_+disjointig_2_3588_44283 13086 14227 40695 -1 -1 1035 0.0229917
Chain
	Aln	9	-SRR33939694.53058/1 1 1142 1281 -edge_5_0_+disjointig_2_3588_44283 26467 27608 40695 -1 -1 1035 0.0229917
Chain
	Aln	0	+SRR33939694.52868/1 224 4766 4769 +edge_1_0_+disjointig_1_0_20896 7895 12434 20896 -1 -1 3768 0.0288967
Chain
	Aln	1	-SRR33939694.52868/1 2 4544 4769 -edge_1_0_+disjointig_1_0_20896 8461 13000 20896 -1 -1 3768 0.0288967
Chain
	Aln	6	+SRR33939694.53034/1 177 2315 2317 +edge_4_0_+disjointig_1_22059_47419 15663 17888 25360 -1 -1 1599 0.0505562
Chain
	Aln	7	-SRR33939694.53034/1 1 2139 2317 -edge_4_0_+disjointig_1_22059_47419 7471 9696 25360 -1 -1 1599 0.0505562
Chain
	Aln	8	+SRR33939694.53071/1 314 1365 1370 +edge_5_0_+disjointig_2_3588_44283 1 1060 40695 -1 -1 995 0.0249636
Chain
	Aln	9	-SRR33939694.53071/1 4 1055 1370 -edge_5_0_+disjointig_2_3588_44283 39634 40693 40695 -1 -1 995 0.0249636
Chain
	Aln	8	+SRR33939694.53093/1 106 1153 1160 +edge_5_0_+disjointig_2_3588_44283 30627 31681 40695 -1 -1 980 0.0178703
Chain
	Aln	9	-SRR33939694.53093/1 6 1053 1160 -edge_5_0_+disjointig_2_3588_44283 9013 10067 40695 -1 -1 980 0.0178703
Chain
	Aln	8	+SRR33939694.53142/1 97 1447 1465 +edge_5_0_+disjointig_2_3588_44283 23108 24457 40695 -1 -1 1031 0.0420298
Chain
	Aln	9	-SRR33939694.53142/1 17 1367 1465 -edge_5_0_+disjointig_2_3588_44283 16237 17586 40695 -1 -1 1031 0.0420298
Chain
	Aln	9	+SRR33939694.53198/1 138 1342 1361 -edge_5_0_+disjointig_2_3588_44283 3907 5123 40695 -1 -1 958 0.0407079
Chain
	Aln	8	-SRR33939694.53198/1 18 1222 1361 +edge_5_0_+disjointig_2_3588_44283 35571 36787 40695 -1 -1 958 0.0407079
Chain
	Aln	8	+SRR33939694.53177/1 117 1197 1199 +edge_5_0_+disjointig_2_3588_44283 671 1755 40695 -1 -1 1045 0.00920153
Chain
	Aln	9	-SRR33939694.53177/1 1 1081 1199 -edge_5_0_+disjointig_2_3588_44283 38939 40023 40695 -1 -1 1045 0.00920153
Chain
	Aln	9	+SRR33939694.53185/1 118 1314 1426 -edge_5_0_+disjointig_2_3588_44283 33675 34868 40695 -1 -1 1113 0.0212113
Chain
	Aln	8	-SRR33939694.53185/1 111 1307 1426 +edge_5_0_+disjointig_2_3588_44283 5826 7019 40695 -1 -1 1113 0.0212113
Chain
	Aln	8	+SRR33939694.53276/1 117 1352 1354 +edge_5_0_+disjointig_2_3588_44283 24604 25853 40695 -1 -1 1131 0.0266566
Chain
	Aln	9	-SRR33939694.53276/1 1 1236 1354 -edge_5_0_+disjointig_2_3588_44283 14841 16090 40695 -1 -1 1131 0.0266566
Chain
	Aln	9	+SRR33939694.53206/1 110 1437 1440 -edge_5_0_+disjointig_2_3588_44283 5671 7006 40695 -1 -1 1257 0.015708
Chain
	Aln	8	-SRR33939694.53206/1 2 1329 1440 +edge_5_0_+disjointig_2_3588_44283 33688 35023 40695 -1 -1 1257 0.015708
Chain
	Aln	8	+SRR33939694.53231/1 115 1602 1605 +edge_5_0_+disjointig_2_3588_44283 33218 34708 40695 -1 -1 1333 0.0256708
Chain
	Aln	9	-SRR33939694.53231/1 2 1489 1605 -edge_5_0_+disjointig_2_3588_44283 5986 7476 40695 -1 -1 1333 0.0256708
Chain
	Aln	6	+SRR33939694.53000/1 351 8908 8910 +edge_4_0_+disjointig_1_22059_47419 5641 14338 25360 -1 -1 4944 0.0725907
Chain
	Aln	7	-SRR33939694.53000/1 1 8558 8910 -edge_4_0_+disjointig_1_22059_47419 11021 19718 25360 -1 -1 4944 0.0725907
Chain
	Aln	8	+SRR33939694.53256/1 108 2119 2122 +edge_5_0_+disjointig_2_3588_44283 2463 4475 40695 -1 -1 1729 0.0338705
Chain
	Aln	9	-SRR33939694.53256/1 2 2013 2122 -edge_5_0_+disjointig_2_3588_44283 36219 38231 40695 -1 -1 1729 0.0338705
Chain
	Aln	8	+SRR33939694.53376/1 115 1585 1587 +edge_5_0_+disjointig_2_3588_44283 1356 2824 40695 -1 -1 1378 0.0195592
Chain
	Aln	9	-SRR33939694.53376/1 1 1471 1587 -edge_5_0_+disjointig_2_3588_44283 37870 39338 40695 -1 -1 1378 0.0195592
Chain
	Aln	8	+SRR33939694.53494/1 105 1606 1608 +edge_5_0_+disjointig_2_3588_44283 11873 13381 40695 -1 -1 1236 0.0341447
Chain
	Aln	9	-SRR33939694.53494/1 1 1502 1608 -edge_5_0_+disjointig_2_3588_44283 27313 28821 40695 -1 -1 1236 0.0341447
Chain
	Aln	8	+SRR33939694.53645/1 121 1175 1178 +edge_5_0_+disjointig_2_3588_44283 25473 26545 40695 -1 -1 702 0.0642851
Chain
	Aln	9	-SRR33939694.53645/1 2 1056 1178 -edge_5_0_+disjointig_2_3588_44283 14149 15221 40695 -1 -1 702 0.0642851
Chain
	Aln	8	+SRR33939694.53625/1 125 1185 1187 +edge_5_0_+disjointig_2_3588_44283 34173 35238 40695 -1 -1 780 0.046569
Chain
	Aln	9	-SRR33939694.53625/1 1 1061 1187 -edge_5_0_+disjointig_2_3588_44283 5456 6521 40695 -1 -1 780 0.046569
Chain
	Aln	9	+SRR33939694.53656/1 121 1210 1214 -edge_5_0_+disjointig_2_3588_44283 1358 2450 40695 -1 -1 1009 0.0217212
Chain
	Aln	8	-SRR33939694.53656/1 3 1092 1214 +edge_5_0_+disjointig_2_3588_44283 38244 39336 40695 -1 -1 1009 0.0217212
Chain
	Aln	9	+SRR33939694.53604/1 109 1814 1834 -edge_5_0_+disjointig_2_3588_44283 27638 29353 40695 -1 -1 1381 0.0366335
Chain
	Aln	8	-SRR33939694.53604/1 19 1724 1834 +edge_5_0_+disjointig_2_3588_44283 11341 13056 40695 -1 -1 1381 0.0366335
Chain
	Aln	6	+SRR33939694.52183/1 891 17183 17185 +edge_4_0_+disjointig_1_22059_47419 3982 20297 25360 -1 -1 14139 0.0281259
Chain
	Aln	7	-SRR33939694.52183/1 1 16293 17185 -edge_4_0_+disjointig_1_22059_47419 5062 21377 25360 -1 -1 14139 0.0281259
Chain
	Aln	9	+SRR33939694.53753/1 109 1116 1118 -edge_5_0_+disjointig_2_3588_44283 29379 30395 40695 -1 -1 922 0.0205197
Chain
	Aln	8	-SRR33939694.53753/1 1 1008 1118 +edge_5_0_+disjointig_2_3588_44283 10299 11315 40695 -1 -1 922 0.0205197
Chain
	Aln	9	+SRR33939694.53881/1 100 1211 1213 -edge_5_0_+disjointig_2_3588_44283 3616 4747 40695 -1 -1 986 0.0232418
Chain
	Aln	8	-SRR33939694.53881/1 1 1112 1213 +edge_5_0_+disjointig_2_3588_44283 35947 37078 40695 -1 -1 986 0.0232418
Chain
	Aln	2	+SRR33939694.53813/1 591 1741 1868 +edge_2_1_+disjointig_2_2428_3588 7 1158 1160 -1 -1 1104 0.0111623
Chain
	Aln	3	-SRR33939694.53813/1 126 1276 1868 -edge_2_1_+disjointig_2_2428_3588 1 1152 1160 -1 -1 1104 0.0111623
Chain
	Aln	9	+SRR33939694.53894/1 113 1224 1226 -edge_5_0_+disjointig_2_3588_44283 14300 15417 40695 -1 -1 1074 0.0145
Chain
	Aln	8	-SRR33939694.53894/1 1 1112 1226 +edge_5_0_+disjointig_2_3588_44283 25277 26394 40695 -1 -1 1074 0.0145
Chain
	Aln	8	+SRR33939694.53933/1 152 2006 2010 +edge_5_0_+disjointig_2_3588_44283 37467 39326 40695 -1 -1 1582 0.0270714
Chain
	Aln	9	-SRR33939694.53933/1 3 1857 2010 -edge_5_0_+disjointig_2_3588_44283 1368 3227 40695 -1 -1 1582 0.0270714
Chain
	Aln	8	+SRR33939694.53961/1 109 1360 1366 +edge_5_0_+disjointig_2_3588_44283 36717 37955 40695 -1 -1 1076 0.038177
Chain
	Aln	9	-SRR33939694.53961/1 5 1256 1366 -edge_5_0_+disjointig_2_3588_44283 2739 3977 40695 -1 -1 1076 0.038177
Chain
	Aln	9	+SRR33939694.54018/1 111 1206 1208 -edge_5_0_+disjointig_2_3588_44283 8196 9293 40695 -1 -1 1020 0.021138
Chain
	Aln	8	-SRR33939694.54018/1 1 1096 1208 +edge_5_0_+disjointig_2_3588_44283 31401 32498 40695 -1 -1 1020 0.021138
Chain
	Aln	9	+SRR33939694.54025/1 113 1127 1131 -edge_5_0_+disjointig_2_3588_44283 22771 23784 40695 -1 -1 995 0.0073435
Chain
	Aln	8	-SRR33939694.54025/1 3 1017 1131 +edge_5_0_+disjointig_2_3588_44283 16910 17923 40695 -1 -1 995 0.0073435
Chain
	Aln	5	+SRR33939694.54143/1 112 1890 1892 -edge_3_0_-disjointig_2_41855_44283 434 2216 2428 -1 -1 1715 0.0147602
Chain
	Aln	4	-SRR33939694.54143/1 1 1779 1892 +edge_3_0_-disjointig_2_41855_44283 211 1993 2428 -1 -1 1715 0.0147602
Chain
	Aln	8	+SRR33939694.54193/1 111 1671 1680 +edge_5_0_+disjointig_2_3588_44283 30887 32423 40695 -1 -1 1186 0.043015
Chain
	Aln	9	-SRR33939694.54193/1 8 1568 1680 -edge_5_0_+disjointig_2_3588_44283 8271 9807 40695 -1 -1 1186 0.043015
Chain
	Aln	9	+SRR33939694.54251/1 107 1214 1217 -edge_5_0_+disjointig_2_3588_44283 4315 5435 40695 -1 -1 1012 0.0236019
Chain
	Aln	8	-SRR33939694.54251/1 2 1109 1217 +edge_5_0_+disjointig_2_3588_44283 35259 36379 40695 -1 -1 1012 0.0236019
Chain
	Aln	9	+SRR33939694.54242/1 110 1134 1136 -edge_5_0_+disjointig_2_3588_44283 33175 34194 40695 -1 -1 938 0.0229866
Chain
	Aln	8	-SRR33939694.54242/1 1 1025 1136 +edge_5_0_+disjointig_2_3588_44283 6500 7519 40695 -1 -1 938 0.0229866
Chain
	Aln	9	+SRR33939694.54046/1 106 2378 2387 -edge_5_0_+disjointig_2_3588_44283 24118 26387 40695 -1 -1 2004 0.0278309
Chain
	Aln	8	-SRR33939694.54046/1 8 2280 2387 +edge_5_0_+disjointig_2_3588_44283 14307 16576 40695 -1 -1 2004 0.0278309
Chain
	Aln	9	+SRR33939694.54227/1 106 2696 2704 -edge_5_0_+disjointig_2_3588_44283 31195 33791 40695 -1 -1 2332 0.0278179
Chain
	Aln	8	-SRR33939694.54227/1 7 2597 2704 +edge_5_0_+disjointig_2_3588_44283 6903 9499 40695 -1 -1 2332 0.0278179
Chain
	Aln	9	+SRR33939694.54346/1 114 1164 1179 -edge_5_0_+disjointig_2_3588_44283 11543 12599 40695 -1 -1 1007 0.0164868
Chain
	Aln	8	-SRR33939694.54346/1 14 1064 1179 +edge_5_0_+disjointig_2_3588_44283 28095 29151 40695 -1 -1 1007 0.0164868
Chain
	Aln	8	+SRR33939694.54373/1 114 1158 1160 +edge_5_0_+disjointig_2_3588_44283 6294 7344 40695 -1 -1 962 0.022456
Chain
	Aln	9	-SRR33939694.54373/1 1 1045 1160 -edge_5_0_+disjointig_2_3588_44283 33350 34400 40695 -1 -1 962 0.022456
Chain
	Aln	9	+SRR33939694.54349/1 111 1435 1443 -edge_5_0_+disjointig_2_3588_44283 9960 11288 40695 -1 -1 1261 0.0169161
Chain
	Aln	8	-SRR33939694.54349/1 7 1331 1443 +edge_5_0_+disjointig_2_3588_44283 29406 30734 40695 -1 -1 1261 0.0169161
Chain
	Aln	9	+SRR33939694.54440/1 112 1292 1294 -edge_5_0_+disjointig_2_3588_44283 7219 8409 40695 -1 -1 1147 0.0166268
Chain
	Aln	8	-SRR33939694.54440/1 1 1181 1294 +edge_5_0_+disjointig_2_3588_44283 32285 33475 40695 -1 -1 1147 0.0166268
Chain
	Aln	9	+SRR33939694.54425/1 118 2141 2143 -edge_5_0_+disjointig_2_3588_44283 11998 14014 40695 -1 -1 1453 0.0425089
Chain
	Aln	8	-SRR33939694.54425/1 1 2024 2143 +edge_5_0_+disjointig_2_3588_44283 26680 28696 40695 -1 -1 1453 0.0425089
Chain
	Aln	8	+SRR33939694.54481/1 110 1263 1265 +edge_5_0_+disjointig_2_3588_44283 899 2057 40695 -1 -1 1145 0.00891761
Chain
	Aln	9	-SRR33939694.54481/1 1 1154 1265 -edge_5_0_+disjointig_2_3588_44283 38637 39795 40695 -1 -1 1145 0.00891761
Chain
	Aln	9	+SRR33939694.54518/1 111 1539 1541 -edge_5_0_+disjointig_2_3588_44283 22982 24415 40695 -1 -1 1091 0.0307267
Chain
	Aln	8	-SRR33939694.54518/1 1 1429 1541 +edge_5_0_+disjointig_2_3588_44283 16279 17712 40695 -1 -1 1091 0.0307267
Chain
	Aln	8	+SRR33939694.54470/1 114 2993 2995 +edge_5_0_+disjointig_2_3588_44283 36665 39565 40695 -1 -1 2704 0.0186696
Chain
	Aln	9	-SRR33939694.54470/1 1 2880 2995 -edge_5_0_+disjointig_2_3588_44283 1129 4029 40695 -1 -1 2704 0.0186696
Chain
	Aln	9	+SRR33939694.54668/1 117 1189 1196 -edge_5_0_+disjointig_2_3588_44283 18599 19677 40695 -1 -1 911 0.0244991
Chain
	Aln	8	-SRR33939694.54668/1 6 1078 1196 +edge_5_0_+disjointig_2_3588_44283 21017 22095 40695 -1 -1 911 0.0244991
Chain
	Aln	4	+SRR33939694.54582/1 109 1268 1272 +edge_3_0_-disjointig_2_41855_44283 681 1842 2428 -1 -1 1104 0.0148482
Chain
	Aln	5	-SRR33939694.54582/1 3 1162 1272 -edge_3_0_-disjointig_2_41855_44283 585 1746 2428 -1 -1 1104 0.0148482
Chain
	Aln	8	+SRR33939694.54653/1 110 1936 1938 +edge_5_0_+disjointig_2_3588_44283 18851 20681 40695 -1 -1 1746 0.0145664
Chain
	Aln	9	-SRR33939694.54653/1 1 1827 1938 -edge_5_0_+disjointig_2_3588_44283 20013 21843 40695 -1 -1 1746 0.0145664
Chain
	Aln	9	+SRR33939694.54555/1 125 2313 2315 -edge_5_0_+disjointig_2_3588_44283 4405 6605 40695 -1 -1 1905 0.028792
Chain
	Aln	8	-SRR33939694.54555/1 1 2189 2315 +edge_5_0_+disjointig_2_3588_44283 34089 36289 40695 -1 -1 1905 0.028792
Chain
	Aln	9	+SRR33939694.54671/1 117 1369 1397 -edge_5_0_+disjointig_2_3588_44283 5258 6513 40695 -1 -1 1175 0.0223043
Chain
	Aln	8	-SRR33939694.54671/1 27 1279 1397 +edge_5_0_+disjointig_2_3588_44283 34181 35436 40695 -1 -1 1175 0.0223043
Chain
	Aln	7	+SRR33939694.54579/1 209 1649 1651 -edge_4_0_+disjointig_1_22059_47419 21650 23108 25360 -1 -1 1316 0.0243937
Chain
	Aln	6	-SRR33939694.54579/1 1 1441 1651 +edge_4_0_+disjointig_1_22059_47419 2251 3709 25360 -1 -1 1316 0.0243937
Chain
	Aln	9	+SRR33939694.54758/1 121 1215 1232 -edge_5_0_+disjointig_2_3588_44283 37563 38676 40695 -1 -1 905 0.0372693
Chain
	Aln	8	-SRR33939694.54758/1 16 1110 1232 +edge_5_0_+disjointig_2_3588_44283 2018 3131 40695 -1 -1 905 0.0372693
Chain
	Aln	9	+SRR33939694.54736/1 128 1220 1225 -edge_5_0_+disjointig_2_3588_44283 26505 27611 40695 -1 -1 997 0.0242125
Chain
	Aln	8	-SRR33939694.54736/1 4 1096 1225 +edge_5_0_+disjointig_2_3588_44283 13083 14189 40695 -1 -1 997 0.0242125
Chain
	Aln	9	+SRR33939694.54781/1 107 1200 1202 -edge_5_0_+disjointig_2_3588_44283 9055 10147 40695 -1 -1 1063 0.0169109
Chain
	Aln	8	-SRR33939694.54781/1 1 1094 1202 +edge_5_0_+disjointig_2_3588_44283 30547 31639 40695 -1 -1 1063 0.0169109
Chain
	Aln	8	+SRR33939694.54818/1 115 1167 1169 +edge_5_0_+disjointig_2_3588_44283 38028 39082 40695 -1 -1 1047 0.00685597
Chain
	Aln	9	-SRR33939694.54818/1 1 1053 1169 -edge_5_0_+disjointig_2_3588_44283 1612 2666 40695 -1 -1 1047 0.00685597
Chain
	Aln	8	+SRR33939694.54863/1 112 1427 1433 +edge_5_0_+disjointig_2_3588_44283 933 2253 40695 -1 -1 1253 0.0131721
Chain
	Aln	9	-SRR33939694.54863/1 5 1320 1433 -edge_5_0_+disjointig_2_3588_44283 38441 39761 40695 -1 -1 1253 0.0131721
Chain
	Aln	9	+SRR33939694.54894/1 108 1345 1361 -edge_5_0_+disjointig_2_3588_44283 32775 34019 40695 -1 -1 1140 0.0211727
Chain
	Aln	8	-SRR33939694.54894/1 15 1252 1361 +edge_5_0_+disjointig_2_3588_44283 6675 7919 40695 -1 -1 1140 0.0211727
Chain
	Aln	9	+SRR33939694.54836/1 118 1803 1805 -edge_5_0_+disjointig_2_3588_44283 1142 2834 40695 -1 -1 1469 0.0271661
Chain
	Aln	8	-SRR33939694.54836/1 1 1686 1805 +edge_5_0_+disjointig_2_3588_44283 37860 39552 40695 -1 -1 1469 0.0271661
Chain
	Aln	8	+SRR33939694.54982/1 117 1179 1195 +edge_5_0_+disjointig_2_3588_44283 3844 4916 40695 -1 -1 1003 0.0177416
Chain
	Aln	9	-SRR33939694.54982/1 15 1077 1195 -edge_5_0_+disjointig_2_3588_44283 35778 36850 40695 -1 -1 1003 0.0177416
Chain
	Aln	8	+SRR33939694.55117/1 122 1347 1363 +edge_5_0_+disjointig_2_3588_44283 9744 10989 40695 -1 -1 1051 0.0324763
Chain
	Aln	9	-SRR33939694.55117/1 15 1240 1363 -edge_5_0_+disjointig_2_3588_44283 29705 30950 40695 -1 -1 1051 0.0324763
Chain
	Aln	9	+SRR33939694.55141/1 110 1403 1407 -edge_5_0_+disjointig_2_3588_44283 33269 34589 40695 -1 -1 848 0.0572749
Chain
	Aln	8	-SRR33939694.55141/1 3 1296 1407 +edge_5_0_+disjointig_2_3588_44283 6105 7425 40695 -1 -1 848 0.0572749
Chain
	Aln	8	+SRR33939694.55137/1 109 1183 1185 +edge_5_0_+disjointig_2_3588_44283 10988 12081 40695 -1 -1 1040 0.0200833
Chain
	Aln	9	-SRR33939694.55137/1 1 1075 1185 -edge_5_0_+disjointig_2_3588_44283 28613 29706 40695 -1 -1 1040 0.0200833
Chain
	Aln	9	+SRR33939694.55053/1 115 1866 1878 -edge_5_0_+disjointig_2_3588_44283 35290 37042 40695 -1 -1 1691 0.0112668
Chain
	Aln	8	-SRR33939694.55053/1 11 1762 1878 +edge_5_0_+disjointig_2_3588_44283 3652 5404 40695 -1 -1 1691 0.0112668
Chain
	Aln	9	+SRR33939694.55245/1 104 1192 1194 -edge_5_0_+disjointig_2_3588_44283 22854 23937 40695 -1 -1 1048 0.0128178
Chain
	Aln	8	-SRR33939694.55245/1 1 1089 1194 +edge_5_0_+disjointig_2_3588_44283 16757 17840 40695 -1 -1 1048 0.0128178
Chain
	Aln	9	+SRR33939694.55220/1 117 2215 2219 -edge_5_0_+disjointig_2_3588_44283 23839 25955 40695 -1 -1 1919 0.022534
Chain
	Aln	8	-SRR33939694.55220/1 3 2101 2219 +edge_5_0_+disjointig_2_3588_44283 14739 16855 40695 -1 -1 1919 0.022534
Chain
	Aln	3	+SRR33939694.55376/1 111 1113 1228 -edge_2_1_+disjointig_2_2428_3588 159 1159 1160 -1 -1 881 0.0283619
Chain
	Aln	2	-SRR33939694.55376/1 114 1116 1228 +edge_2_1_+disjointig_2_2428_3588 0 1000 1160 -1 -1 881 0.0283619
Chain
	Aln	9	+SRR33939694.55451/1 124 1563 1588 -edge_5_0_+disjointig_2_3588_44283 28984 30417 40695 -1 -1 1194 0.0287961
Chain
	Aln	8	-SRR33939694.55451/1 24 1463 1588 +edge_5_0_+disjointig_2_3588_44283 10277 11710 40695 -1 -1 1194 0.0287961
Chain
	Aln	9	+SRR33939694.55531/1 111 1144 1195 -edge_5_0_+disjointig_2_3588_44283 27269 28305 40695 -1 -1 762 0.0503079
Chain
	Aln	8	-SRR33939694.55531/1 50 1083 1195 +edge_5_0_+disjointig_2_3588_44283 12389 13425 40695 -1 -1 762 0.0503079
Chain
	Aln	9	+SRR33939694.55632/1 107 1243 1246 -edge_5_0_+disjointig_2_3588_44283 38849 40001 40695 -1 -1 1030 0.0312911
Chain
	Aln	8	-SRR33939694.55632/1 2 1138 1246 +edge_5_0_+disjointig_2_3588_44283 693 1845 40695 -1 -1 1030 0.0312911
Chain
	Aln	9	+SRR33939694.55635/1 115 1171 1174 -edge_5_0_+disjointig_2_3588_44283 13825 14884 40695 -1 -1 978 0.0166537
Chain
	Aln	8	-SRR33939694.55635/1 2 1058 1174 +edge_5_0_+disjointig_2_3588_44283 25810 26869 40695 -1 -1 978 0.0166537
Chain
	Aln	8	+SRR33939694.55705/1 111 1318 1320 +edge_5_0_+disjointig_2_3588_44283 2297 3525 40695 -1 -1 897 0.0420647
Chain
	Aln	9	-SRR33939694.55705/1 1 1208 1320 -edge_5_0_+disjointig_2_3588_44283 37169 38397 40695 -1 -1 897 0.0420647
Chain
	Aln	8	+SRR33939694.55764/1 115 1411 1439 +edge_5_0_+disjointig_2_3588_44283 3442 4751 40695 -1 -1 1055 0.0332476
Chain
	Aln	9	-SRR33939694.55764/1 27 1323 1439 -edge_5_0_+disjointig_2_3588_44283 35943 37252 40695 -1 -1 1055 0.0332476
Chain
	Aln	8	+SRR33939694.55175/1 123 7524 7526 +edge_5_0_+disjointig_2_3588_44283 16562 24012 40695 -1 -1 6691 0.0230518
Chain
	Aln	9	-SRR33939694.55175/1 1 7402 7526 -edge_5_0_+disjointig_2_3588_44283 16682 24132 40695 -1 -1 6691 0.0230518
Chain
	Aln	8	+SRR33939694.55809/1 113 1272 1274 +edge_5_0_+disjointig_2_3588_44283 10686 11847 40695 -1 -1 1029 0.0234822
Chain
	Aln	9	-SRR33939694.55809/1 1 1160 1274 -edge_5_0_+disjointig_2_3588_44283 28847 30008 40695 -1 -1 1029 0.0234822
Chain
	Aln	9	+SRR33939694.55814/1 112 1403 1406 -edge_5_0_+disjointig_2_3588_44283 21082 22382 40695 -1 -1 1213 0.0147824
Chain
	Aln	8	-SRR33939694.55814/1 2 1293 1406 +edge_5_0_+disjointig_2_3588_44283 18312 19612 40695 -1 -1 1213 0.0147824
Chain
	Aln	8	+SRR33939694.55780/1 117 1282 1284 +edge_5_0_+disjointig_2_3588_44283 31869 33045 40695 -1 -1 1031 0.0234115
Chain
	Aln	9	-SRR33939694.55780/1 1 1166 1284 -edge_5_0_+disjointig_2_3588_44283 7649 8825 40695 -1 -1 1031 0.0234115
Chain
	Aln	5	+SRR33939694.55849/1 142 1217 1219 -edge_3_0_-disjointig_2_41855_44283 378 1459 2428 -1 -1 725 0.0554056
Chain
	Aln	4	-SRR33939694.55849/1 1 1076 1219 +edge_3_0_-disjointig_2_41855_44283 968 2049 2428 -1 -1 725 0.0554056
Chain
	Aln	9	+SRR33939694.55961/1 116 1806 1822 -edge_5_0_+disjointig_2_3588_44283 14856 16546 40695 -1 -1 1579 0.0129737
Chain
	Aln	8	-SRR33939694.55961/1 15 1705 1822 +edge_5_0_+disjointig_2_3588_44283 24148 25838 40695 -1 -1 1579 0.0129737
Chain
	Aln	8	+SRR33939694.56027/1 113 2223 2228 +edge_5_0_+disjointig_2_3588_44283 28414 30525 40695 -1 -1 1990 0.0152174
Chain
	Aln	9	-SRR33939694.56027/1 4 2114 2228 -edge_5_0_+disjointig_2_3588_44283 10169 12280 40695 -1 -1 1990 0.0152174
Chain
	Aln	9	+SRR33939694.56049/1 109 2128 2154 -edge_5_0_+disjointig_2_3588_44283 6938 8980 40695 -1 -1 1805 0.0285695
Chain
	Aln	8	-SRR33939694.56049/1 25 2044 2154 +edge_5_0_+disjointig_2_3588_44283 31714 33756 40695 -1 -1 1805 0.0285695
Chain
	Aln	9	+SRR33939694.56092/1 109 1621 1623 -edge_5_0_+disjointig_2_3588_44283 7047 8571 40695 -1 -1 1462 0.0152328
Chain
	Aln	8	-SRR33939694.56092/1 1 1513 1623 +edge_5_0_+disjointig_2_3588_44283 32123 33647 40695 -1 -1 1462 0.0152328
Chain
	Aln	8	+SRR33939694.56115/1 108 1152 1169 +edge_5_0_+disjointig_2_3588_44283 17299 18354 40695 -1 -1 778 0.0482529
Chain
	Aln	9	-SRR33939694.56115/1 16 1060 1169 -edge_5_0_+disjointig_2_3588_44283 22340 23395 40695 -1 -1 778 0.0482529
Chain
	Aln	9	+SRR33939694.56118/1 108 1249 1251 -edge_5_0_+disjointig_2_3588_44283 16977 18124 40695 -1 -1 1012 0.0280659
Chain
	Aln	8	-SRR33939694.56118/1 1 1142 1251 +edge_5_0_+disjointig_2_3588_44283 22570 23717 40695 -1 -1 1012 0.0280659
Chain
	Aln	8	+SRR33939694.56155/1 134 1345 1393 +edge_5_0_+disjointig_2_3588_44283 4633 5848 40695 -1 -1 1121 0.0279217
Chain
	Aln	9	-SRR33939694.56155/1 47 1258 1393 -edge_5_0_+disjointig_2_3588_44283 34846 36061 40695 -1 -1 1121 0.0279217
Chain
	Aln	9	+SRR33939694.56116/1 130 2515 2517 -edge_5_0_+disjointig_2_3588_44283 3145 5515 40695 -1 -1 2139 0.0202323
Chain
	Aln	8	-SRR33939694.56116/1 1 2386 2517 +edge_5_0_+disjointig_2_3588_44283 35179 37549 40695 -1 -1 2139 0.0202323
Chain
	Aln	1	+SRR33939694.56141/1 808 2367 2379 -edge_1_0_+disjointig_1_0_20896 10783 12330 20896 -1 -1 1376 0.0250054
Chain
	Aln	0	-SRR33939694.56141/1 11 1570 2379 +edge_1_0_+disjointig_1_0_20896 8565 10112 20896 -1 -1 1376 0.0250054
Chain
	Aln	9	+SRR33939694.56240/1 113 1125 1129 -edge_5_0_+disjointig_2_3588_44283 31472 32472 40695 -1 -1 916 0.0159343
Chain
	Aln	8	-SRR33939694.56240/1 3 1015 1129 +edge_5_0_+disjointig_2_3588_44283 8222 9222 40695 -1 -1 916 0.0159343
Chain
	Aln	8	+SRR33939694.56307/1 132 1140 1153 +edge_5_0_+disjointig_2_3588_44283 27416 28434 40695 -1 -1 933 0.0208824
Chain
	Aln	9	-SRR33939694.56307/1 12 1020 1153 -edge_5_0_+disjointig_2_3588_44283 12260 13278 40695 -1 -1 933 0.0208824
Chain
	Aln	8	+SRR33939694.56259/1 138 1209 1220 +edge_5_0_+disjointig_2_3588_44283 29498 30579 40695 -1 -1 1007 0.0172757
Chain
	Aln	9	-SRR33939694.56259/1 10 1081 1220 -edge_5_0_+disjointig_2_3588_44283 10115 11196 40695 -1 -1 1007 0.0172757
Chain
	Aln	9	+SRR33939694.56254/1 106 1820 1822 -edge_5_0_+disjointig_2_3588_44283 8269 9963 40695 -1 -1 1274 0.0298917
Chain
	Aln	8	-SRR33939694.56254/1 1 1715 1822 +edge_5_0_+disjointig_2_3588_44283 30731 32425 40695 -1 -1 1274 0.0298917
Chain
	Aln	8	+SRR33939694.56342/1 108 1180 1192 +edge_5_0_+disjointig_2_3588_44283 37621 38716 40695 -1 -1 748 0.0510792
Chain
	Aln	9	-SRR33939694.56342/1 11 1083 1192 -edge_5_0_+disjointig_2_3588_44283 1978 3073 40695 -1 -1 748 0.0510792
Chain
	Aln	9	+SRR33939694.56312/1 114 1221 1228 -edge_5_0_+disjointig_2_3588_44283 19147 20243 40695 -1 -1 1050 0.0141737
Chain
	Aln	8	-SRR33939694.56312/1 6 1113 1228 +edge_5_0_+disjointig_2_3588_44283 20451 21547 40695 -1 -1 1050 0.0141737
Chain
	Aln	9	+SRR33939694.56350/1 118 1188 1213 -edge_5_0_+disjointig_2_3588_44283 28872 29946 40695 -1 -1 822 0.0487979
Chain
	Aln	8	-SRR33939694.56350/1 24 1094 1213 +edge_5_0_+disjointig_2_3588_44283 10748 11822 40695 -1 -1 822 0.0487979
Chain
	Aln	9	+SRR33939694.56345/1 121 1713 1716 -edge_5_0_+disjointig_2_3588_44283 35213 36820 40695 -1 -1 1396 0.0321075
Chain
	Aln	8	-SRR33939694.56345/1 2 1594 1716 +edge_5_0_+disjointig_2_3588_44283 3874 5481 40695 -1 -1 1396 0.0321075
Chain
	Aln	9	+SRR33939694.56325/1 113 2692 2694 -edge_5_0_+disjointig_2_3588_44283 27828 30411 40695 -1 -1 1972 0.0429122
Chain
	Aln	8	-SRR33939694.56325/1 1 2580 2694 +edge_5_0_+disjointig_2_3588_44283 10283 12866 40695 -1 -1 1972 0.0429122
Chain
	Aln	8	+SRR33939694.56456/1 165 1198 1200 +edge_5_0_+disjointig_2_3588_44283 22993 24030 40695 -1 -1 658 0.0580669
Chain
	Aln	9	-SRR33939694.56456/1 1 1034 1200 -edge_5_0_+disjointig_2_3588_44283 16664 17701 40695 -1 -1 658 0.0580669
Chain
	Aln	9	+SRR33939694.56510/1 115 1201 1203 -edge_5_0_+disjointig_2_3588_44283 16676 17752 40695 -1 -1 899 0.0349342
Chain
	Aln	8	-SRR33939694.56510/1 1 1087 1203 +edge_5_0_+disjointig_2_3588_44283 22942 24018 40695 -1 -1 899 0.0349342
Chain
	Aln	8	+SRR33939694.56586/1 133 1224 1229 +edge_5_0_+disjointig_2_3588_44283 15069 16179 40695 -1 -1 944 0.0279006
Chain
	Aln	9	-SRR33939694.56586/1 4 1095 1229 -edge_5_0_+disjointig_2_3588_44283 24515 25625 40695 -1 -1 944 0.0279006
Chain
	Aln	9	+SRR33939694.56492/1 124 1867 1875 -edge_5_0_+disjointig_2_3588_44283 26082 27829 40695 -1 -1 1643 0.0126663
Chain
	Aln	8	-SRR33939694.56492/1 7 1750 1875 +edge_5_0_+disjointig_2_3588_44283 12865 14612 40695 -1 -1 1643 0.0126663
Chain
	Aln	8	+SRR33939694.56451/1 116 1965 1984 +edge_5_0_+disjointig_2_3588_44283 18079 19926 40695 -1 -1 1636 0.0290572
Chain
	Aln	9	-SRR33939694.56451/1 18 1867 1984 -edge_5_0_+disjointig_2_3588_44283 20768 22615 40695 -1 -1 1636 0.0290572
Chain
	Aln	9	+SRR33939694.56595/1 122 1367 1371 -edge_5_0_+disjointig_2_3588_44283 24960 26205 40695 -1 -1 1134 0.0146773
Chain
	Aln	8	-SRR33939694.56595/1 3 1248 1371 +edge_5_0_+disjointig_2_3588_44283 14489 15734 40695 -1 -1 1134 0.0146773
Chain
	Aln	9	+SRR33939694.56621/1 113 1143 1145 -edge_5_0_+disjointig_2_3588_44283 38484 39524 40695 -1 -1 960 0.0153677
Chain
	Aln	8	-SRR33939694.56621/1 1 1031 1145 +edge_5_0_+disjointig_2_3588_44283 1170 2210 40695 -1 -1 960 0.0153677
Chain
	Aln	7	+SRR33939694.56617/1 216 1407 1409 -edge_4_0_+disjointig_1_22059_47419 1196 2391 25360 -1 -1 1184 0.00610487
Chain
	Aln	6	-SRR33939694.56617/1 1 1192 1409 +edge_4_0_+disjointig_1_22059_47419 22968 24163 25360 -1 -1 1184 0.00610487
Chain
	Aln	8	+SRR33939694.56625/1 109 1350 1377 +edge_5_0_+disjointig_2_3588_44283 6437 7678 40695 -1 -1 1044 0.0330311
Chain
	Aln	9	-SRR33939694.56625/1 26 1267 1377 -edge_5_0_+disjointig_2_3588_44283 33016 34257 40695 -1 -1 1044 0.0330311
Chain
	Aln	8	+SRR33939694.56750/1 105 1693 1696 +edge_5_0_+disjointig_2_3588_44283 38283 39872 40695 -1 -1 1500 0.0145224
Chain
	Aln	9	-SRR33939694.56750/1 2 1590 1696 -edge_5_0_+disjointig_2_3588_44283 822 2411 40695 -1 -1 1500 0.0145224
Chain
	Aln	9	+SRR33939694.56753/1 110 1124 1126 -edge_5_0_+disjointig_2_3588_44283 17515 18545 40695 -1 -1 940 0.0204279
Chain
	Aln	8	-SRR33939694.56753/1 1 1015 1126 +edge_5_0_+disjointig_2_3588_44283 22149 23179 40695 -1 -1 940 0.0204279
Chain
	Aln	8	+SRR33939694.56650/1 110 1272 1451 +edge_5_0_+disjointig_2_3588_44283 838 2010 40695 -1 -1 1036 0.0299998
Chain
	Aln	9	-SRR33939694.56650/1 178 1340 1451 -edge_5_0_+disjointig_2_3588_44283 38684 39856 40695 -1 -1 1036 0.0299998
Chain
	Aln	8	+SRR33939694.56719/1 113 1464 1466 +edge_5_0_+disjointig_2_3588_44283 27686 29036 40695 -1 -1 1259 0.0160069
Chain
	Aln	9	-SRR33939694.56719/1 1 1352 1466 -edge_5_0_+disjointig_2_3588_44283 11658 13008 40695 -1 -1 1259 0.0160069
Chain
	Aln	7	+SRR33939694.56801/1 246 1786 1788 -edge_4_0_+disjointig_1_22059_47419 6425 7962 25360 -1 -1 1462 0.0180922
Chain
	Aln	6	-SRR33939694.56801/1 1 1541 1788 +edge_4_0_+disjointig_1_22059_47419 17397 18934 25360 -1 -1 1462 0.0180922
Chain
	Aln	0	+SRR33939694.56756/1 374 2251 2253 +edge_1_0_+disjointig_1_0_20896 9070 10967 20896 -1 -1 1230 0.0452511
Chain
	Aln	1	-SRR33939694.56756/1 1 1878 2253 -edge_1_0_+disjointig_1_0_20896 9928 11825 20896 -1 -1 1230 0.0452511
Chain
	Aln	9	+SRR33939694.56930/1 111 1228 1239 -edge_5_0_+disjointig_2_3588_44283 2902 4008 40695 -1 -1 1011 0.0240758
Chain
	Aln	8	-SRR33939694.56930/1 10 1127 1239 +edge_5_0_+disjointig_2_3588_44283 36686 37792 40695 -1 -1 1011 0.0240758
Chain
	Aln	9	+SRR33939694.56846/1 112 1353 1359 -edge_5_0_+disjointig_2_3588_44283 3459 4707 40695 -1 -1 1033 0.0383066
Chain
	Aln	8	-SRR33939694.56846/1 5 1246 1359 +edge_5_0_+disjointig_2_3588_44283 35987 37235 40695 -1 -1 1033 0.0383066
Chain
	Aln	8	+SRR33939694.56952/1 113 1147 1151 +edge_5_0_+disjointig_2_3588_44283 5633 6679 40695 -1 -1 863 0.0334182
Chain
	Aln	9	-SRR33939694.56952/1 3 1037 1151 -edge_5_0_+disjointig_2_3588_44283 34015 35061 40695 -1 -1 863 0.0334182
Chain
	Aln	9	+SRR33939694.56880/1 105 1386 1408 -edge_5_0_+disjointig_2_3588_44283 22224 23512 40695 -1 -1 1213 0.0121205
Chain
	Aln	8	-SRR33939694.56880/1 21 1302 1408 +edge_5_0_+disjointig_2_3588_44283 17182 18470 40695 -1 -1 1213 0.0121205
Chain
	Aln	8	+SRR33939694.56974/1 118 1145 1162 +edge_5_0_+disjointig_2_3588_44283 7913 8947 40695 -1 -1 858 0.0436234
Chain
	Aln	9	-SRR33939694.56974/1 16 1043 1162 -edge_5_0_+disjointig_2_3588_44283 31747 32781 40695 -1 -1 858 0.0436234
Chain
	Aln	8	+SRR33939694.56991/1 112 1293 1295 +edge_5_0_+disjointig_2_3588_44283 8723 9906 40695 -1 -1 1032 0.0215654
Chain
	Aln	9	-SRR33939694.56991/1 1 1182 1295 -edge_5_0_+disjointig_2_3588_44283 30788 31971 40695 -1 -1 1032 0.0215654
Chain
	Aln	9	+SRR33939694.57066/1 111 1208 1211 -edge_5_0_+disjointig_2_3588_44283 23090 24184 40695 -1 -1 1024 0.0159876
Chain
	Aln	8	-SRR33939694.57066/1 2 1099 1211 +edge_5_0_+disjointig_2_3588_44283 16510 17604 40695 -1 -1 1024 0.0159876
Chain
	Aln	8	+SRR33939694.57061/1 114 2065 2083 +edge_5_0_+disjointig_2_3588_44283 33019 34975 40695 -1 -1 1839 0.016338
Chain
	Aln	9	-SRR33939694.57061/1 17 1968 2083 -edge_5_0_+disjointig_2_3588_44283 5719 7675 40695 -1 -1 1839 0.016338
Chain
	Aln	9	+SRR33939694.57191/1 108 1265 1267 -edge_5_0_+disjointig_2_3588_44283 13958 15091 40695 -1 -1 818 0.0487008
Chain
	Aln	8	-SRR33939694.57191/1 1 1158 1267 +edge_5_0_+disjointig_2_3588_44283 25603 26736 40695 -1 -1 818 0.0487008
Chain
	Aln	9	+SRR33939694.57099/1 112 1472 1474 -edge_5_0_+disjointig_2_3588_44283 15738 17092 40695 -1 -1 1270 0.0172041
Chain
	Aln	8	-SRR33939694.57099/1 1 1361 1474 +edge_5_0_+disjointig_2_3588_44283 23602 24956 40695 -1 -1 1270 0.0172041
Chain
	Aln	8	+SRR33939694.57228/1 108 1169 1171 +edge_5_0_+disjointig_2_3588_44283 16148 17154 40695 -1 -1 798 0.029212
Chain
	Aln	9	-SRR33939694.57228/1 1 1062 1171 -edge_5_0_+disjointig_2_3588_44283 23540 24546 40695 -1 -1 798 0.029212
Chain
	Aln	8	+SRR33939694.57219/1 109 1372 1385 +edge_5_0_+disjointig_2_3588_44283 29813 31076 40695 -1 -1 1074 0.0397379
Chain
	Aln	9	-SRR33939694.57219/1 12 1275 1385 -edge_5_0_+disjointig_2_3588_44283 9618 10881 40695 -1 -1 1074 0.0397379
Chain
	Aln	9	+SRR33939694.57251/1 116 1242 1245 -edge_5_0_+disjointig_2_3588_44283 2701 3847 40695 -1 -1 969 0.0371236
Chain
	Aln	8	-SRR33939694.57251/1 2 1128 1245 +edge_5_0_+disjointig_2_3588_44283 36847 37993 40695 -1 -1 969 0.0371236
Chain
	Aln	9	+SRR33939694.57035/1 118 2073 2075 -edge_5_0_+disjointig_2_3588_44283 35309 37263 40695 -1 -1 1837 0.0157935
Chain
	Aln	8	-SRR33939694.57035/1 1 1956 2075 +edge_5_0_+disjointig_2_3588_44283 3431 5385 40695 -1 -1 1837 0.0157935
Chain
	Aln	8	+SRR33939694.57306/1 112 1313 1315 +edge_5_0_+disjointig_2_3588_44283 12401 13604 40695 -1 -1 1150 0.0153922
Chain
	Aln	9	-SRR33939694.57306/1 1 1202 1315 -edge_5_0_+disjointig_2_3588_44283 27090 28293 40695 -1 -1 1150 0.0153922
Chain
	Aln	8	+SRR33939694.57322/1 109 1276 1278 +edge_5_0_+disjointig_2_3588_44283 12106 13268 40695 -1 -1 1130 0.0111147
Chain
	Aln	9	-SRR33939694.57322/1 1 1168 1278 -edge_5_0_+disjointig_2_3588_44283 27426 28588 40695 -1 -1 1130 0.0111147
Chain
	Aln	8	+SRR33939694.57327/1 117 1575 1608 +edge_5_0_+disjointig_2_3588_44283 18007 19465 40695 -1 -1 1367 0.0165084
Chain
	Aln	9	-SRR33939694.57327/1 32 1490 1608 -edge_5_0_+disjointig_2_3588_44283 21229 22687 40695 -1 -1 1367 0.0165084
Chain
	Aln	9	+SRR33939694.57255/1 116 1917 1920 -edge_5_0_+disjointig_2_3588_44283 30379 32203 40695 -1 -1 1674 0.0272217
Chain
	Aln	8	-SRR33939694.57255/1 2 1803 1920 +edge_5_0_+disjointig_2_3588_44283 8491 10315 40695 -1 -1 1674 0.0272217
Chain
	Aln	9	+SRR33939694.57394/1 125 1271 1292 -edge_5_0_+disjointig_2_3588_44283 25075 26232 40695 -1 -1 868 0.0367275
Chain
	Aln	8	-SRR33939694.57394/1 20 1166 1292 +edge_5_0_+disjointig_2_3588_44283 14462 15619 40695 -1 -1 868 0.0367275
Chain
	Aln	9	+SRR33939694.57440/1 112 1311 1313 -edge_5_0_+disjointig_2_3588_44283 7045 8256 40695 -1 -1 1106 0.0234464
Chain
	Aln	8	-SRR33939694.57440/1 1 1200 1313 +edge_5_0_+disjointig_2_3588_44283 32438 33649 40695 -1 -1 1106 0.0234464
Chain
	Aln	8	+SRR33939694.57407/1 115 1549 1588 +edge_5_0_+disjointig_2_3588_44283 21120 22577 40695 -1 -1 1317 0.0288634
Chain
	Aln	9	-SRR33939694.57407/1 38 1472 1588 -edge_5_0_+disjointig_2_3588_44283 18117 19574 40695 -1 -1 1317 0.0288634
Chain
	Aln	9	+SRR33939694.57452/1 117 1192 1202 -edge_5_0_+disjointig_2_3588_44283 5440 6566 40695 -1 -1 755 0.0514536
Chain
	Aln	8	-SRR33939694.57452/1 9 1084 1202 +edge_5_0_+disjointig_2_3588_44283 34128 35254 40695 -1 -1 755 0.0514536
Chain
	Aln	8	+SRR33939694.57563/1 108 1147 1153 +edge_5_0_+disjointig_2_3588_44283 11858 12899 40695 -1 -1 1027 0.0116509
Chain
	Aln	9	-SRR33939694.57563/1 5 1044 1153 -edge_5_0_+disjointig_2_3588_44283 27795 28836 40695 -1 -1 1027 0.0116509
Chain
	Aln	9	+SRR33939694.57451/1 135 1495 1500 -edge_5_0_+disjointig_2_3588_44283 34693 36045 40695 -1 -1 1266 0.019935
Chain
	Aln	8	-SRR33939694.57451/1 4 1364 1500 +edge_5_0_+disjointig_2_3588_44283 4649 6001 40695 -1 -1 1266 0.019935
Chain
	Aln	9	+SRR33939694.57602/1 110 1115 1121 -edge_5_0_+disjointig_2_3588_44283 32891 33901 40695 -1 -1 865 0.0255892
Chain
	Aln	8	-SRR33939694.57602/1 5 1010 1121 +edge_5_0_+disjointig_2_3588_44283 6793 7803 40695 -1 -1 865 0.0255892
Chain
	Aln	8	+SRR33939694.57519/1 116 1709 1711 +edge_5_0_+disjointig_2_3588_44283 34802 36399 40695 -1 -1 1399 0.0241549
Chain
	Aln	9	-SRR33939694.57519/1 1 1594 1711 -edge_5_0_+disjointig_2_3588_44283 4295 5892 40695 -1 -1 1399 0.0241549
Chain
	Aln	9	+SRR33939694.57613/1 127 1160 1162 -edge_5_0_+disjointig_2_3588_44283 12381 13433 40695 -1 -1 904 0.0238974
Chain
	Aln	8	-SRR33939694.57613/1 1 1034 1162 +edge_5_0_+disjointig_2_3588_44283 27261 28313 40695 -1 -1 904 0.0238974
Chain
	Aln	9	+SRR33939694.57682/1 105 1119 1149 -edge_5_0_+disjointig_2_3588_44283 16069 17087 40695 -1 -1 792 0.0444042
Chain
	Aln	8	-SRR33939694.57682/1 29 1043 1149 +edge_5_0_+disjointig_2_3588_44283 23607 24625 40695 -1 -1 792 0.0444042
Chain
	Aln	8	+SRR33939694.57623/1 124 1350 1352 +edge_5_0_+disjointig_2_3588_44283 9153 10369 40695 -1 -1 869 0.0557108
Chain
	Aln	9	-SRR33939694.57623/1 1 1227 1352 -edge_5_0_+disjointig_2_3588_44283 30325 31541 40695 -1 -1 869 0.0557108
Chain
	Aln	9	+SRR33939694.57726/1 107 1109 1128 -edge_5_0_+disjointig_2_3588_44283 25604 26610 40695 -1 -1 914 0.022199
Chain
	Aln	8	-SRR33939694.57726/1 18 1020 1128 +edge_5_0_+disjointig_2_3588_44283 14084 15090 40695 -1 -1 914 0.022199
Chain
	Aln	9	+SRR33939694.57739/1 138 1425 1450 -edge_5_0_+disjointig_2_3588_44283 16247 17543 40695 -1 -1 895 0.0471279
Chain
	Aln	8	-SRR33939694.57739/1 24 1311 1450 +edge_5_0_+disjointig_2_3588_44283 23151 24447 40695 -1 -1 895 0.0471279
Chain
	Aln	8	+SRR33939694.57662/1 106 1518 1534 +edge_5_0_+disjointig_2_3588_44283 11935 13336 40695 -1 -1 1129 0.0345436
Chain
	Aln	9	-SRR33939694.57662/1 15 1427 1534 -edge_5_0_+disjointig_2_3588_44283 27358 28759 40695 -1 -1 1129 0.0345436
Chain
	Aln	9	+SRR33939694.57789/1 110 1511 1513 -edge_5_0_+disjointig_2_3588_44283 24184 25585 40695 -1 -1 1127 0.0421961
Chain
	Aln	8	-SRR33939694.57789/1 1 1402 1513 +edge_5_0_+disjointig_2_3588_44283 15109 16510 40695 -1 -1 1127 0.0421961
Chain
	Aln	8	+SRR33939694.57790/1 114 1171 1173 +edge_5_0_+disjointig_2_3588_44283 10342 11401 40695 -1 -1 947 0.0165799
Chain
	Aln	9	-SRR33939694.57790/1 1 1058 1173 -edge_5_0_+disjointig_2_3588_44283 29293 30352 40695 -1 -1 947 0.0165799
Chain
	Aln	8	+SRR33939694.57756/1 115 2244 2252 +edge_5_0_+disjointig_2_3588_44283 6925 9046 40695 -1 -1 2013 0.0204946
Chain
	Aln	9	-SRR33939694.57756/1 7 2136 2252 -edge_5_0_+disjointig_2_3588_44283 31648 33769 40695 -1 -1 2013 0.0204946
Chain
	Aln	8	+SRR33939694.57810/1 127 1938 1970 +edge_5_0_+disjointig_2_3588_44283 14173 15976 40695 -1 -1 1385 0.0385083
Chain
	Aln	9	-SRR33939694.57810/1 31 1842 1970 -edge_5_0_+disjointig_2_3588_44283 24718 26521 40695 -1 -1 1385 0.0385083
Chain
	Aln	0	+SRR33939694.57762/1 121 2408 2434 +edge_1_0_+disjointig_1_0_20896 8744 11042 20896 -1 -1 1985 0.0301454
Chain
	Aln	1	-SRR33939694.57762/1 25 2312 2434 -edge_1_0_+disjointig_1_0_20896 9853 12151 20896 -1 -1 1985 0.0301454
Chain
	Aln	8	+SRR33939694.57891/1 128 1461 1486 +edge_5_0_+disjointig_2_3588_44283 22264 23625 40695 -1 -1 1067 0.0279025
Chain
	Aln	9	-SRR33939694.57891/1 24 1357 1486 -edge_5_0_+disjointig_2_3588_44283 17069 18430 40695 -1 -1 1067 0.0279025
Chain
	Aln	7	+SRR33939694.58015/1 112 1426 1439 -edge_4_0_+disjointig_1_22059_47419 10381 11703 25360 -1 -1 1155 0.0299238
Chain
	Aln	6	-SRR33939694.58015/1 12 1326 1439 +edge_4_0_+disjointig_1_22059_47419 13656 14978 25360 -1 -1 1155 0.0299238
Chain
	Aln	9	+SRR33939694.57956/1 130 1449 1451 -edge_5_0_+disjointig_2_3588_44283 3310 4631 40695 -1 -1 1222 0.0233639
Chain
	Aln	8	-SRR33939694.57956/1 1 1320 1451 +edge_5_0_+disjointig_2_3588_44283 36063 37384 40695 -1 -1 1222 0.0233639
Chain
	Aln	9	+SRR33939694.58116/1 108 1153 1175 -edge_5_0_+disjointig_2_3588_44283 23035 24095 40695 -1 -1 965 0.0258754
Chain
	Aln	8	-SRR33939694.58116/1 21 1066 1175 +edge_5_0_+disjointig_2_3588_44283 16599 17659 40695 -1 -1 965 0.0258754
Chain
	Aln	8	+SRR33939694.58045/1 113 1220 1222 +edge_5_0_+disjointig_2_3588_44283 29589 30692 40695 -1 -1 1033 0.0187469
Chain
	Aln	9	-SRR33939694.58045/1 1 1108 1222 -edge_5_0_+disjointig_2_3588_44283 10002 11105 40695 -1 -1 1033 0.0187469
Chain
	Aln	8	+SRR33939694.58131/1 209 1305 1309 +edge_5_0_+disjointig_2_3588_44283 19873 20971 40695 -1 -1 826 0.0502237
Chain
	Aln	9	-SRR33939694.58131/1 3 1099 1309 -edge_5_0_+disjointig_2_3588_44283 19723 20821 40695 -1 -1 826 0.0502237
Chain
	Aln	9	+SRR33939694.58228/1 108 1209 1211 -edge_5_0_+disjointig_2_3588_44283 27345 28438 40695 -1 -1 1029 0.0196096
Chain
	Aln	8	-SRR33939694.58228/1 1 1102 1211 +edge_5_0_+disjointig_2_3588_44283 12256 13349 40695 -1 -1 1029 0.0196096
Chain
	Aln	8	+SRR33939694.58201/1 124 1551 1553 +edge_5_0_+disjointig_2_3588_44283 8892 10315 40695 -1 -1 1332 0.0157814
Chain
	Aln	9	-SRR33939694.58201/1 1 1428 1553 -edge_5_0_+disjointig_2_3588_44283 30379 31802 40695 -1 -1 1332 0.0157814
Chain
	Aln	8	+SRR33939694.58264/1 115 1257 1260 +edge_5_0_+disjointig_2_3588_44283 7625 8784 40695 -1 -1 976 0.0329674
Chain
	Aln	9	-SRR33939694.58264/1 2 1144 1260 -edge_5_0_+disjointig_2_3588_44283 31910 33069 40695 -1 -1 976 0.0329674
Chain
	Aln	8	+SRR33939694.58179/1 114 1748 1752 +edge_5_0_+disjointig_2_3588_44283 20113 21757 40695 -1 -1 1396 0.0333201
Chain
	Aln	9	-SRR33939694.58179/1 3 1637 1752 -edge_5_0_+disjointig_2_3588_44283 18937 20581 40695 -1 -1 1396 0.0333201
Chain
	Aln	8	+SRR33939694.58294/1 140 1314 1316 +edge_5_0_+disjointig_2_3588_44283 35569 36748 40695 -1 -1 948 0.0322204
Chain
	Aln	9	-SRR33939694.58294/1 1 1175 1316 -edge_5_0_+disjointig_2_3588_44283 3946 5125 40695 -1 -1 948 0.0322204
Chain
	Aln	8	+SRR33939694.58378/1 130 1288 1311 +edge_5_0_+disjointig_2_3588_44283 21751 22920 40695 -1 -1 1047 0.0225407
Chain
	Aln	9	-SRR33939694.58378/1 22 1180 1311 -edge_5_0_+disjointig_2_3588_44283 17774 18943 40695 -1 -1 1047 0.0225407
Chain
	Aln	8	+SRR33939694.58388/1 107 1494 1496 +edge_5_0_+disjointig_2_3588_44283 21078 22466 40695 -1 -1 1283 0.0210124
Chain
	Aln	9	-SRR33939694.58388/1 1 1388 1496 -edge_5_0_+disjointig_2_3588_44283 18228 19616 40695 -1 -1 1283 0.0210124
Chain
	Aln	8	+SRR33939694.58392/1 111 1272 1279 +edge_5_0_+disjointig_2_3588_44283 24995 26150 40695 -1 -1 1134 0.0111784
Chain
	Aln	9	-SRR33939694.58392/1 6 1167 1279 -edge_5_0_+disjointig_2_3588_44283 14544 15699 40695 -1 -1 1134 0.0111784
Chain
	Aln	9	+SRR33939694.58418/1 112 1642 1654 -edge_5_0_+disjointig_2_3588_44283 20410 21948 40695 -1 -1 1364 0.0282743
Chain
	Aln	8	-SRR33939694.58418/1 11 1541 1654 +edge_5_0_+disjointig_2_3588_44283 18746 20284 40695 -1 -1 1364 0.0282743
Chain
	Aln	8	+SRR33939694.58490/1 109 1209 1211 +edge_5_0_+disjointig_2_3588_44283 13350 14463 40695 -1 -1 1003 0.0233904
Chain
	Aln	9	-SRR33939694.58490/1 1 1101 1211 -edge_5_0_+disjointig_2_3588_44283 26231 27344 40695 -1 -1 1003 0.0233904
Chain
	Aln	9	+SRR33939694.58531/1 126 1321 1330 -edge_5_0_+disjointig_2_3588_44283 12578 13801 40695 -1 -1 931 0.0377532
Chain
	Aln	8	-SRR33939694.58531/1 8 1203 1330 +edge_5_0_+disjointig_2_3588_44283 26893 28116 40695 -1 -1 931 0.0377532
Chain
	Aln	9	+SRR33939694.58523/1 101 1825 1842 -edge_5_0_+disjointig_2_3588_44283 27002 28754 40695 -1 -1 1511 0.0273673
Chain
	Aln	8	-SRR33939694.58523/1 16 1740 1842 +edge_5_0_+disjointig_2_3588_44283 11940 13692 40695 -1 -1 1511 0.0273673
Chain
	Aln	0	+SRR33939694.58563/1 698 1736 1741 +edge_1_0_+disjointig_1_0_20896 12502 13551 20896 -1 -1 980 0.0117574
Chain
	Aln	1	-SRR33939694.58563/1 4 1042 1741 -edge_1_0_+disjointig_1_0_20896 7344 8393 20896 -1 -1 980 0.0117574
Chain
	Aln	9	+SRR33939694.58602/1 110 1276 1280 -edge_5_0_+disjointig_2_3588_44283 19420 20583 40695 -1 -1 1061 0.0254224
Chain
	Aln	8	-SRR33939694.58602/1 3 1169 1280 +edge_5_0_+disjointig_2_3588_44283 20111 21274 40695 -1 -1 1061 0.0254224
Chain
	Aln	8	+SRR33939694.58617/1 140 1254 1257 +edge_5_0_+disjointig_2_3588_44283 14002 15111 40695 -1 -1 951 0.0309056
Chain
	Aln	9	-SRR33939694.58617/1 2 1116 1257 -edge_5_0_+disjointig_2_3588_44283 25583 26692 40695 -1 -1 951 0.0309056
Chain
	Aln	9	+SRR33939694.58608/1 116 1244 1256 -edge_5_0_+disjointig_2_3588_44283 16182 17309 40695 -1 -1 965 0.0284222
Chain
	Aln	8	-SRR33939694.58608/1 11 1139 1256 +edge_5_0_+disjointig_2_3588_44283 23385 24512 40695 -1 -1 965 0.0284222
Chain
	Aln	1	+SRR33939694.58611/1 470 1737 1751 -edge_1_0_+disjointig_1_0_20896 18142 19411 20896 -1 -1 1208 0.0196899
Chain
	Aln	0	-SRR33939694.58611/1 13 1280 1751 +edge_1_0_+disjointig_1_0_20896 1484 2753 20896 -1 -1 1208 0.0196899
Chain
	Aln	8	+SRR33939694.58758/1 107 1303 1322 +edge_5_0_+disjointig_2_3588_44283 16926 18136 40695 -1 -1 928 0.0434953
Chain
	Aln	9	-SRR33939694.58758/1 18 1214 1322 -edge_5_0_+disjointig_2_3588_44283 22558 23768 40695 -1 -1 928 0.0434953
Chain
	Aln	9	+SRR33939694.58659/1 122 1164 1283 -edge_5_0_+disjointig_2_3588_44283 39658 40694 40695 -1 -1 944 0.021924
Chain
	Aln	8	-SRR33939694.58659/1 118 1160 1283 +edge_5_0_+disjointig_2_3588_44283 0 1036 40695 -1 -1 944 0.021924
Chain
	Aln	8	+SRR33939694.58669/1 115 1722 1724 +edge_5_0_+disjointig_2_3588_44283 55 1655 40695 -1 -1 1448 0.0266161
Chain
	Aln	9	-SRR33939694.58669/1 1 1608 1724 -edge_5_0_+disjointig_2_3588_44283 39039 40639 40695 -1 -1 1448 0.0266161
Chain
	Aln	8	+SRR33939694.58843/1 108 1182 1198 +edge_5_0_+disjointig_2_3588_44283 36759 37859 40695 -1 -1 815 0.0416784
Chain
	Aln	9	-SRR33939694.58843/1 15 1089 1198 -edge_5_0_+disjointig_2_3588_44283 2835 3935 40695 -1 -1 815 0.0416784
Chain
	Aln	9	+SRR33939694.58815/1 111 1305 1383 -edge_5_0_+disjointig_2_3588_44283 38036 39246 40695 -1 -1 990 0.0401274
Chain
	Aln	8	-SRR33939694.58815/1 77 1271 1383 +edge_5_0_+disjointig_2_3588_44283 1448 2658 40695 -1 -1 990 0.0401274
Chain
	Aln	8	+SRR33939694.58786/1 109 1296 1298 +edge_5_0_+disjointig_2_3588_44283 24897 26109 40695 -1 -1 1019 0.0338442
Chain
	Aln	9	-SRR33939694.58786/1 1 1188 1298 -edge_5_0_+disjointig_2_3588_44283 14585 15797 40695 -1 -1 1019 0.0338442
Chain
	Aln	9	+SRR33939694.58853/1 124 1813 1829 -edge_5_0_+disjointig_2_3588_44283 29213 30909 40695 -1 -1 1371 0.0396765
Chain
	Aln	8	-SRR33939694.58853/1 15 1704 1829 +edge_5_0_+disjointig_2_3588_44283 9785 11481 40695 -1 -1 1371 0.0396765
Chain
	Aln	9	+SRR33939694.58831/1 93 1425 1441 -edge_5_0_+disjointig_2_3588_44283 30379 31720 40695 -1 -1 1264 0.0186233
Chain
	Aln	8	-SRR33939694.58831/1 15 1347 1441 +edge_5_0_+disjointig_2_3588_44283 8974 10315 40695 -1 -1 1264 0.0186233
Chain
	Aln	8	+SRR33939694.58860/1 113 1113 1115 +edge_5_0_+disjointig_2_3588_44283 21294 22271 40695 -1 -1 914 0.0234043
Chain
	Aln	9	-SRR33939694.58860/1 1 1001 1115 -edge_5_0_+disjointig_2_3588_44283 18423 19400 40695 -1 -1 914 0.0234043
Chain
	Aln	8	+SRR33939694.58894/1 143 1270 1275 +edge_5_0_+disjointig_2_3588_44283 36284 37420 40695 -1 -1 1102 0.0121486
Chain
	Aln	9	-SRR33939694.58894/1 4 1131 1275 -edge_5_0_+disjointig_2_3588_44283 3274 4410 40695 -1 -1 1102 0.0121486
Chain
	Aln	9	+SRR33939694.58871/1 131 1236 1277 -edge_5_0_+disjointig_2_3588_44283 21190 22295 40695 -1 -1 983 0.0236791
Chain
	Aln	8	-SRR33939694.58871/1 40 1145 1277 +edge_5_0_+disjointig_2_3588_44283 18399 19504 40695 -1 -1 983 0.0236791
Chain
	Aln	8	+SRR33939694.58918/1 100 1199 1201 +edge_5_0_+disjointig_2_3588_44283 25316 26421 40695 -1 -1 1032 0.0169814
Chain
	Aln	9	-SRR33939694.58918/1 1 1100 1201 -edge_5_0_+disjointig_2_3588_44283 14273 15378 40695 -1 -1 1032 0.0169814
Chain
	Aln	8	+SRR33939694.58469/1 102 10639 10673 +edge_5_0_+disjointig_2_3588_44283 4213 14821 40695 -1 -1 7388 0.0504299
Chain
	Aln	9	-SRR33939694.58469/1 33 10570 10673 -edge_5_0_+disjointig_2_3588_44283 25873 36481 40695 -1 -1 7388 0.0504299
Chain
	Aln	9	+SRR33939694.58945/1 108 1341 1343 -edge_5_0_+disjointig_2_3588_44283 38164 39417 40695 -1 -1 1174 0.0168414
Chain
	Aln	8	-SRR33939694.58945/1 1 1234 1343 +edge_5_0_+disjointig_2_3588_44283 1277 2530 40695 -1 -1 1174 0.0168414
Chain
	Aln	9	+SRR33939694.58967/1 117 1529 1531 -edge_5_0_+disjointig_2_3588_44283 36593 38012 40695 -1 -1 1349 0.0171479
Chain
	Aln	8	-SRR33939694.58967/1 1 1413 1531 +edge_5_0_+disjointig_2_3588_44283 2682 4101 40695 -1 -1 1349 0.0171479
Chain
	Aln	8	+SRR33939694.59029/1 117 1184 1186 +edge_5_0_+disjointig_2_3588_44283 25228 26319 40695 -1 -1 1032 0.00913717
Chain
	Aln	9	-SRR33939694.59029/1 1 1068 1186 -edge_5_0_+disjointig_2_3588_44283 14375 15466 40695 -1 -1 1032 0.00913717
Chain
	Aln	9	+SRR33939694.58968/1 147 1660 1662 -edge_5_0_+disjointig_2_3588_44283 14881 16406 40695 -1 -1 1194 0.0427088
Chain
	Aln	8	-SRR33939694.58968/1 1 1514 1662 +edge_5_0_+disjointig_2_3588_44283 24288 25813 40695 -1 -1 1194 0.0427088
Chain
	Aln	9	+SRR33939694.59061/1 112 2197 2199 -edge_5_0_+disjointig_2_3588_44283 3825 5904 40695 -1 -1 1879 0.025329
Chain
	Aln	8	-SRR33939694.59061/1 1 2086 2199 +edge_5_0_+disjointig_2_3588_44283 34790 36869 40695 -1 -1 1879 0.025329
Chain
	Aln	3	+SRR33939694.59082/1 161 1295 1297 -edge_2_1_+disjointig_2_2428_3588 2 1140 1160 -1 -1 908 0.0361349
Chain
	Aln	2	-SRR33939694.59082/1 1 1135 1297 +edge_2_1_+disjointig_2_2428_3588 19 1157 1160 -1 -1 908 0.0361349
Chain
	Aln	8	+SRR33939694.59063/1 108 2607 2609 +edge_5_0_+disjointig_2_3588_44283 10750 13269 40695 -1 -1 2164 0.029688
Chain
	Aln	9	-SRR33939694.59063/1 1 2500 2609 -edge_5_0_+disjointig_2_3588_44283 27425 29944 40695 -1 -1 2164 0.029688
Chain
	Aln	9	+SRR33939694.59094/1 112 1571 1588 -edge_5_0_+disjointig_2_3588_44283 17060 18528 40695 -1 -1 1264 0.0305738
Chain
	Aln	8	-SRR33939694.59094/1 16 1475 1588 +edge_5_0_+disjointig_2_3588_44283 22166 23634 40695 -1 -1 1264 0.0305738
Chain
	Aln	8	+SRR33939694.59084/1 112 1923 1928 +edge_5_0_+disjointig_2_3588_44283 32248 34089 40695 -1 -1 1692 0.0159167
Chain
	Aln	9	-SRR33939694.59084/1 4 1815 1928 -edge_5_0_+disjointig_2_3588_44283 6605 8446 40695 -1 -1 1692 0.0159167
Chain
	Aln	2	+SRR33939694.59128/1 149 1204 1247 +edge_2_1_+disjointig_2_2428_3588 12 1085 1160 -1 -1 631 0.0687623
Chain
	Aln	3	-SRR33939694.59128/1 42 1097 1247 -edge_2_1_+disjointig_2_2428_3588 74 1147 1160 -1 -1 631 0.0687623
Chain
	Aln	8	+SRR33939694.59142/1 111 1306 1308 +edge_5_0_+disjointig_2_3588_44283 30652 31844 40695 -1 -1 983 0.0350343
Chain
	Aln	9	-SRR33939694.59142/1 1 1196 1308 -edge_5_0_+disjointig_2_3588_44283 8850 10042 40695 -1 -1 983 0.0350343
Chain
	Aln	9	+SRR33939694.59185/1 112 1123 1133 -edge_5_0_+disjointig_2_3588_44283 22289 23306 40695 -1 -1 901 0.0259954
Chain
	Aln	8	-SRR33939694.59185/1 9 1020 1133 +edge_5_0_+disjointig_2_3588_44283 17388 18405 40695 -1 -1 901 0.0259954
Chain
	Aln	9	+SRR33939694.59155/1 131 1359 1361 -edge_5_0_+disjointig_2_3588_44283 30580 31804 40695 -1 -1 1175 0.0155308
Chain
	Aln	8	-SRR33939694.59155/1 1 1229 1361 +edge_5_0_+disjointig_2_3588_44283 8890 10114 40695 -1 -1 1175 0.0155308
Chain
	Aln	9	+SRR33939694.59166/1 109 2025 2046 -edge_5_0_+disjointig_2_3588_44283 19018 20940 40695 -1 -1 1796 0.0184914
Chain
	Aln	8	-SRR33939694.59166/1 20 1936 2046 +edge_5_0_+disjointig_2_3588_44283 19754 21676 40695 -1 -1 1796 0.0184914
Chain
	Aln	9	+SRR33939694.59238/1 111 1207 1211 -edge_5_0_+disjointig_2_3588_44283 30414 31524 40695 -1 -1 892 0.0368122
Chain
	Aln	8	-SRR33939694.59238/1 3 1099 1211 +edge_5_0_+disjointig_2_3588_44283 9170 10280 40695 -1 -1 892 0.0368122
Chain
	Aln	8	+SRR33939694.59252/1 118 1204 1210 +edge_5_0_+disjointig_2_3588_44283 30292 31372 40695 -1 -1 845 0.0370335
Chain
	Aln	9	-SRR33939694.59252/1 5 1091 1210 -edge_5_0_+disjointig_2_3588_44283 9322 10402 40695 -1 -1 845 0.0370335
Chain
	Aln	9	+SRR33939694.59274/1 107 1130 1132 -edge_5_0_+disjointig_2_3588_44283 23260 24287 40695 -1 -1 1011 0.00634261
Chain
	Aln	8	-SRR33939694.59274/1 1 1024 1132 +edge_5_0_+disjointig_2_3588_44283 16407 17434 40695 -1 -1 1011 0.00634261
Chain
	Aln	7	+SRR33939694.59237/1 228 3341 3361 -edge_4_0_+disjointig_1_22059_47419 19724 22860 25360 -1 -1 2866 0.0233835
Chain
	Aln	6	-SRR33939694.59237/1 19 3132 3361 +edge_4_0_+disjointig_1_22059_47419 2499 5635 25360 -1 -1 2866 0.0233835
Chain
	Aln	9	+SRR33939694.59208/1 139 3359 3361 -edge_5_0_+disjointig_2_3588_44283 16740 20008 40695 -1 -1 2820 0.0229188
Chain
	Aln	8	-SRR33939694.59208/1 1 3221 3361 +edge_5_0_+disjointig_2_3588_44283 20686 23954 40695 -1 -1 2820 0.0229188
Chain
	Aln	8	+SRR33939694.59384/1 108 1144 1157 +edge_5_0_+disjointig_2_3588_44283 11701 12751 40695 -1 -1 820 0.0328531
Chain
	Aln	9	-SRR33939694.59384/1 12 1048 1157 -edge_5_0_+disjointig_2_3588_44283 27943 28993 40695 -1 -1 820 0.0328531
Chain
	Aln	9	+SRR33939694.59346/1 110 1874 1876 -edge_5_0_+disjointig_2_3588_44283 8827 10579 40695 -1 -1 1571 0.0295622
Chain
	Aln	8	-SRR33939694.59346/1 1 1765 1876 +edge_5_0_+disjointig_2_3588_44283 30115 31867 40695 -1 -1 1571 0.0295622
Chain
	Aln	9	+SRR33939694.59380/1 114 1297 1299 -edge_5_0_+disjointig_2_3588_44283 17508 18699 40695 -1 -1 1122 0.01727
Chain
	Aln	8	-SRR33939694.59380/1 1 1184 1299 +edge_5_0_+disjointig_2_3588_44283 21995 23186 40695 -1 -1 1122 0.01727
Chain
	Aln	8	+SRR33939694.59347/1 115 1423 1437 +edge_5_0_+disjointig_2_3588_44283 35591 36920 40695 -1 -1 943 0.0492176
Chain
	Aln	9	-SRR33939694.59347/1 13 1321 1437 -edge_5_0_+disjointig_2_3588_44283 3774 5103 40695 -1 -1 943 0.0492176
Chain
	Aln	8	+SRR33939694.59493/1 109 1180 1183 +edge_5_0_+disjointig_2_3588_44283 7186 8254 40695 -1 -1 872 0.0325655
Chain
	Aln	9	-SRR33939694.59493/1 2 1073 1183 -edge_5_0_+disjointig_2_3588_44283 32440 33508 40695 -1 -1 872 0.0325655
Chain
	Aln	9	+SRR33939694.59510/1 118 2053 2055 -edge_5_0_+disjointig_2_3588_44283 12339 14291 40695 -1 -1 1763 0.0273893
Chain
	Aln	8	-SRR33939694.59510/1 1 1936 2055 +edge_5_0_+disjointig_2_3588_44283 26403 28355 40695 -1 -1 1763 0.0273893
Chain
	Aln	8	+SRR33939694.59595/1 113 1316 1318 +edge_5_0_+disjointig_2_3588_44283 7038 8235 40695 -1 -1 1045 0.0307047
Chain
	Aln	9	-SRR33939694.59595/1 1 1204 1318 -edge_5_0_+disjointig_2_3588_44283 32459 33656 40695 -1 -1 1045 0.0307047
Chain
	Aln	9	+SRR33939694.59589/1 108 1692 1712 -edge_5_0_+disjointig_2_3588_44283 18583 20176 40695 -1 -1 1561 0.00949665
Chain
	Aln	8	-SRR33939694.59589/1 19 1603 1712 +edge_5_0_+disjointig_2_3588_44283 20518 22111 40695 -1 -1 1561 0.00949665
Chain
	Aln	8	+SRR33939694.59583/1 108 2117 2119 +edge_5_0_+disjointig_2_3588_44283 6879 8875 40695 -1 -1 1847 0.0211375
Chain
	Aln	9	-SRR33939694.59583/1 1 2010 2119 -edge_5_0_+disjointig_2_3588_44283 31819 33815 40695 -1 -1 1847 0.0211375
Chain
	Aln	9	+SRR33939694.59782/1 113 1425 1436 -edge_5_0_+disjointig_2_3588_44283 6276 7599 40695 -1 -1 1120 0.0337153
Chain
	Aln	8	-SRR33939694.59782/1 10 1322 1436 +edge_5_0_+disjointig_2_3588_44283 33095 34418 40695 -1 -1 1120 0.0337153
Chain
	Aln	9	+SRR33939694.59801/1 117 1132 1134 -edge_5_0_+disjointig_2_3588_44283 26040 27060 40695 -1 -1 968 0.0160172
Chain
	Aln	8	-SRR33939694.59801/1 1 1016 1134 +edge_5_0_+disjointig_2_3588_44283 13634 14654 40695 -1 -1 968 0.0160172
Chain
	Aln	1	+SRR33939694.59759/1 282 2190 2195 -edge_1_0_+disjointig_1_0_20896 1244 3160 20896 -1 -1 1784 0.0182655
Chain
	Aln	0	-SRR33939694.59759/1 4 1912 2195 +edge_1_0_+disjointig_1_0_20896 17735 19651 20896 -1 -1 1784 0.0182655
Chain
	Aln	8	+SRR33939694.59805/1 115 1182 1203 +edge_5_0_+disjointig_2_3588_44283 37597 38668 40695 -1 -1 1002 0.0171691
Chain
	Aln	9	-SRR33939694.59805/1 20 1087 1203 -edge_5_0_+disjointig_2_3588_44283 2026 3097 40695 -1 -1 1002 0.0171691
Chain
	Aln	1	+SRR33939694.59685/1 222 3116 3118 -edge_1_0_+disjointig_1_0_20896 5869 8779 20896 -1 -1 2160 0.0463467
Chain
	Aln	0	-SRR33939694.59685/1 1 2895 3118 +edge_1_0_+disjointig_1_0_20896 12116 15026 20896 -1 -1 2160 0.0463467
Chain
	Aln	8	+SRR33939694.59825/1 114 1234 1237 +edge_5_0_+disjointig_2_3588_44283 24079 25199 40695 -1 -1 983 0.0259247
Chain
	Aln	9	-SRR33939694.59825/1 2 1122 1237 -edge_5_0_+disjointig_2_3588_44283 15495 16615 40695 -1 -1 983 0.0259247
Chain
	Aln	8	+SRR33939694.59939/1 116 1795 1805 +edge_5_0_+disjointig_2_3588_44283 5289 6964 40695 -1 -1 1549 0.0164961
Chain
	Aln	9	-SRR33939694.59939/1 9 1688 1805 -edge_5_0_+disjointig_2_3588_44283 33730 35405 40695 -1 -1 1549 0.0164961
Chain
	Aln	8	+SRR33939694.59991/1 117 1367 1369 +edge_5_0_+disjointig_2_3588_44283 19913 21170 40695 -1 -1 1209 0.0102954
Chain
	Aln	9	-SRR33939694.59991/1 1 1251 1369 -edge_5_0_+disjointig_2_3588_44283 19524 20781 40695 -1 -1 1209 0.0102954
Chain
	Aln	8	+SRR33939694.59943/1 111 1371 1373 +edge_5_0_+disjointig_2_3588_44283 32682 33949 40695 -1 -1 1203 0.0173699
Chain
	Aln	9	-SRR33939694.59943/1 1 1261 1373 -edge_5_0_+disjointig_2_3588_44283 6745 8012 40695 -1 -1 1203 0.0173699
Chain
	Aln	8	+SRR33939694.60003/1 126 2044 2075 +edge_5_0_+disjointig_2_3588_44283 35758 37713 40695 -1 -1 1465 0.0404377
Chain
	Aln	9	-SRR33939694.60003/1 30 1948 2075 -edge_5_0_+disjointig_2_3588_44283 2981 4936 40695 -1 -1 1465 0.0404377
Chain
	Aln	4	+SRR33939694.60041/1 110 1191 1218 +edge_3_0_-disjointig_2_41855_44283 1140 2223 2428 -1 -1 1009 0.0195426
Chain
	Aln	5	-SRR33939694.60041/1 26 1107 1218 -edge_3_0_-disjointig_2_41855_44283 204 1287 2428 -1 -1 1009 0.0195426
Chain
	Aln	8	+SRR33939694.60114/1 110 1381 1383 +edge_5_0_+disjointig_2_3588_44283 37366 38640 40695 -1 -1 1164 0.0226423
Chain
	Aln	9	-SRR33939694.60114/1 1 1272 1383 -edge_5_0_+disjointig_2_3588_44283 2054 3328 40695 -1 -1 1164 0.0226423
Chain
	Aln	8	+SRR33939694.60120/1 115 1428 1431 +edge_5_0_+disjointig_2_3588_44283 35758 37061 40695 -1 -1 1198 0.0236065
Chain
	Aln	9	-SRR33939694.60120/1 2 1315 1431 -edge_5_0_+disjointig_2_3588_44283 3633 4936 40695 -1 -1 1198 0.0236065
Chain
	Aln	8	+SRR33939694.60048/1 144 2658 2662 +edge_5_0_+disjointig_2_3588_44283 25068 27581 40695 -1 -1 2404 0.015668
Chain
	Aln	9	-SRR33939694.60048/1 3 2517 2662 -edge_5_0_+disjointig_2_3588_44283 13113 15626 40695 -1 -1 2404 0.015668
Chain
	Aln	9	+SRR33939694.60179/1 111 1185 1187 -edge_5_0_+disjointig_2_3588_44283 12900 13978 40695 -1 -1 975 0.0192704
Chain
	Aln	8	-SRR33939694.60179/1 1 1075 1187 +edge_5_0_+disjointig_2_3588_44283 26716 27794 40695 -1 -1 975 0.0192704
Chain
	Aln	9	+SRR33939694.60208/1 104 1433 1480 -edge_5_0_+disjointig_2_3588_44283 24801 26148 40695 -1 -1 964 0.050937
Chain
	Aln	8	-SRR33939694.60208/1 46 1375 1480 +edge_5_0_+disjointig_2_3588_44283 14546 15893 40695 -1 -1 964 0.050937
Chain
	Aln	9	+SRR33939694.60303/1 118 1205 1210 -edge_5_0_+disjointig_2_3588_44283 19619 20737 40695 -1 -1 753 0.053076
Chain
	Aln	8	-SRR33939694.60303/1 4 1091 1210 +edge_5_0_+disjointig_2_3588_44283 19957 21075 40695 -1 -1 753 0.053076
Chain
	Aln	9	+SRR33939694.60387/1 115 1148 1150 -edge_5_0_+disjointig_2_3588_44283 32413 33440 40695 -1 -1 941 0.0228252
Chain
	Aln	8	-SRR33939694.60387/1 1 1034 1150 +edge_5_0_+disjointig_2_3588_44283 7254 8281 40695 -1 -1 941 0.0228252
Chain
	Aln	9	+SRR33939694.60430/1 110 1238 1256 -edge_5_0_+disjointig_2_3588_44283 5499 6626 40695 -1 -1 1084 0.0149417
Chain
	Aln	8	-SRR33939694.60430/1 17 1145 1256 +edge_5_0_+disjointig_2_3588_44283 34068 35195 40695 -1 -1 1084 0.0149417
Chain
	Aln	6	+SRR33939694.60426/1 155 2020 2027 +edge_4_0_+disjointig_1_22059_47419 2999 4886 25360 -1 -1 1280 0.0592848
Chain
	Aln	7	-SRR33939694.60426/1 6 1871 2027 -edge_4_0_+disjointig_1_22059_47419 20473 22360 25360 -1 -1 1280 0.0592848
Chain
	Aln	9	+SRR33939694.60453/1 119 1342 1354 -edge_5_0_+disjointig_2_3588_44283 14958 16185 40695 -1 -1 1102 0.027649
Chain
	Aln	8	-SRR33939694.60453/1 11 1234 1354 +edge_5_0_+disjointig_2_3588_44283 24509 25736 40695 -1 -1 1102 0.027649
Chain
	Aln	8	+SRR33939694.60468/1 128 1195 1202 +edge_5_0_+disjointig_2_3588_44283 8254 9318 40695 -1 -1 902 0.028999
Chain
	Aln	9	-SRR33939694.60468/1 6 1073 1202 -edge_5_0_+disjointig_2_3588_44283 31376 32440 40695 -1 -1 902 0.028999
Chain
	Aln	8	+SRR33939694.60508/1 120 1266 1268 +edge_5_0_+disjointig_2_3588_44283 26308 27471 40695 -1 -1 990 0.0296301
Chain
	Aln	9	-SRR33939694.60508/1 1 1147 1268 -edge_5_0_+disjointig_2_3588_44283 13223 14386 40695 -1 -1 990 0.0296301
Chain
	Aln	8	+SRR33939694.60514/1 107 1190 1192 +edge_5_0_+disjointig_2_3588_44283 21495 22588 40695 -1 -1 924 0.0363025
Chain
	Aln	9	-SRR33939694.60514/1 1 1084 1192 -edge_5_0_+disjointig_2_3588_44283 18106 19199 40695 -1 -1 924 0.0363025
Chain
	Aln	0	+SRR33939694.60525/1 391 1925 1931 +edge_1_0_+disjointig_1_0_20896 19039 20570 20896 -1 -1 1476 0.00953509
Chain
	Aln	1	-SRR33939694.60525/1 5 1539 1931 -edge_1_0_+disjointig_1_0_20896 325 1856 20896 -1 -1 1476 0.00953509
Chain
	Aln	8	+SRR33939694.60672/1 114 1503 1505 +edge_5_0_+disjointig_2_3588_44283 18725 20115 40695 -1 -1 1258 0.019956
Chain
	Aln	9	-SRR33939694.60672/1 1 1390 1505 -edge_5_0_+disjointig_2_3588_44283 20579 21969 40695 -1 -1 1258 0.019956
Chain
	Aln	8	+SRR33939694.60717/1 112 1281 1283 +edge_5_0_+disjointig_2_3588_44283 17148 18323 40695 -1 -1 1075 0.0168737
Chain
	Aln	9	-SRR33939694.60717/1 1 1170 1283 -edge_5_0_+disjointig_2_3588_44283 22371 23546 40695 -1 -1 1075 0.0168737
Chain
	Aln	0	+SRR33939694.60404/1 16 6035 6038 +edge_1_0_+disjointig_1_0_20896 16 5990 20896 -1 -1 5595 0.0179652
Chain
	Aln	1	-SRR33939694.60404/1 2 6021 6038 -edge_1_0_+disjointig_1_0_20896 14905 20879 20896 -1 -1 5595 0.0179652
Chain
	Aln	8	+SRR33939694.60691/1 127 1530 1532 +edge_5_0_+disjointig_2_3588_44283 20580 21994 40695 -1 -1 1331 0.0148665
Chain
	Aln	9	-SRR33939694.60691/1 1 1404 1532 -edge_5_0_+disjointig_2_3588_44283 18700 20114 40695 -1 -1 1331 0.0148665
Chain
	Aln	8	+SRR33939694.60738/1 120 1317 1319 +edge_5_0_+disjointig_2_3588_44283 30032 31255 40695 -1 -1 1108 0.017778
Chain
	Aln	9	-SRR33939694.60738/1 1 1198 1319 -edge_5_0_+disjointig_2_3588_44283 9439 10662 40695 -1 -1 1108 0.017778
Chain
	Aln	9	+SRR33939694.60854/1 116 1196 1199 -edge_5_0_+disjointig_2_3588_44283 15410 16486 40695 -1 -1 976 0.0200657
Chain
	Aln	8	-SRR33939694.60854/1 2 1082 1199 +edge_5_0_+disjointig_2_3588_44283 24208 25284 40695 -1 -1 976 0.0200657
Chain
	Aln	8	+SRR33939694.60749/1 114 1614 1629 +edge_5_0_+disjointig_2_3588_44283 644 2152 40695 -1 -1 1229 0.03352
Chain
	Aln	9	-SRR33939694.60749/1 14 1514 1629 -edge_5_0_+disjointig_2_3588_44283 38542 40050 40695 -1 -1 1229 0.03352
Chain
	Aln	5	+SRR33939694.60806/1 177 1345 1348 -edge_3_0_-disjointig_2_41855_44283 182 1320 2428 -1 -1 997 0.0288031
Chain
	Aln	4	-SRR33939694.60806/1 2 1170 1348 +edge_3_0_-disjointig_2_41855_44283 1107 2245 2428 -1 -1 997 0.0288031
Chain
	Aln	8	+SRR33939694.60905/1 115 1152 1154 +edge_5_0_+disjointig_2_3588_44283 6642 7672 40695 -1 -1 860 0.0363891
Chain
	Aln	9	-SRR33939694.60905/1 1 1038 1154 -edge_5_0_+disjointig_2_3588_44283 33022 34052 40695 -1 -1 860 0.0363891
Chain
	Aln	8	+SRR33939694.60886/1 141 1152 1165 +edge_5_0_+disjointig_2_3588_44283 4496 5513 40695 -1 -1 744 0.0453392
Chain
	Aln	9	-SRR33939694.60886/1 12 1023 1165 -edge_5_0_+disjointig_2_3588_44283 35181 36198 40695 -1 -1 744 0.0453392
Chain
	Aln	9	+SRR33939694.61068/1 88 1150 1156 -edge_5_0_+disjointig_2_3588_44283 28519 29582 40695 -1 -1 901 0.0273498
Chain
	Aln	8	-SRR33939694.61068/1 5 1067 1156 +edge_5_0_+disjointig_2_3588_44283 11112 12175 40695 -1 -1 901 0.0273498
Chain
	Aln	8	+SRR33939694.61078/1 112 1133 1179 +edge_5_0_+disjointig_2_3588_44283 18731 19752 40695 -1 -1 922 0.0260465
Chain
	Aln	9	-SRR33939694.61078/1 45 1066 1179 -edge_5_0_+disjointig_2_3588_44283 20942 21963 40695 -1 -1 922 0.0260465
Chain
	Aln	8	+SRR33939694.61147/1 105 1489 1491 +edge_5_0_+disjointig_2_3588_44283 18852 20237 40695 -1 -1 1146 0.032293
Chain
	Aln	9	-SRR33939694.61147/1 1 1385 1491 -edge_5_0_+disjointig_2_3588_44283 20457 21842 40695 -1 -1 1146 0.032293
Chain
	Aln	9	+SRR33939694.61172/1 111 1669 1671 -edge_5_0_+disjointig_2_3588_44283 14257 15824 40695 -1 -1 1258 0.0412737
Chain
	Aln	8	-SRR33939694.61172/1 1 1559 1671 +edge_5_0_+disjointig_2_3588_44283 24870 26437 40695 -1 -1 1258 0.0412737
Chain
	Aln	8	+SRR33939694.61277/1 113 1254 1256 +edge_5_0_+disjointig_2_3588_44283 32569 33725 40695 -1 -1 1057 0.024066
Chain
	Aln	9	-SRR33939694.61277/1 1 1142 1256 -edge_5_0_+disjointig_2_3588_44283 6969 8125 40695 -1 -1 1057 0.024066
Chain
	Aln	9	+SRR33939694.61250/1 133 1245 1251 -edge_5_0_+disjointig_2_3588_44283 36719 37849 40695 -1 -1 1007 0.0263659
Chain
	Aln	8	-SRR33939694.61250/1 5 1117 1251 +edge_5_0_+disjointig_2_3588_44283 2845 3975 40695 -1 -1 1007 0.0263659
Chain
	Aln	3	+SRR33939694.61191/1 956 2001 2059 -edge_2_0_+disjointig_1_20896_22059 2 1087 1163 -1 -1 685 0.0484003
Chain
	Aln	2	-SRR33939694.61191/1 57 1102 2059 +edge_2_0_+disjointig_1_20896_22059 75 1160 1163 -1 -1 685 0.0484003
Chain
	Aln	9	+SRR33939694.61290/1 117 1539 1541 -edge_5_0_+disjointig_2_3588_44283 33427 34878 40695 -1 -1 1106 0.0318781
Chain
	Aln	8	-SRR33939694.61290/1 1 1423 1541 +edge_5_0_+disjointig_2_3588_44283 5816 7267 40695 -1 -1 1106 0.0318781
Chain
	Aln	9	+SRR33939694.61300/1 117 1198 1200 -edge_5_0_+disjointig_2_3588_44283 5578 6676 40695 -1 -1 717 0.0602225
Chain
	Aln	8	-SRR33939694.61300/1 1 1082 1200 +edge_5_0_+disjointig_2_3588_44283 34018 35116 40695 -1 -1 717 0.0602225
Chain
	Aln	8	+SRR33939694.61293/1 133 1925 1927 +edge_5_0_+disjointig_2_3588_44283 9023 10806 40695 -1 -1 1618 0.0237198
Chain
	Aln	9	-SRR33939694.61293/1 1 1793 1927 -edge_5_0_+disjointig_2_3588_44283 29888 31671 40695 -1 -1 1618 0.0237198
Chain
	Aln	8	+SRR33939694.61390/1 112 1115 1130 +edge_5_0_+disjointig_2_3588_44283 31644 32651 40695 -1 -1 880 0.0329993
Chain
	Aln	9	-SRR33939694.61390/1 14 1017 1130 -edge_5_0_+disjointig_2_3588_44283 8043 9050 40695 -1 -1 880 0.0329993
Chain
	Aln	3	+SRR33939694.61342/1 138 1219 1221 -edge_2_1_+disjointig_2_2428_3588 2 1093 1160 -1 -1 1026 0.0192224
Chain
	Aln	2	-SRR33939694.61342/1 1 1082 1221 +edge_2_1_+disjointig_2_2428_3588 66 1157 1160 -1 -1 1026 0.0192224
Chain
	Aln	9	+SRR33939694.61441/1 111 1330 1332 -edge_5_0_+disjointig_2_3588_44283 35950 37165 40695 -1 -1 1081 0.02205
Chain
	Aln	8	-SRR33939694.61441/1 1 1220 1332 +edge_5_0_+disjointig_2_3588_44283 3529 4744 40695 -1 -1 1081 0.02205
Chain
	Aln	9	+SRR33939694.61465/1 115 1149 1152 -edge_5_0_+disjointig_2_3588_44283 14660 15699 40695 -1 -1 929 0.0180967
Chain
	Aln	8	-SRR33939694.61465/1 2 1036 1152 +edge_5_0_+disjointig_2_3588_44283 24995 26034 40695 -1 -1 929 0.0180967
Chain
	Aln	8	+SRR33939694.61472/1 107 1627 1629 +edge_5_0_+disjointig_2_3588_44283 13385 14904 40695 -1 -1 1299 0.0254536
Chain
	Aln	9	-SRR33939694.61472/1 1 1521 1629 -edge_5_0_+disjointig_2_3588_44283 25790 27309 40695 -1 -1 1299 0.0254536
Chain
	Aln	9	+SRR33939694.61478/1 112 1193 1211 -edge_5_0_+disjointig_2_3588_44283 22431 23516 40695 -1 -1 874 0.0409796
Chain
	Aln	8	-SRR33939694.61478/1 17 1098 1211 +edge_5_0_+disjointig_2_3588_44283 17178 18263 40695 -1 -1 874 0.0409796
Chain
	Aln	6	+SRR33939694.61461/1 123 2720 2722 +edge_4_0_+disjointig_1_22059_47419 9617 12222 25360 -1 -1 2474 0.0109536
Chain
	Aln	7	-SRR33939694.61461/1 1 2598 2722 -edge_4_0_+disjointig_1_22059_47419 13137 15742 25360 -1 -1 2474 0.0109536
Chain
	Aln	9	+SRR33939694.61519/1 114 1306 1320 -edge_5_0_+disjointig_2_3588_44283 5519 6709 40695 -1 -1 1088 0.0209436
Chain
	Aln	8	-SRR33939694.61519/1 13 1205 1320 +edge_5_0_+disjointig_2_3588_44283 33985 35175 40695 -1 -1 1088 0.0209436
Chain
	Aln	9	+SRR33939694.61551/1 133 1304 1312 -edge_5_0_+disjointig_2_3588_44283 1604 2815 40695 -1 -1 817 0.0512678
Chain
	Aln	8	-SRR33939694.61551/1 7 1178 1312 +edge_5_0_+disjointig_2_3588_44283 37879 39090 40695 -1 -1 817 0.0512678
Chain
	Aln	6	+SRR33939694.61539/1 658 1988 2007 +edge_4_0_+disjointig_1_22059_47419 22618 23958 25360 -1 -1 1116 0.0394055
Chain
	Aln	7	-SRR33939694.61539/1 18 1348 2007 -edge_4_0_+disjointig_1_22059_47419 1401 2741 25360 -1 -1 1116 0.0394055
Chain
	Aln	9	+SRR33939694.61606/1 122 1409 1433 -edge_5_0_+disjointig_2_3588_44283 11572 12870 40695 -1 -1 1200 0.0191049
Chain
	Aln	8	-SRR33939694.61606/1 23 1310 1433 +edge_5_0_+disjointig_2_3588_44283 27824 29122 40695 -1 -1 1200 0.0191049
Chain
	Aln	9	+SRR33939694.61618/1 110 1330 1332 -edge_5_0_+disjointig_2_3588_44283 15326 16560 40695 -1 -1 1056 0.0322838
Chain
	Aln	8	-SRR33939694.61618/1 1 1221 1332 +edge_5_0_+disjointig_2_3588_44283 24134 25368 40695 -1 -1 1056 0.0322838
Chain
	Aln	9	+SRR33939694.61621/1 113 1115 1117 -edge_5_0_+disjointig_2_3588_44283 38299 39303 40695 -1 -1 975 0.0153912
Chain
	Aln	8	-SRR33939694.61621/1 1 1003 1117 +edge_5_0_+disjointig_2_3588_44283 1391 2395 40695 -1 -1 975 0.0153912
Chain
	Aln	9	+SRR33939694.61559/1 110 1816 1890 -edge_5_0_+disjointig_2_3588_44283 11274 13066 40695 -1 -1 1083 0.0643949
Chain
	Aln	8	-SRR33939694.61559/1 73 1779 1890 +edge_5_0_+disjointig_2_3588_44283 27628 29420 40695 -1 -1 1083 0.0643949
Chain
	Aln	9	+SRR33939694.61660/1 114 1412 1414 -edge_5_0_+disjointig_2_3588_44283 20164 21465 40695 -1 -1 1237 0.0191153
Chain
	Aln	8	-SRR33939694.61660/1 1 1299 1414 +edge_5_0_+disjointig_2_3588_44283 19229 20530 40695 -1 -1 1237 0.0191153
Chain
	Aln	8	+SRR33939694.61677/1 118 1154 1171 +edge_5_0_+disjointig_2_3588_44283 13806 14840 40695 -1 -1 973 0.0131885
Chain
	Aln	9	-SRR33939694.61677/1 16 1052 1171 -edge_5_0_+disjointig_2_3588_44283 25854 26888 40695 -1 -1 973 0.0131885
Chain
	Aln	8	+SRR33939694.61644/1 115 1298 1307 +edge_5_0_+disjointig_2_3588_44283 5207 6411 40695 -1 -1 1001 0.0399313
Chain
	Aln	9	-SRR33939694.61644/1 8 1191 1307 -edge_5_0_+disjointig_2_3588_44283 34283 35487 40695 -1 -1 1001 0.0399313
Chain
	Aln	8	+SRR33939694.61709/1 115 1219 1233 +edge_5_0_+disjointig_2_3588_44283 18764 19884 40695 -1 -1 967 0.0239959
Chain
	Aln	9	-SRR33939694.61709/1 13 1117 1233 -edge_5_0_+disjointig_2_3588_44283 20810 21930 40695 -1 -1 967 0.0239959
Chain
	Aln	9	+SRR33939694.61718/1 140 1375 1398 -edge_5_0_+disjointig_2_3588_44283 15251 16491 40695 -1 -1 998 0.0351877
Chain
	Aln	8	-SRR33939694.61718/1 22 1257 1398 +edge_5_0_+disjointig_2_3588_44283 24203 25443 40695 -1 -1 998 0.0351877
Chain
	Aln	8	+SRR33939694.61682/1 109 1406 1408 +edge_5_0_+disjointig_2_3588_44283 7127 8428 40695 -1 -1 953 0.0505798
Chain
	Aln	9	-SRR33939694.61682/1 1 1298 1408 -edge_5_0_+disjointig_2_3588_44283 32266 33567 40695 -1 -1 953 0.0505798
Chain
	Aln	9	+SRR33939694.61780/1 118 1125 1145 -edge_5_0_+disjointig_2_3588_44283 20054 21066 40695 -1 -1 951 0.0197968
Chain
	Aln	8	-SRR33939694.61780/1 19 1026 1145 +edge_5_0_+disjointig_2_3588_44283 19628 20640 40695 -1 -1 951 0.0197968
Chain
	Aln	8	+SRR33939694.61844/1 106 1131 1133 +edge_5_0_+disjointig_2_3588_44283 18870 19901 40695 -1 -1 921 0.0246765
Chain
	Aln	9	-SRR33939694.61844/1 1 1026 1133 -edge_5_0_+disjointig_2_3588_44283 20793 21824 40695 -1 -1 921 0.0246765
Chain
	Aln	9	+SRR33939694.61804/1 103 1260 1270 -edge_5_0_+disjointig_2_3588_44283 31445 32605 40695 -1 -1 1132 0.0144071
Chain
	Aln	8	-SRR33939694.61804/1 9 1166 1270 +edge_5_0_+disjointig_2_3588_44283 8089 9249 40695 -1 -1 1132 0.0144071
Chain
	Aln	8	+SRR33939694.61859/1 120 1511 1513 +edge_5_0_+disjointig_2_3588_44283 14042 15424 40695 -1 -1 1311 0.0156432
Chain
	Aln	9	-SRR33939694.61859/1 1 1392 1513 -edge_5_0_+disjointig_2_3588_44283 25270 26652 40695 -1 -1 1311 0.0156432
Chain
	Aln	8	+SRR33939694.61851/1 118 1678 1680 +edge_5_0_+disjointig_2_3588_44283 17379 18948 40695 -1 -1 1438 0.0221221
Chain
	Aln	9	-SRR33939694.61851/1 1 1561 1680 -edge_5_0_+disjointig_2_3588_44283 21746 23315 40695 -1 -1 1438 0.0221221
Chain
	Aln	9	+SRR33939694.61897/1 106 1488 1500 -edge_5_0_+disjointig_2_3588_44283 16160 17558 40695 -1 -1 1154 0.0400385
Chain
	Aln	8	-SRR33939694.61897/1 11 1393 1500 +edge_5_0_+disjointig_2_3588_44283 23136 24534 40695 -1 -1 1154 0.0400385
Chain
	Aln	9	+SRR33939694.61902/1 126 1630 1632 -edge_5_0_+disjointig_2_3588_44283 33179 34705 40695 -1 -1 1443 0.0153099
Chain
	Aln	8	-SRR33939694.61902/1 1 1505 1632 +edge_5_0_+disjointig_2_3588_44283 5989 7515 40695 -1 -1 1443 0.0153099
Chain
	Aln	9	+SRR33939694.61909/1 114 1653 1655 -edge_5_0_+disjointig_2_3588_44283 1391 2957 40695 -1 -1 1333 0.0302718
Chain
	Aln	8	-SRR33939694.61909/1 1 1540 1655 +edge_5_0_+disjointig_2_3588_44283 37737 39303 40695 -1 -1 1333 0.0302718
Chain
	Aln	8	+SRR33939694.61962/1 106 1358 1360 +edge_5_0_+disjointig_2_3588_44283 10297 11558 40695 -1 -1 1014 0.0328181
Chain
	Aln	9	-SRR33939694.61962/1 1 1253 1360 -edge_5_0_+disjointig_2_3588_44283 29136 30397 40695 -1 -1 1014 0.0328181
Chain
	Aln	8	+SRR33939694.61974/1 112 1468 1473 +edge_5_0_+disjointig_2_3588_44283 19910 21273 40695 -1 -1 1317 0.0118011
Chain
	Aln	9	-SRR33939694.61974/1 4 1360 1473 -edge_5_0_+disjointig_2_3588_44283 19421 20784 40695 -1 -1 1317 0.0118011
Chain
	Aln	8	+SRR33939694.62076/1 134 1157 1159 +edge_5_0_+disjointig_2_3588_44283 23120 24141 40695 -1 -1 920 0.0246543
Chain
	Aln	9	-SRR33939694.62076/1 1 1024 1159 -edge_5_0_+disjointig_2_3588_44283 16553 17574 40695 -1 -1 920 0.0246543
Chain
	Aln	8	+SRR33939694.62068/1 104 1382 1386 +edge_5_0_+disjointig_2_3588_44283 8153 9434 40695 -1 -1 1196 0.0172101
Chain
	Aln	9	-SRR33939694.62068/1 3 1281 1386 -edge_5_0_+disjointig_2_3588_44283 31260 32541 40695 -1 -1 1196 0.0172101
Chain
	Aln	8	+SRR33939694.62105/1 109 1630 1642 +edge_5_0_+disjointig_2_3588_44283 32511 34035 40695 -1 -1 1373 0.0235543
Chain
	Aln	9	-SRR33939694.62105/1 11 1532 1642 -edge_5_0_+disjointig_2_3588_44283 6659 8183 40695 -1 -1 1373 0.0235543
Chain
	Aln	9	+SRR33939694.62020/1 117 1580 1582 -edge_5_0_+disjointig_2_3588_44283 36954 38430 40695 -1 -1 1364 0.0171767
Chain
	Aln	8	-SRR33939694.62020/1 1 1464 1582 +edge_5_0_+disjointig_2_3588_44283 2264 3740 40695 -1 -1 1364 0.0171767
Chain
	Aln	9	+SRR33939694.62109/1 122 1252 1256 -edge_5_0_+disjointig_2_3588_44283 8080 9217 40695 -1 -1 1062 0.0218016
Chain
	Aln	8	-SRR33939694.62109/1 3 1133 1256 +edge_5_0_+disjointig_2_3588_44283 31477 32614 40695 -1 -1 1062 0.0218016
Chain
	Aln	9	+SRR33939694.62110/1 115 1319 1321 -edge_5_0_+disjointig_2_3588_44283 8886 10095 40695 -1 -1 985 0.0382774
Chain
	Aln	8	-SRR33939694.62110/1 1 1205 1321 +edge_5_0_+disjointig_2_3588_44283 30599 31808 40695 -1 -1 985 0.0382774
Chain
	Aln	8	+SRR33939694.62113/1 110 1604 1606 +edge_5_0_+disjointig_2_3588_44283 19796 21292 40695 -1 -1 1438 0.016857
Chain
	Aln	9	-SRR33939694.62113/1 1 1495 1606 -edge_5_0_+disjointig_2_3588_44283 19402 20898 40695 -1 -1 1438 0.016857
Chain
	Aln	9	+SRR33939694.61866/1 221 3713 3718 -edge_5_0_+disjointig_2_3588_44283 9382 12867 40695 -1 -1 3244 0.0204934
Chain
	Aln	8	-SRR33939694.61866/1 4 3496 3718 +edge_5_0_+disjointig_2_3588_44283 27827 31312 40695 -1 -1 3244 0.0204934
Chain
	Aln	8	+SRR33939694.62205/1 111 1257 1259 +edge_5_0_+disjointig_2_3588_44283 26388 27532 40695 -1 -1 1067 0.0152703
Chain
	Aln	9	-SRR33939694.62205/1 1 1147 1259 -edge_5_0_+disjointig_2_3588_44283 13162 14306 40695 -1 -1 1067 0.0152703
Chain
	Aln	9	+SRR33939694.62178/1 114 1721 1743 -edge_5_0_+disjointig_2_3588_44283 5742 7361 40695 -1 -1 1566 0.0123474
Chain
	Aln	8	-SRR33939694.62178/1 21 1628 1743 +edge_5_0_+disjointig_2_3588_44283 33333 34952 40695 -1 -1 1566 0.0123474
Chain
	Aln	8	+SRR33939694.62262/1 125 1140 1142 +edge_5_0_+disjointig_2_3588_44283 27964 28974 40695 -1 -1 806 0.0376038
Chain
	Aln	9	-SRR33939694.62262/1 1 1016 1142 -edge_5_0_+disjointig_2_3588_44283 11720 12730 40695 -1 -1 806 0.0376038
Chain
	Aln	4	+SRR33939694.62275/1 120 1135 1144 +edge_3_0_-disjointig_2_41855_44283 498 1514 2428 -1 -1 842 0.0404768
Chain
	Aln	5	-SRR33939694.62275/1 8 1023 1144 -edge_3_0_-disjointig_2_41855_44283 913 1929 2428 -1 -1 842 0.0404768
Chain
	Aln	8	+SRR33939694.62174/1 104 1991 1997 +edge_5_0_+disjointig_2_3588_44283 5913 7807 40695 -1 -1 1738 0.025184
Chain
	Aln	9	-SRR33939694.62174/1 5 1892 1997 -edge_5_0_+disjointig_2_3588_44283 32887 34781 40695 -1 -1 1738 0.025184
Chain
	Aln	9	+SRR33939694.62393/1 121 1138 1140 -edge_5_0_+disjointig_2_3588_44283 7373 8396 40695 -1 -1 982 0.014767
Chain
	Aln	8	-SRR33939694.62393/1 1 1018 1140 +edge_5_0_+disjointig_2_3588_44283 32298 33321 40695 -1 -1 982 0.014767
Chain
	Aln	8	+SRR33939694.62319/1 120 2608 2612 +edge_5_0_+disjointig_2_3588_44283 11200 13710 40695 -1 -1 1800 0.0426617
Chain
	Aln	9	-SRR33939694.62319/1 3 2491 2612 -edge_5_0_+disjointig_2_3588_44283 26984 29494 40695 -1 -1 1800 0.0426617
Chain
	Aln	8	+SRR33939694.62328/1 110 2574 2578 +edge_5_0_+disjointig_2_3588_44283 13152 15620 40695 -1 -1 1952 0.0347299
Chain
	Aln	9	-SRR33939694.62328/1 3 2467 2578 -edge_5_0_+disjointig_2_3588_44283 25074 27542 40695 -1 -1 1952 0.0347299
Chain
	Aln	8	+SRR33939694.62423/1 136 1292 1294 +edge_5_0_+disjointig_2_3588_44283 11099 12256 40695 -1 -1 1138 0.00729029
Chain
	Aln	9	-SRR33939694.62423/1 1 1157 1294 -edge_5_0_+disjointig_2_3588_44283 28438 29595 40695 -1 -1 1138 0.00729029
Chain
	Aln	8	+SRR33939694.62485/1 127 1169 1179 +edge_5_0_+disjointig_2_3588_44283 29604 30654 40695 -1 -1 1017 0.0163735
Chain
	Aln	9	-SRR33939694.62485/1 9 1051 1179 -edge_5_0_+disjointig_2_3588_44283 10040 11090 40695 -1 -1 1017 0.0163735
Chain
	Aln	9	+SRR33939694.62488/1 115 1115 1135 -edge_5_0_+disjointig_2_3588_44283 30651 31653 40695 -1 -1 892 0.0257553
Chain
	Aln	8	-SRR33939694.62488/1 19 1019 1135 +edge_5_0_+disjointig_2_3588_44283 9041 10043 40695 -1 -1 892 0.0257553
Chain
	Aln	9	+SRR33939694.62585/1 224 1434 1466 -edge_5_0_+disjointig_2_3588_44283 19408 20624 40695 -1 -1 1030 0.0261293
Chain
	Aln	8	-SRR33939694.62585/1 31 1241 1466 +edge_5_0_+disjointig_2_3588_44283 20070 21286 40695 -1 -1 1030 0.0261293
Chain
	Aln	9	+SRR33939694.62577/1 122 1473 1475 -edge_5_0_+disjointig_2_3588_44283 17100 18459 40695 -1 -1 1149 0.0267139
Chain
	Aln	8	-SRR33939694.62577/1 1 1352 1475 +edge_5_0_+disjointig_2_3588_44283 22235 23594 40695 -1 -1 1149 0.0267139
Chain
	Aln	8	+SRR33939694.62422/1 124 1193 2090 +edge_5_0_+disjointig_2_3588_44283 23522 24524 40695 -1 -1 819 0.0359022
Chain
	Aln	9	-SRR33939694.62422/1 896 1965 2090 -edge_5_0_+disjointig_2_3588_44283 16170 17172 40695 -1 -1 819 0.0359022
Chain
	Aln	9	+SRR33939694.62600/1 111 1219 1221 -edge_5_0_+disjointig_2_3588_44283 7037 8146 40695 -1 -1 1041 0.0176222
Chain
	Aln	8	-SRR33939694.62600/1 1 1109 1221 +edge_5_0_+disjointig_2_3588_44283 32548 33657 40695 -1 -1 1041 0.0176222
Chain
	Aln	8	+SRR33939694.62613/1 110 1187 1272 +edge_5_0_+disjointig_2_3588_44283 16306 17403 40695 -1 -1 836 0.0467449
Chain
	Aln	9	-SRR33939694.62613/1 84 1161 1272 -edge_5_0_+disjointig_2_3588_44283 23291 24388 40695 -1 -1 836 0.0467449
Chain
	Aln	0	+SRR33939694.62627/1 220 1761 1763 +edge_1_0_+disjointig_1_0_20896 16917 18465 20896 -1 -1 1408 0.0240139
Chain
	Aln	1	-SRR33939694.62627/1 1 1542 1763 -edge_1_0_+disjointig_1_0_20896 2430 3978 20896 -1 -1 1408 0.0240139
Chain
	Aln	8	+SRR33939694.62672/1 104 1440 1470 +edge_5_0_+disjointig_2_3588_44283 32268 33618 40695 -1 -1 1159 0.0357787
Chain
	Aln	9	-SRR33939694.62672/1 29 1365 1470 -edge_5_0_+disjointig_2_3588_44283 7076 8426 40695 -1 -1 1159 0.0357787
Chain
	Aln	9	+SRR33939694.62878/1 104 1136 1138 -edge_5_0_+disjointig_2_3588_44283 6305 7328 40695 -1 -1 901 0.0224331
Chain
	Aln	8	-SRR33939694.62878/1 1 1033 1138 +edge_5_0_+disjointig_2_3588_44283 33366 34389 40695 -1 -1 901 0.0224331
Chain
	Aln	9	+SRR33939694.62869/1 506 1640 1651 -edge_5_0_+disjointig_2_3588_44283 34073 35178 40695 -1 -1 903 0.0355464
Chain
	Aln	8	-SRR33939694.62869/1 10 1144 1651 +edge_5_0_+disjointig_2_3588_44283 5516 6621 40695 -1 -1 903 0.0355464
Chain
	Aln	8	+SRR33939694.62881/1 114 1154 1157 +edge_5_0_+disjointig_2_3588_44283 26971 28033 40695 -1 -1 748 0.0513663
Chain
	Aln	9	-SRR33939694.62881/1 2 1042 1157 -edge_5_0_+disjointig_2_3588_44283 12661 13723 40695 -1 -1 748 0.0513663
Chain
	Aln	8	+SRR33939694.62862/1 119 2644 2648 +edge_5_0_+disjointig_2_3588_44283 31315 33850 40695 -1 -1 1778 0.0573603
Chain
	Aln	9	-SRR33939694.62862/1 3 2528 2648 -edge_5_0_+disjointig_2_3588_44283 6844 9379 40695 -1 -1 1778 0.0573603
Chain
	Aln	9	+SRR33939694.62899/1 117 1484 1502 -edge_5_0_+disjointig_2_3588_44283 16850 18220 40695 -1 -1 1267 0.0197013
Chain
	Aln	8	-SRR33939694.62899/1 17 1384 1502 +edge_5_0_+disjointig_2_3588_44283 22474 23844 40695 -1 -1 1267 0.0197013
Chain
	Aln	9	+SRR33939694.62901/1 112 1185 1187 -edge_5_0_+disjointig_2_3588_44283 23120 24198 40695 -1 -1 1033 0.016098
Chain
	Aln	8	-SRR33939694.62901/1 1 1074 1187 +edge_5_0_+disjointig_2_3588_44283 16496 17574 40695 -1 -1 1033 0.016098
Chain
	Aln	4	+SRR33939694.62909/1 114 1430 1435 +edge_3_0_-disjointig_2_41855_44283 693 2007 2428 -1 -1 1297 0.00812231
Chain
	Aln	5	-SRR33939694.62909/1 4 1320 1435 -edge_3_0_-disjointig_2_41855_44283 420 1734 2428 -1 -1 1297 0.00812231
Chain
	Aln	8	+SRR33939694.63002/1 116 1774 1776 +edge_5_0_+disjointig_2_3588_44283 21540 23190 40695 -1 -1 1339 0.0311657
Chain
	Aln	9	-SRR33939694.63002/1 1 1659 1776 -edge_5_0_+disjointig_2_3588_44283 17504 19154 40695 -1 -1 1339 0.0311657
Chain
	Aln	8	+SRR33939694.62967/1 112 2299 2327 +edge_5_0_+disjointig_2_3588_44283 8454 10657 40695 -1 -1 2031 0.0192272
Chain
	Aln	9	-SRR33939694.62967/1 27 2214 2327 -edge_5_0_+disjointig_2_3588_44283 30037 32240 40695 -1 -1 2031 0.0192272
Chain
	Aln	8	+SRR33939694.62980/1 129 1456 1466 +edge_5_0_+disjointig_2_3588_44283 11534 12857 40695 -1 -1 1215 0.0176454
Chain
	Aln	9	-SRR33939694.62980/1 9 1336 1466 -edge_5_0_+disjointig_2_3588_44283 27837 29160 40695 -1 -1 1215 0.0176454
Chain
	Aln	8	+SRR33939694.62996/1 111 2001 2318 +edge_5_0_+disjointig_2_3588_44283 36668 38558 40695 -1 -1 1750 0.0189049
Chain
	Aln	9	-SRR33939694.62996/1 316 2206 2318 -edge_5_0_+disjointig_2_3588_44283 2136 4026 40695 -1 -1 1750 0.0189049
Chain
	Aln	8	+SRR33939694.63017/1 119 1186 1198 +edge_5_0_+disjointig_2_3588_44283 36665 37729 40695 -1 -1 966 0.0292707
Chain
	Aln	9	-SRR33939694.63017/1 11 1078 1198 -edge_5_0_+disjointig_2_3588_44283 2965 4029 40695 -1 -1 966 0.0292707
Chain
	Aln	9	+SRR33939694.63031/1 114 1404 1433 -edge_5_0_+disjointig_2_3588_44283 11105 12387 40695 -1 -1 997 0.0401632
Chain
	Aln	8	-SRR33939694.63031/1 28 1318 1433 +edge_5_0_+disjointig_2_3588_44283 28307 29589 40695 -1 -1 997 0.0401632
Chain
	Aln	8	+SRR33939694.63144/1 113 1786 1788 +edge_5_0_+disjointig_2_3588_44283 14521 16208 40695 -1 -1 1527 0.0180428
Chain
	Aln	9	-SRR33939694.63144/1 1 1674 1788 -edge_5_0_+disjointig_2_3588_44283 24486 26173 40695 -1 -1 1527 0.0180428
Chain
	Aln	9	+SRR33939694.63163/1 102 1355 1357 -edge_5_0_+disjointig_2_3588_44283 5608 6854 40695 -1 -1 1099 0.0207212
Chain
	Aln	8	-SRR33939694.63163/1 1 1254 1357 +edge_5_0_+disjointig_2_3588_44283 33840 35086 40695 -1 -1 1099 0.0207212
Chain
	Aln	8	+SRR33939694.63115/1 115 1989 2000 +edge_5_0_+disjointig_2_3588_44283 16710 18609 40695 -1 -1 1734 0.0189699
Chain
	Aln	9	-SRR33939694.63115/1 10 1884 2000 -edge_5_0_+disjointig_2_3588_44283 22085 23984 40695 -1 -1 1734 0.0189699
Chain
	Aln	9	+SRR33939694.63192/1 111 1312 1314 -edge_5_0_+disjointig_2_3588_44283 3616 4820 40695 -1 -1 1172 0.00888833
Chain
	Aln	8	-SRR33939694.63192/1 1 1202 1314 +edge_5_0_+disjointig_2_3588_44283 35874 37078 40695 -1 -1 1172 0.00888833
Chain
	Aln	9	+SRR33939694.63193/1 122 2009 2018 -edge_5_0_+disjointig_2_3588_44283 16472 18353 40695 -1 -1 1695 0.0210001
Chain
	Aln	8	-SRR33939694.63193/1 8 1895 2018 +edge_5_0_+disjointig_2_3588_44283 22341 24222 40695 -1 -1 1695 0.0210001
Chain
	Aln	9	+SRR33939694.63221/1 115 1702 1716 -edge_5_0_+disjointig_2_3588_44283 5778 7363 40695 -1 -1 1526 0.0133207
Chain
	Aln	8	-SRR33939694.63221/1 13 1600 1716 +edge_5_0_+disjointig_2_3588_44283 33331 34916 40695 -1 -1 1526 0.0133207
Chain
	Aln	8	+SRR33939694.63344/1 105 1269 1271 +edge_5_0_+disjointig_2_3588_44283 14266 15433 40695 -1 -1 1096 0.0201215
Chain
	Aln	9	-SRR33939694.63344/1 1 1165 1271 -edge_5_0_+disjointig_2_3588_44283 25261 26428 40695 -1 -1 1096 0.0201215
Chain
	Aln	8	+SRR33939694.63340/1 113 1215 1243 +edge_5_0_+disjointig_2_3588_44283 7392 8482 40695 -1 -1 972 0.0244835
Chain
	Aln	9	-SRR33939694.63340/1 27 1129 1243 -edge_5_0_+disjointig_2_3588_44283 32212 33302 40695 -1 -1 972 0.0244835
Chain
	Aln	8	+SRR33939694.63366/1 110 1387 1392 +edge_5_0_+disjointig_2_3588_44283 29879 31160 40695 -1 -1 1132 0.0251794
Chain
	Aln	9	-SRR33939694.63366/1 4 1281 1392 -edge_5_0_+disjointig_2_3588_44283 9534 10815 40695 -1 -1 1132 0.0251794
Chain
	Aln	9	+SRR33939694.63464/1 101 1237 1239 -edge_5_0_+disjointig_2_3588_44283 1402 2539 40695 -1 -1 1046 0.0193043
Chain
	Aln	8	-SRR33939694.63464/1 1 1137 1239 +edge_5_0_+disjointig_2_3588_44283 38155 39292 40695 -1 -1 1046 0.0193043
Chain
	Aln	8	+SRR33939694.63479/1 117 1299 1312 +edge_5_0_+disjointig_2_3588_44283 28990 30179 40695 -1 -1 1145 0.017304
Chain
	Aln	9	-SRR33939694.63479/1 12 1194 1312 -edge_5_0_+disjointig_2_3588_44283 10515 11704 40695 -1 -1 1145 0.017304
Chain
	Aln	9	+SRR33939694.63577/1 108 1234 1236 -edge_5_0_+disjointig_2_3588_44283 15472 16602 40695 -1 -1 976 0.0204709
Chain
	Aln	8	-SRR33939694.63577/1 1 1127 1236 +edge_5_0_+disjointig_2_3588_44283 24092 25222 40695 -1 -1 976 0.0204709
Chain
	Aln	9	+SRR33939694.63579/1 108 1151 1153 -edge_5_0_+disjointig_2_3588_44283 24153 25198 40695 -1 -1 1011 0.0112591
Chain
	Aln	8	-SRR33939694.63579/1 1 1044 1153 +edge_5_0_+disjointig_2_3588_44283 15496 16541 40695 -1 -1 1011 0.0112591
Chain
	Aln	8	+SRR33939694.63578/1 117 1878 1883 +edge_5_0_+disjointig_2_3588_44283 11540 13323 40695 -1 -1 1306 0.0476693
Chain
	Aln	9	-SRR33939694.63578/1 4 1765 1883 -edge_5_0_+disjointig_2_3588_44283 27371 29154 40695 -1 -1 1306 0.0476693
Chain
	Aln	9	+SRR33939694.63599/1 110 1327 1329 -edge_5_0_+disjointig_2_3588_44283 21118 22339 40695 -1 -1 1108 0.0253229
Chain
	Aln	8	-SRR33939694.63599/1 1 1218 1329 +edge_5_0_+disjointig_2_3588_44283 18355 19576 40695 -1 -1 1108 0.0253229
Chain
	Aln	8	+SRR33939694.63629/1 124 1303 1307 +edge_5_0_+disjointig_2_3588_44283 28171 29353 40695 -1 -1 1158 0.0102428
Chain
	Aln	9	-SRR33939694.63629/1 3 1182 1307 -edge_5_0_+disjointig_2_3588_44283 11341 12523 40695 -1 -1 1158 0.0102428
Chain
	Aln	9	+SRR33939694.63650/1 109 1940 1945 -edge_5_0_+disjointig_2_3588_44283 10491 12336 40695 -1 -1 1304 0.0487223
Chain
	Aln	8	-SRR33939694.63650/1 4 1835 1945 +edge_5_0_+disjointig_2_3588_44283 28358 30203 40695 -1 -1 1304 0.0487223
Chain
	Aln	8	+SRR33939694.63670/1 122 1491 1509 +edge_5_0_+disjointig_2_3588_44283 39310 40676 40695 -1 -1 1319 0.0100864
Chain
	Aln	9	-SRR33939694.63670/1 17 1386 1509 -edge_5_0_+disjointig_2_3588_44283 18 1384 40695 -1 -1 1319 0.0100864
Chain
	Aln	8	+SRR33939694.63775/1 109 1110 1141 +edge_5_0_+disjointig_2_3588_44283 9961 10981 40695 -1 -1 791 0.039906
Chain
	Aln	9	-SRR33939694.63775/1 30 1031 1141 -edge_5_0_+disjointig_2_3588_44283 29713 30733 40695 -1 -1 791 0.039906
Chain
	Aln	9	+SRR33939694.63703/1 109 1781 1786 -edge_5_0_+disjointig_2_3588_44283 27184 28860 40695 -1 -1 1625 0.00968472
Chain
	Aln	8	-SRR33939694.63703/1 4 1676 1786 +edge_5_0_+disjointig_2_3588_44283 11834 13510 40695 -1 -1 1625 0.00968472
Chain
	Aln	8	+SRR33939694.63793/1 107 1368 1370 +edge_5_0_+disjointig_2_3588_44283 29341 30617 40695 -1 -1 1163 0.0258735
Chain
	Aln	9	-SRR33939694.63793/1 1 1262 1370 -edge_5_0_+disjointig_2_3588_44283 10077 11353 40695 -1 -1 1163 0.0258735
Chain
	Aln	9	+SRR33939694.63786/1 124 1129 1132 -edge_5_0_+disjointig_2_3588_44283 1104 2114 40695 -1 -1 989 0.00891493
Chain
	Aln	8	-SRR33939694.63786/1 2 1007 1132 +edge_5_0_+disjointig_2_3588_44283 38580 39590 40695 -1 -1 989 0.00891493
Chain
	Aln	8	+SRR33939694.63866/1 111 1368 1370 +edge_5_0_+disjointig_2_3588_44283 34846 36116 40695 -1 -1 1156 0.0165183
Chain
	Aln	9	-SRR33939694.63866/1 1 1258 1370 -edge_5_0_+disjointig_2_3588_44283 4578 5848 40695 -1 -1 1156 0.0165183
Chain
	Aln	9	+SRR33939694.63684/1 110 4408 4410 -edge_5_0_+disjointig_2_3588_44283 10477 14781 40695 -1 -1 3889 0.0222943
Chain
	Aln	8	-SRR33939694.63684/1 1 4299 4410 +edge_5_0_+disjointig_2_3588_44283 25913 30217 40695 -1 -1 3889 0.0222943
Chain
	Aln	9	+SRR33939694.63973/1 118 1247 1251 -edge_5_0_+disjointig_2_3588_44283 4277 5484 40695 -1 -1 897 0.0407567
Chain
	Aln	8	-SRR33939694.63973/1 3 1132 1251 +edge_5_0_+disjointig_2_3588_44283 35210 36417 40695 -1 -1 897 0.0407567
Chain
	Aln	8	+SRR33939694.63979/1 114 1466 1477 +edge_5_0_+disjointig_2_3588_44283 27051 28400 40695 -1 -1 1271 0.0139152
Chain
	Aln	9	-SRR33939694.63979/1 10 1362 1477 -edge_5_0_+disjointig_2_3588_44283 12294 13643 40695 -1 -1 1271 0.0139152
Chain
	Aln	8	+SRR33939694.64081/1 118 1153 1155 +edge_5_0_+disjointig_2_3588_44283 8995 10038 40695 -1 -1 921 0.0242383
Chain
	Aln	9	-SRR33939694.64081/1 1 1036 1155 -edge_5_0_+disjointig_2_3588_44283 30656 31699 40695 -1 -1 921 0.0242383
Chain
	Aln	9	+SRR33939694.64073/1 118 1596 1598 -edge_5_0_+disjointig_2_3588_44283 23703 25176 40695 -1 -1 1255 0.0324762
Chain
	Aln	8	-SRR33939694.64073/1 1 1479 1598 +edge_5_0_+disjointig_2_3588_44283 15518 16991 40695 -1 -1 1255 0.0324762
Chain
	Aln	9	+SRR33939694.64005/1 108 2315 2330 -edge_5_0_+disjointig_2_3588_44283 1590 3781 40695 -1 -1 1916 0.0254616
Chain
	Aln	8	-SRR33939694.64005/1 14 2221 2330 +edge_5_0_+disjointig_2_3588_44283 36913 39104 40695 -1 -1 1916 0.0254616
Chain
	Aln	9	+SRR33939694.64083/1 155 1161 1163 -edge_5_0_+disjointig_2_3588_44283 22810 23833 40695 -1 -1 919 0.0344413
Chain
	Aln	8	-SRR33939694.64083/1 1 1007 1163 +edge_5_0_+disjointig_2_3588_44283 16861 17884 40695 -1 -1 919 0.0344413
Chain
	Aln	9	+SRR33939694.64111/1 120 1158 1161 -edge_5_0_+disjointig_2_3588_44283 35910 36929 40695 -1 -1 887 0.0301534
Chain
	Aln	8	-SRR33939694.64111/1 2 1040 1161 +edge_5_0_+disjointig_2_3588_44283 3765 4784 40695 -1 -1 887 0.0301534
Chain
	Aln	9	+SRR33939694.64128/1 111 1321 1328 -edge_5_0_+disjointig_2_3588_44283 7385 8592 40695 -1 -1 1087 0.0247906
Chain
	Aln	8	-SRR33939694.64128/1 6 1216 1328 +edge_5_0_+disjointig_2_3588_44283 32102 33309 40695 -1 -1 1087 0.0247906
Chain
	Aln	9	+SRR33939694.64205/1 110 1610 1614 -edge_5_0_+disjointig_2_3588_44283 9754 11259 40695 -1 -1 1372 0.0248105
Chain
	Aln	8	-SRR33939694.64205/1 3 1503 1614 +edge_5_0_+disjointig_2_3588_44283 29435 30940 40695 -1 -1 1372 0.0248105
Chain
	Aln	8	+SRR33939694.64071/1 160 1952 1966 +edge_5_0_+disjointig_2_3588_44283 1 1788 40695 -1 -1 1646 0.0169885
Chain
	Aln	9	-SRR33939694.64071/1 13 1805 1966 -edge_5_0_+disjointig_2_3588_44283 38906 40693 40695 -1 -1 1646 0.0169885
Chain
	Aln	9	+SRR33939694.64232/1 108 1398 1402 -edge_5_0_+disjointig_2_3588_44283 15780 17087 40695 -1 -1 1131 0.0227372
Chain
	Aln	8	-SRR33939694.64232/1 3 1293 1402 +edge_5_0_+disjointig_2_3588_44283 23607 24914 40695 -1 -1 1131 0.0227372
Chain
	Aln	9	+SRR33939694.64233/1 110 1574 1595 -edge_5_0_+disjointig_2_3588_44283 4520 6000 40695 -1 -1 1147 0.0371604
Chain
	Aln	8	-SRR33939694.64233/1 20 1484 1595 +edge_5_0_+disjointig_2_3588_44283 34694 36174 40695 -1 -1 1147 0.0371604
Chain
	Aln	8	+SRR33939694.64263/1 115 1120 1124 +edge_5_0_+disjointig_2_3588_44283 10365 11369 40695 -1 -1 887 0.0303746
Chain
	Aln	9	-SRR33939694.64263/1 3 1008 1124 -edge_5_0_+disjointig_2_3588_44283 29325 30329 40695 -1 -1 887 0.0303746
Chain
	Aln	8	+SRR33939694.64287/1 110 1431 1460 +edge_5_0_+disjointig_2_3588_44283 1769 3121 40695 -1 -1 1041 0.0450404
Chain
	Aln	9	-SRR33939694.64287/1 28 1349 1460 -edge_5_0_+disjointig_2_3588_44283 37573 38925 40695 -1 -1 1041 0.0450404
Chain
	Aln	8	+SRR33939694.64308/1 111 1312 1314 +edge_5_0_+disjointig_2_3588_44283 6334 7547 40695 -1 -1 1164 0.0150582
Chain
	Aln	9	-SRR33939694.64308/1 1 1202 1314 -edge_5_0_+disjointig_2_3588_44283 33147 34360 40695 -1 -1 1164 0.0150582
Chain
	Aln	8	+SRR33939694.64272/1 106 1632 1635 +edge_5_0_+disjointig_2_3588_44283 32266 33808 40695 -1 -1 1468 0.0156239
Chain
	Aln	9	-SRR33939694.64272/1 2 1528 1635 -edge_5_0_+disjointig_2_3588_44283 6886 8428 40695 -1 -1 1468 0.0156239
Chain
	Aln	9	+SRR33939694.64538/1 109 1182 1186 -edge_5_0_+disjointig_2_3588_44283 22782 23871 40695 -1 -1 968 0.0252622
Chain
	Aln	8	-SRR33939694.64538/1 3 1076 1186 +edge_5_0_+disjointig_2_3588_44283 16823 17912 40695 -1 -1 968 0.0252622
Chain
	Aln	8	+SRR33939694.64484/1 112 1495 1497 +edge_5_0_+disjointig_2_3588_44283 16996 18388 40695 -1 -1 1335 0.012357
Chain
	Aln	9	-SRR33939694.64484/1 1 1384 1497 -edge_5_0_+disjointig_2_3588_44283 22306 23698 40695 -1 -1 1335 0.012357
Chain
	Aln	8	+SRR33939694.64359/1 120 1792 1794 +edge_5_0_+disjointig_2_3588_44283 2880 4547 40695 -1 -1 1316 0.0410608
Chain
	Aln	9	-SRR33939694.64359/1 1 1673 1794 -edge_5_0_+disjointig_2_3588_44283 36147 37814 40695 -1 -1 1316 0.0410608
Chain
	Aln	9	+SRR33939694.64603/1 110 1328 1345 -edge_5_0_+disjointig_2_3588_44283 8071 9295 40695 -1 -1 1086 0.0220803
Chain
	Aln	8	-SRR33939694.64603/1 16 1234 1345 +edge_5_0_+disjointig_2_3588_44283 31399 32623 40695 -1 -1 1086 0.0220803
Chain
	Aln	5	+SRR33939694.64654/1 123 1123 1134 -edge_3_0_-disjointig_2_41855_44283 523 1521 2428 -1 -1 881 0.0266481
Chain
	Aln	4	-SRR33939694.64654/1 10 1010 1134 +edge_3_0_-disjointig_2_41855_44283 906 1904 2428 -1 -1 881 0.0266481
Chain
	Aln	8	+SRR33939694.64689/1 110 1432 1434 +edge_5_0_+disjointig_2_3588_44283 14529 15858 40695 -1 -1 1282 0.0109522
Chain
	Aln	9	-SRR33939694.64689/1 1 1323 1434 -edge_5_0_+disjointig_2_3588_44283 24836 26165 40695 -1 -1 1282 0.0109522
Chain
	Aln	9	+SRR33939694.64709/1 112 1325 1329 -edge_5_0_+disjointig_2_3588_44283 28724 29933 40695 -1 -1 1104 0.0170351
Chain
	Aln	8	-SRR33939694.64709/1 3 1216 1329 +edge_5_0_+disjointig_2_3588_44283 10761 11970 40695 -1 -1 1104 0.0170351
Chain
	Aln	8	+SRR33939694.64692/1 108 1199 1202 +edge_5_0_+disjointig_2_3588_44283 811 1911 40695 -1 -1 1053 0.0199306
Chain
	Aln	9	-SRR33939694.64692/1 2 1093 1202 -edge_5_0_+disjointig_2_3588_44283 38783 39883 40695 -1 -1 1053 0.0199306
Chain
	Aln	8	+SRR33939694.64832/1 124 1206 1212 +edge_5_0_+disjointig_2_3588_44283 11065 12142 40695 -1 -1 893 0.0429237
Chain
	Aln	9	-SRR33939694.64832/1 5 1087 1212 -edge_5_0_+disjointig_2_3588_44283 28552 29629 40695 -1 -1 893 0.0429237
Chain
	Aln	8	+SRR33939694.64810/1 113 1464 1466 +edge_5_0_+disjointig_2_3588_44283 22300 23675 40695 -1 -1 1249 0.0153506
Chain
	Aln	9	-SRR33939694.64810/1 1 1352 1466 -edge_5_0_+disjointig_2_3588_44283 17019 18394 40695 -1 -1 1249 0.0153506
Chain
	Aln	8	+SRR33939694.64848/1 109 1318 1320 +edge_5_0_+disjointig_2_3588_44283 16149 17350 40695 -1 -1 1093 0.020728
Chain
	Aln	9	-SRR33939694.64848/1 1 1210 1320 -edge_5_0_+disjointig_2_3588_44283 23344 24545 40695 -1 -1 1093 0.020728
Chain
	Aln	8	+SRR33939694.64817/1 120 2840 2850 +edge_5_0_+disjointig_2_3588_44283 21482 24246 40695 -1 -1 2209 0.0301038
Chain
	Aln	9	-SRR33939694.64817/1 9 2729 2850 -edge_5_0_+disjointig_2_3588_44283 16448 19212 40695 -1 -1 2209 0.0301038
Chain
	Aln	9	+SRR33939694.64949/1 117 1394 1446 -edge_5_0_+disjointig_2_3588_44283 34728 36007 40695 -1 -1 1087 0.0364078
Chain
	Aln	8	-SRR33939694.64949/1 51 1328 1446 +edge_5_0_+disjointig_2_3588_44283 4687 5966 40695 -1 -1 1087 0.0364078
Chain
	Aln	8	+SRR33939694.64985/1 129 1174 1176 +edge_5_0_+disjointig_2_3588_44283 1475 2533 40695 -1 -1 898 0.0349903
Chain
	Aln	9	-SRR33939694.64985/1 1 1046 1176 -edge_5_0_+disjointig_2_3588_44283 38161 39219 40695 -1 -1 898 0.0349903
Chain
	Aln	9	+SRR33939694.64999/1 102 1111 1117 -edge_5_0_+disjointig_2_3588_44283 6307 7315 40695 -1 -1 894 0.0272678
Chain
	Aln	8	-SRR33939694.64999/1 5 1014 1117 +edge_5_0_+disjointig_2_3588_44283 33379 34387 40695 -1 -1 894 0.0272678
Chain
	Aln	8	+SRR33939694.64909/1 114 1667 1674 +edge_5_0_+disjointig_2_3588_44283 31895 33448 40695 -1 -1 1186 0.0374299
Chain
	Aln	9	-SRR33939694.64909/1 6 1559 1674 -edge_5_0_+disjointig_2_3588_44283 7246 8799 40695 -1 -1 1186 0.0374299
Chain
	Aln	9	+SRR33939694.65003/1 128 1294 1296 -edge_5_0_+disjointig_2_3588_44283 5285 6481 40695 -1 -1 947 0.0382044
Chain
	Aln	8	-SRR33939694.65003/1 1 1167 1296 +edge_5_0_+disjointig_2_3588_44283 34213 35409 40695 -1 -1 947 0.0382044
Chain
	Aln	9	+SRR33939694.65025/1 116 1126 1128 -edge_5_0_+disjointig_2_3588_44283 7116 8156 40695 -1 -1 821 0.0405949
Chain
	Aln	8	-SRR33939694.65025/1 1 1011 1128 +edge_5_0_+disjointig_2_3588_44283 32538 33578 40695 -1 -1 821 0.0405949
Chain
	Aln	9	+SRR33939694.65035/1 119 1263 1266 -edge_5_0_+disjointig_2_3588_44283 26216 27371 40695 -1 -1 1064 0.0260437
Chain
	Aln	8	-SRR33939694.65035/1 2 1146 1266 +edge_5_0_+disjointig_2_3588_44283 13323 14478 40695 -1 -1 1064 0.0260437
Chain
	Aln	9	+SRR33939694.65189/1 108 1133 1136 -edge_5_0_+disjointig_2_3588_44283 10451 11490 40695 -1 -1 941 0.0246983
Chain
	Aln	8	-SRR33939694.65189/1 2 1027 1136 +edge_5_0_+disjointig_2_3588_44283 29204 30243 40695 -1 -1 941 0.0246983
Chain
	Aln	9	+SRR33939694.65196/1 116 1795 1797 -edge_5_0_+disjointig_2_3588_44283 7159 8843 40695 -1 -1 1505 0.0284545
Chain
	Aln	8	-SRR33939694.65196/1 1 1680 1797 +edge_5_0_+disjointig_2_3588_44283 31851 33535 40695 -1 -1 1505 0.0284545
Chain
	Aln	9	+SRR33939694.65234/1 118 1465 1467 -edge_5_0_+disjointig_2_3588_44283 1182 2540 40695 -1 -1 1067 0.0397626
Chain
	Aln	8	-SRR33939694.65234/1 1 1348 1467 +edge_5_0_+disjointig_2_3588_44283 38154 39512 40695 -1 -1 1067 0.0397626
Chain
	Aln	8	+SRR33939694.65212/1 119 1155 1158 +edge_5_0_+disjointig_2_3588_44283 9429 10471 40695 -1 -1 844 0.0368833
Chain
	Aln	9	-SRR33939694.65212/1 2 1038 1158 -edge_5_0_+disjointig_2_3588_44283 30223 31265 40695 -1 -1 844 0.0368833
Chain
	Aln	9	+SRR33939694.65202/1 127 1154 1156 -edge_5_0_+disjointig_2_3588_44283 35235 36265 40695 -1 -1 931 0.0207525
Chain
	Aln	8	-SRR33939694.65202/1 1 1028 1156 +edge_5_0_+disjointig_2_3588_44283 4429 5459 40695 -1 -1 931 0.0207525
Chain
	Aln	9	+SRR33939694.65262/1 121 1208 1241 -edge_5_0_+disjointig_2_3588_44283 29638 30735 40695 -1 -1 917 0.0342641
Chain
	Aln	8	-SRR33939694.65262/1 32 1119 1241 +edge_5_0_+disjointig_2_3588_44283 9959 11056 40695 -1 -1 917 0.0342641
Chain
	Aln	9	+SRR33939694.65342/1 114 1496 1537 -edge_5_0_+disjointig_2_3588_44283 28342 29729 40695 -1 -1 1257 0.0200673
Chain
	Aln	8	-SRR33939694.65342/1 40 1422 1537 +edge_5_0_+disjointig_2_3588_44283 10965 12352 40695 -1 -1 1257 0.0200673
Chain
	Aln	9	+SRR33939694.65392/1 107 1286 1306 -edge_5_0_+disjointig_2_3588_44283 21104 22293 40695 -1 -1 975 0.0361863
Chain
	Aln	8	-SRR33939694.65392/1 19 1198 1306 +edge_5_0_+disjointig_2_3588_44283 18401 19590 40695 -1 -1 975 0.0361863
Chain
	Aln	9	+SRR33939694.65367/1 108 1903 1905 -edge_5_0_+disjointig_2_3588_44283 31585 33385 40695 -1 -1 1616 0.0230063
Chain
	Aln	8	-SRR33939694.65367/1 1 1796 1905 +edge_5_0_+disjointig_2_3588_44283 7309 9109 40695 -1 -1 1616 0.0230063
Chain
	Aln	8	+SRR33939694.65403/1 126 1229 1239 +edge_5_0_+disjointig_2_3588_44283 5477 6586 40695 -1 -1 987 0.0224741
Chain
	Aln	9	-SRR33939694.65403/1 9 1112 1239 -edge_5_0_+disjointig_2_3588_44283 34108 35217 40695 -1 -1 987 0.0224741
Chain
	Aln	5	+SRR33939694.65388/1 109 1261 1320 -edge_3_0_-disjointig_2_41855_44283 1271 2427 2428 -1 -1 1125 0.0108632
Chain
	Aln	4	-SRR33939694.65388/1 58 1210 1320 +edge_3_0_-disjointig_2_41855_44283 0 1156 2428 -1 -1 1125 0.0108632
Chain
	Aln	8	+SRR33939694.65462/1 125 1584 1593 +edge_5_0_+disjointig_2_3588_44283 3081 4647 40695 -1 -1 1147 0.0370667
Chain
	Aln	9	-SRR33939694.65462/1 8 1467 1593 -edge_5_0_+disjointig_2_3588_44283 36047 37613 40695 -1 -1 1147 0.0370667
Chain
	Aln	8	+SRR33939694.65579/1 120 1347 1350 +edge_5_0_+disjointig_2_3588_44283 5746 6982 40695 -1 -1 1150 0.0149835
Chain
	Aln	9	-SRR33939694.65579/1 2 1229 1350 -edge_5_0_+disjointig_2_3588_44283 33712 34948 40695 -1 -1 1150 0.0149835
Chain
	Aln	5	+SRR33939694.65559/1 109 1129 1131 -edge_3_0_-disjointig_2_41855_44283 587 1605 2428 -1 -1 950 0.0173202
Chain
	Aln	4	-SRR33939694.65559/1 1 1021 1131 +edge_3_0_-disjointig_2_41855_44283 822 1840 2428 -1 -1 950 0.0173202
Chain
	Aln	8	+SRR33939694.65625/1 132 1143 1154 +edge_5_0_+disjointig_2_3588_44283 7463 8476 40695 -1 -1 890 0.0342784
Chain
	Aln	9	-SRR33939694.65625/1 10 1021 1154 -edge_5_0_+disjointig_2_3588_44283 32218 33231 40695 -1 -1 890 0.0342784
Chain
	Aln	8	+SRR33939694.65582/1 113 1253 1258 +edge_5_0_+disjointig_2_3588_44283 36798 37933 40695 -1 -1 1009 0.0280376
Chain
	Aln	9	-SRR33939694.65582/1 4 1144 1258 -edge_5_0_+disjointig_2_3588_44283 2761 3896 40695 -1 -1 1009 0.0280376
Chain
	Aln	9	+SRR33939694.65663/1 121 1305 1307 -edge_5_0_+disjointig_2_3588_44283 18224 19377 40695 -1 -1 948 0.0287864
Chain
	Aln	8	-SRR33939694.65663/1 1 1185 1307 +edge_5_0_+disjointig_2_3588_44283 21317 22470 40695 -1 -1 948 0.0287864
Chain
	Aln	8	+SRR33939694.65682/1 113 1252 1265 +edge_5_0_+disjointig_2_3588_44283 32930 34072 40695 -1 -1 1100 0.0185642
Chain
	Aln	9	-SRR33939694.65682/1 12 1151 1265 -edge_5_0_+disjointig_2_3588_44283 6622 7764 40695 -1 -1 1100 0.0185642
Chain
	Aln	8	+SRR33939694.65713/1 106 1244 1260 +edge_5_0_+disjointig_2_3588_44283 3356 4483 40695 -1 -1 1009 0.0239148
Chain
	Aln	9	-SRR33939694.65713/1 15 1153 1260 -edge_5_0_+disjointig_2_3588_44283 36211 37338 40695 -1 -1 1009 0.0239148
Chain
	Aln	8	+SRR33939694.65714/1 114 1180 1186 +edge_5_0_+disjointig_2_3588_44283 1057 2149 40695 -1 -1 949 0.0262608
Chain
	Aln	9	-SRR33939694.65714/1 5 1071 1186 -edge_5_0_+disjointig_2_3588_44283 38545 39637 40695 -1 -1 949 0.0262608
Chain
	Aln	9	+SRR33939694.65730/1 103 1659 1661 -edge_5_0_+disjointig_2_3588_44283 6693 8243 40695 -1 -1 1413 0.0243743
Chain
	Aln	8	-SRR33939694.65730/1 1 1557 1661 +edge_5_0_+disjointig_2_3588_44283 32451 34001 40695 -1 -1 1413 0.0243743
Chain
	Aln	1	+SRR33939694.65779/1 116 1503 1505 -edge_1_0_+disjointig_1_0_20896 18608 20013 20896 -1 -1 1246 0.0294275
Chain
	Aln	0	-SRR33939694.65779/1 1 1388 1505 +edge_1_0_+disjointig_1_0_20896 882 2287 20896 -1 -1 1246 0.0294275
Chain
	Aln	5	+SRR33939694.65840/1 107 1414 1418 -edge_3_0_-disjointig_2_41855_44283 348 1665 2428 -1 -1 1196 0.0243915
Chain
	Aln	4	-SRR33939694.65840/1 3 1310 1418 +edge_3_0_-disjointig_2_41855_44283 762 2079 2428 -1 -1 1196 0.0243915
Chain
	Aln	8	+SRR33939694.65905/1 108 1172 1174 +edge_5_0_+disjointig_2_3588_44283 24910 25979 40695 -1 -1 969 0.0278576
Chain
	Aln	9	-SRR33939694.65905/1 1 1065 1174 -edge_5_0_+disjointig_2_3588_44283 14715 15784 40695 -1 -1 969 0.0278576
Chain
	Aln	9	+SRR33939694.65748/1 114 2043 2045 -edge_5_0_+disjointig_2_3588_44283 35987 37912 40695 -1 -1 1738 0.0208849
Chain
	Aln	8	-SRR33939694.65748/1 1 1930 2045 +edge_5_0_+disjointig_2_3588_44283 2782 4707 40695 -1 -1 1738 0.0208849
Chain
	Aln	9	+SRR33939694.65977/1 141 1563 1566 -edge_5_0_+disjointig_2_3588_44283 35668 37093 40695 -1 -1 1331 0.0196033
Chain
	Aln	8	-SRR33939694.65977/1 2 1424 1566 +edge_5_0_+disjointig_2_3588_44283 3601 5026 40695 -1 -1 1331 0.0196033
Chain
	Aln	9	+SRR33939694.65991/1 109 1303 1316 -edge_5_0_+disjointig_2_3588_44283 13059 14262 40695 -1 -1 1005 0.0322935
Chain
	Aln	8	-SRR33939694.65991/1 12 1206 1316 +edge_5_0_+disjointig_2_3588_44283 26432 27635 40695 -1 -1 1005 0.0322935
Chain
	Aln	6	+SRR33939694.66041/1 644 1682 1698 +edge_4_0_+disjointig_1_22059_47419 4003 5045 25360 -1 -1 861 0.0340939
Chain
	Aln	7	-SRR33939694.66041/1 15 1053 1698 -edge_4_0_+disjointig_1_22059_47419 20314 21356 25360 -1 -1 861 0.0340939
Chain
	Aln	9	+SRR33939694.66055/1 111 1282 1284 -edge_5_0_+disjointig_2_3588_44283 6576 7758 40695 -1 -1 1138 0.0157071
Chain
	Aln	8	-SRR33939694.66055/1 1 1172 1284 +edge_5_0_+disjointig_2_3588_44283 32936 34118 40695 -1 -1 1138 0.0157071
Chain
	Aln	8	+SRR33939694.66094/1 121 1143 1169 +edge_5_0_+disjointig_2_3588_44283 27593 28613 40695 -1 -1 969 0.0124594
Chain
	Aln	9	-SRR33939694.66094/1 25 1047 1169 -edge_5_0_+disjointig_2_3588_44283 12081 13101 40695 -1 -1 969 0.0124594
Chain
	Aln	9	+SRR33939694.66133/1 112 1290 1319 -edge_5_0_+disjointig_2_3588_44283 39199 40378 40695 -1 -1 960 0.0323934
Chain
	Aln	8	-SRR33939694.66133/1 28 1206 1319 +edge_5_0_+disjointig_2_3588_44283 316 1495 40695 -1 -1 960 0.0323934
Chain
	Aln	8	+SRR33939694.66183/1 109 1242 1258 +edge_5_0_+disjointig_2_3588_44283 35397 36525 40695 -1 -1 825 0.0485256
Chain
	Aln	9	-SRR33939694.66183/1 15 1148 1258 -edge_5_0_+disjointig_2_3588_44283 4169 5297 40695 -1 -1 825 0.0485256
Chain
	Aln	8	+SRR33939694.66256/1 140 1163 1165 +edge_5_0_+disjointig_2_3588_44283 37956 38961 40695 -1 -1 917 0.0268844
Chain
	Aln	9	-SRR33939694.66256/1 1 1024 1165 -edge_5_0_+disjointig_2_3588_44283 1733 2738 40695 -1 -1 917 0.0268844
Chain
	Aln	0	+SRR33939694.66244/1 287 1333 1335 +edge_1_0_+disjointig_1_0_20896 1297 2353 20896 -1 -1 963 0.025309
Chain
	Aln	1	-SRR33939694.66244/1 1 1047 1335 -edge_1_0_+disjointig_1_0_20896 18542 19598 20896 -1 -1 963 0.025309
Chain
	Aln	8	+SRR33939694.66361/1 111 1238 1240 +edge_5_0_+disjointig_2_3588_44283 12109 13233 40695 -1 -1 1001 0.023577
Chain
	Aln	9	-SRR33939694.66361/1 1 1128 1240 -edge_5_0_+disjointig_2_3588_44283 27461 28585 40695 -1 -1 1001 0.023577
Chain
	Aln	8	+SRR33939694.66371/1 122 1161 1169 +edge_5_0_+disjointig_2_3588_44283 20039 21078 40695 -1 -1 996 0.0156799
Chain
	Aln	9	-SRR33939694.66371/1 7 1046 1169 -edge_5_0_+disjointig_2_3588_44283 19616 20655 40695 -1 -1 996 0.0156799
Chain
	Aln	8	+SRR33939694.66403/1 109 1160 1162 +edge_5_0_+disjointig_2_3588_44283 8224 9284 40695 -1 -1 867 0.0314819
Chain
	Aln	9	-SRR33939694.66403/1 1 1052 1162 -edge_5_0_+disjointig_2_3588_44283 31410 32470 40695 -1 -1 867 0.0314819
Chain
	Aln	9	+SRR33939694.66488/1 138 1177 1179 -edge_5_0_+disjointig_2_3588_44283 34984 36026 40695 -1 -1 947 0.0194342
Chain
	Aln	8	-SRR33939694.66488/1 1 1040 1179 +edge_5_0_+disjointig_2_3588_44283 4668 5710 40695 -1 -1 947 0.0194342
Chain
	Aln	8	+SRR33939694.66462/1 123 1542 1573 +edge_5_0_+disjointig_2_3588_44283 412 1843 40695 -1 -1 1195 0.0351052
Chain
	Aln	9	-SRR33939694.66462/1 30 1449 1573 -edge_5_0_+disjointig_2_3588_44283 38851 40282 40695 -1 -1 1195 0.0351052
Chain
	Aln	7	+SRR33939694.66236/1 241 3516 3520 -edge_4_0_+disjointig_1_22059_47419 15096 18399 25360 -1 -1 2927 0.0277637
Chain
	Aln	6	-SRR33939694.66236/1 3 3278 3520 +edge_4_0_+disjointig_1_22059_47419 6960 10263 25360 -1 -1 2927 0.0277637
Chain
	Aln	8	+SRR33939694.66641/1 114 1334 1337 +edge_5_0_+disjointig_2_3588_44283 31431 32650 40695 -1 -1 1031 0.0320272
Chain
	Aln	9	-SRR33939694.66641/1 2 1222 1337 -edge_5_0_+disjointig_2_3588_44283 8044 9263 40695 -1 -1 1031 0.0320272
Chain
	Aln	9	+SRR33939694.66726/1 115 1177 1190 -edge_5_0_+disjointig_2_3588_44283 30439 31535 40695 -1 -1 926 0.0290601
Chain
	Aln	8	-SRR33939694.66726/1 12 1074 1190 +edge_5_0_+disjointig_2_3588_44283 9159 10255 40695 -1 -1 926 0.0290601
Chain
	Aln	9	+SRR33939694.66745/1 119 1285 1287 -edge_5_0_+disjointig_2_3588_44283 34726 35884 40695 -1 -1 970 0.0340379
Chain
	Aln	8	-SRR33939694.66745/1 1 1167 1287 +edge_5_0_+disjointig_2_3588_44283 4810 5968 40695 -1 -1 970 0.0340379
Chain
	Aln	9	+SRR33939694.66478/1 119 1861 1913 -edge_5_0_+disjointig_2_3588_44283 8176 9941 40695 -1 -1 1485 0.032248
Chain
	Aln	8	-SRR33939694.66478/1 51 1793 1913 +edge_5_0_+disjointig_2_3588_44283 30753 32518 40695 -1 -1 1485 0.032248
Chain
	Aln	8	+SRR33939694.66769/1 107 1366 1381 +edge_5_0_+disjointig_2_3588_44283 25795 27051 40695 -1 -1 1114 0.0307197
Chain
	Aln	9	-SRR33939694.66769/1 14 1273 1381 -edge_5_0_+disjointig_2_3588_44283 13643 14899 40695 -1 -1 1114 0.0307197
Chain
	Aln	9	+SRR33939694.66772/1 111 1263 1349 -edge_5_0_+disjointig_2_3588_44283 6517 7663 40695 -1 -1 900 0.0460495
Chain
	Aln	8	-SRR33939694.66772/1 85 1237 1349 +edge_5_0_+disjointig_2_3588_44283 33031 34177 40695 -1 -1 900 0.0460495
Chain
	Aln	9	+SRR33939694.66867/1 104 1134 1158 -edge_5_0_+disjointig_2_3588_44283 10345 11382 40695 -1 -1 971 0.0168381
Chain
	Aln	8	-SRR33939694.66867/1 23 1053 1158 +edge_5_0_+disjointig_2_3588_44283 29312 30349 40695 -1 -1 971 0.0168381
Chain
	Aln	8	+SRR33939694.66975/1 119 1187 1189 +edge_5_0_+disjointig_2_3588_44283 15817 16910 40695 -1 -1 969 0.0248992
Chain
	Aln	9	-SRR33939694.66975/1 1 1069 1189 -edge_5_0_+disjointig_2_3588_44283 23784 24877 40695 -1 -1 969 0.0248992
Chain
	Aln	5	+SRR33939694.66934/1 114 1352 1356 -edge_3_0_-disjointig_2_41855_44283 757 2002 2428 -1 -1 1112 0.0192846
Chain
	Aln	4	-SRR33939694.66934/1 3 1241 1356 +edge_3_0_-disjointig_2_41855_44283 425 1670 2428 -1 -1 1112 0.0192846
Chain
	Aln	8	+SRR33939694.66983/1 118 1283 1286 +edge_5_0_+disjointig_2_3588_44283 22878 24043 40695 -1 -1 1020 0.0190343
Chain
	Aln	9	-SRR33939694.66983/1 2 1167 1286 -edge_5_0_+disjointig_2_3588_44283 16651 17816 40695 -1 -1 1020 0.0190343
Chain
	Aln	8	+SRR33939694.66981/1 133 1488 1503 +edge_5_0_+disjointig_2_3588_44283 22174 23513 40695 -1 -1 961 0.0500512
Chain
	Aln	9	-SRR33939694.66981/1 14 1369 1503 -edge_5_0_+disjointig_2_3588_44283 17181 18520 40695 -1 -1 961 0.0500512
Chain
	Aln	5	+SRR33939694.67163/1 107 1282 1284 -edge_3_0_-disjointig_2_41855_44283 629 1816 2428 -1 -1 1027 0.0286116
Chain
	Aln	4	-SRR33939694.67163/1 1 1176 1284 +edge_3_0_-disjointig_2_41855_44283 611 1798 2428 -1 -1 1027 0.0286116
Chain
	Aln	9	+SRR33939694.67222/1 122 1410 1412 -edge_5_0_+disjointig_2_3588_44283 12611 13910 40695 -1 -1 1185 0.0205478
Chain
	Aln	8	-SRR33939694.67222/1 1 1289 1412 +edge_5_0_+disjointig_2_3588_44283 26784 28083 40695 -1 -1 1185 0.0205478
Chain
	Aln	8	+SRR33939694.67165/1 114 1271 1273 +edge_5_0_+disjointig_2_3588_44283 25510 26668 40695 -1 -1 1013 0.0235573
Chain
	Aln	9	-SRR33939694.67165/1 1 1158 1273 -edge_5_0_+disjointig_2_3588_44283 14026 15184 40695 -1 -1 1013 0.0235573
Chain
	Aln	9	+SRR33939694.67262/1 91 1354 1363 -edge_5_0_+disjointig_2_3588_44283 6531 7801 40695 -1 -1 1051 0.0353969
Chain
	Aln	8	-SRR33939694.67262/1 8 1271 1363 +edge_5_0_+disjointig_2_3588_44283 32893 34163 40695 -1 -1 1051 0.0353969
Chain
	Aln	9	+SRR33939694.67271/1 127 1479 1482 -edge_5_0_+disjointig_2_3588_44283 10737 12106 40695 -1 -1 1187 0.0246075
Chain
	Aln	8	-SRR33939694.67271/1 2 1354 1482 +edge_5_0_+disjointig_2_3588_44283 28588 29957 40695 -1 -1 1187 0.0246075
Chain
	Aln	4	+SRR33939694.67237/1 331 2751 2754 +edge_3_0_-disjointig_2_41855_44283 1 2426 2428 -1 -1 2344 0.00831492
Chain
	Aln	5	-SRR33939694.67237/1 2 2422 2754 -edge_3_0_-disjointig_2_41855_44283 1 2426 2428 -1 -1 2344 0.00831492
Chain
	Aln	9	+SRR33939694.67296/1 125 1618 1620 -edge_5_0_+disjointig_2_3588_44283 36147 37654 40695 -1 -1 1406 0.0146731
Chain
	Aln	8	-SRR33939694.67296/1 1 1494 1620 +edge_5_0_+disjointig_2_3588_44283 3040 4547 40695 -1 -1 1406 0.0146731
Chain
	Aln	9	+SRR33939694.67409/1 115 1425 1453 -edge_5_0_+disjointig_2_3588_44283 13412 14727 40695 -1 -1 1203 0.0222402
Chain
	Aln	8	-SRR33939694.67409/1 27 1337 1453 +edge_5_0_+disjointig_2_3588_44283 25967 27282 40695 -1 -1 1203 0.0222402
Chain
	Aln	9	+SRR33939694.67379/1 121 1822 1829 -edge_5_0_+disjointig_2_3588_44283 15963 17664 40695 -1 -1 1492 0.0272026
Chain
	Aln	8	-SRR33939694.67379/1 6 1707 1829 +edge_5_0_+disjointig_2_3588_44283 23030 24731 40695 -1 -1 1492 0.0272026
Chain
	Aln	9	+SRR33939694.67420/1 116 1571 1573 -edge_5_0_+disjointig_2_3588_44283 15903 17368 40695 -1 -1 1364 0.0153637
Chain
	Aln	8	-SRR33939694.67420/1 1 1456 1573 +edge_5_0_+disjointig_2_3588_44283 23326 24791 40695 -1 -1 1364 0.0153637
Chain
	Aln	8	+SRR33939694.67443/1 115 1128 1133 +edge_5_0_+disjointig_2_3588_44283 13779 14788 40695 -1 -1 959 0.0150839
Chain
	Aln	9	-SRR33939694.67443/1 4 1017 1133 -edge_5_0_+disjointig_2_3588_44283 25906 26915 40695 -1 -1 959 0.0150839
Chain
	Aln	9	+SRR33939694.67426/1 108 2237 2257 -edge_5_0_+disjointig_2_3588_44283 1075 3197 40695 -1 -1 1768 0.0344992
Chain
	Aln	8	-SRR33939694.67426/1 19 2148 2257 +edge_5_0_+disjointig_2_3588_44283 37497 39619 40695 -1 -1 1768 0.0344992
Chain
	Aln	4	+SRR33939694.67454/1 124 1251 1282 +edge_3_0_-disjointig_2_41855_44283 1102 2240 2428 -1 -1 994 0.0197891
Chain
	Aln	5	-SRR33939694.67454/1 30 1157 1282 -edge_3_0_-disjointig_2_41855_44283 187 1325 2428 -1 -1 994 0.0197891
Chain
	Aln	8	+SRR33939694.67477/1 113 1258 1260 +edge_5_0_+disjointig_2_3588_44283 37386 38519 40695 -1 -1 970 0.0277155
Chain
	Aln	9	-SRR33939694.67477/1 1 1146 1260 -edge_5_0_+disjointig_2_3588_44283 2175 3308 40695 -1 -1 970 0.0277155
Chain
	Aln	9	+SRR33939694.67458/1 112 1165 1167 -edge_5_0_+disjointig_2_3588_44283 23231 24292 40695 -1 -1 951 0.0218495
Chain
	Aln	8	-SRR33939694.67458/1 1 1054 1167 +edge_5_0_+disjointig_2_3588_44283 16402 17463 40695 -1 -1 951 0.0218495
Chain
	Aln	9	+SRR33939694.67496/1 109 1157 1159 -edge_5_0_+disjointig_2_3588_44283 31613 32650 40695 -1 -1 945 0.0233381
Chain
	Aln	8	-SRR33939694.67496/1 1 1049 1159 +edge_5_0_+disjointig_2_3588_44283 8044 9081 40695 -1 -1 945 0.0233381
Chain
	Aln	9	+SRR33939694.67478/1 124 1745 1747 -edge_5_0_+disjointig_2_3588_44283 20096 21715 40695 -1 -1 1507 0.0173307
Chain
	Aln	8	-SRR33939694.67478/1 1 1622 1747 +edge_5_0_+disjointig_2_3588_44283 18979 20598 40695 -1 -1 1507 0.0173307
Chain
	Aln	9	+SRR33939694.67499/1 107 1593 1608 -edge_5_0_+disjointig_2_3588_44283 30216 31708 40695 -1 -1 1196 0.0382373
Chain
	Aln	8	-SRR33939694.67499/1 14 1500 1608 +edge_5_0_+disjointig_2_3588_44283 8986 10478 40695 -1 -1 1196 0.0382373
Chain
	Aln	9	+SRR33939694.67546/1 109 1230 1233 -edge_5_0_+disjointig_2_3588_44283 8325 9445 40695 -1 -1 1079 0.0121365
Chain
	Aln	8	-SRR33939694.67546/1 2 1123 1233 +edge_5_0_+disjointig_2_3588_44283 31249 32369 40695 -1 -1 1079 0.0121365
Chain
	Aln	9	+SRR33939694.67564/1 107 1331 1333 -edge_5_0_+disjointig_2_3588_44283 18494 19727 40695 -1 -1 1109 0.0216768
Chain
	Aln	8	-SRR33939694.67564/1 1 1225 1333 +edge_5_0_+disjointig_2_3588_44283 20967 22200 40695 -1 -1 1109 0.0216768
Chain
	Aln	8	+SRR33939694.67547/1 110 2682 2689 +edge_5_0_+disjointig_2_3588_44283 7393 9976 40695 -1 -1 2116 0.0303945
Chain
	Aln	9	-SRR33939694.67547/1 6 2578 2689 -edge_5_0_+disjointig_2_3588_44283 30718 33301 40695 -1 -1 2116 0.0303945
Chain
	Aln	9	+SRR33939694.67592/1 112 1445 1448 -edge_5_0_+disjointig_2_3588_44283 25075 26419 40695 -1 -1 1242 0.0180954
Chain
	Aln	8	-SRR33939694.67592/1 2 1335 1448 +edge_5_0_+disjointig_2_3588_44283 14275 15619 40695 -1 -1 1242 0.0180954
Chain
	Aln	8	+SRR33939694.67643/1 114 1502 1505 +edge_5_0_+disjointig_2_3588_44283 12656 14074 40695 -1 -1 1287 0.0221491
Chain
	Aln	9	-SRR33939694.67643/1 2 1390 1505 -edge_5_0_+disjointig_2_3588_44283 26620 28038 40695 -1 -1 1287 0.0221491
Chain
	Aln	9	+SRR33939694.67679/1 108 1151 1179 -edge_5_0_+disjointig_2_3588_44283 6661 7719 40695 -1 -1 871 0.0332016
Chain
	Aln	8	-SRR33939694.67679/1 27 1070 1179 +edge_5_0_+disjointig_2_3588_44283 32975 34033 40695 -1 -1 871 0.0332016
Chain
	Aln	8	+SRR33939694.67687/1 113 1131 1133 +edge_5_0_+disjointig_2_3588_44283 15084 16099 40695 -1 -1 917 0.025248
Chain
	Aln	9	-SRR33939694.67687/1 1 1019 1133 -edge_5_0_+disjointig_2_3588_44283 24595 25610 40695 -1 -1 917 0.025248
Chain
	Aln	8	+SRR33939694.67688/1 118 1207 1211 +edge_5_0_+disjointig_2_3588_44283 23640 24734 40695 -1 -1 1000 0.0323978
Chain
	Aln	9	-SRR33939694.67688/1 3 1092 1211 -edge_5_0_+disjointig_2_3588_44283 15960 17054 40695 -1 -1 1000 0.0323978
Chain
	Aln	9	+SRR33939694.67574/1 122 5409 5422 -edge_5_0_+disjointig_2_3588_44283 30335 35628 40695 -1 -1 3730 0.0503601
Chain
	Aln	8	-SRR33939694.67574/1 12 5299 5422 +edge_5_0_+disjointig_2_3588_44283 5066 10359 40695 -1 -1 3730 0.0503601
Chain
	Aln	9	+SRR33939694.67727/1 108 1308 1311 -edge_5_0_+disjointig_2_3588_44283 17186 18392 40695 -1 -1 1075 0.0273287
Chain
	Aln	8	-SRR33939694.67727/1 2 1202 1311 +edge_5_0_+disjointig_2_3588_44283 22302 23508 40695 -1 -1 1075 0.0273287
Chain
	Aln	8	+SRR33939694.67739/1 116 1892 1901 +edge_5_0_+disjointig_2_3588_44283 6366 8138 40695 -1 -1 1514 0.0343118
Chain
	Aln	9	-SRR33939694.67739/1 8 1784 1901 -edge_5_0_+disjointig_2_3588_44283 32556 34328 40695 -1 -1 1514 0.0343118
Chain
	Aln	9	+SRR33939694.67752/1 147 1359 1384 -edge_5_0_+disjointig_2_3588_44283 4561 5784 40695 -1 -1 976 0.0335182
Chain
	Aln	8	-SRR33939694.67752/1 24 1236 1384 +edge_5_0_+disjointig_2_3588_44283 34910 36133 40695 -1 -1 976 0.0335182
Chain
	Aln	8	+SRR33939694.67358/1 107 8075 8099 +edge_5_0_+disjointig_2_3588_44283 21209 29218 40695 -1 -1 7141 0.0195906
Chain
	Aln	9	-SRR33939694.67358/1 23 7991 8099 -edge_5_0_+disjointig_2_3588_44283 11476 19485 40695 -1 -1 7141 0.0195906
Chain
	Aln	8	+SRR33939694.67740/1 108 2304 2306 +edge_5_0_+disjointig_2_3588_44283 24486 26720 40695 -1 -1 2013 0.0169097
Chain
	Aln	9	-SRR33939694.67740/1 1 2197 2306 -edge_5_0_+disjointig_2_3588_44283 13974 16208 40695 -1 -1 2013 0.0169097
Chain
	Aln	9	+SRR33939694.67802/1 110 1123 1142 -edge_5_0_+disjointig_2_3588_44283 29987 30996 40695 -1 -1 895 0.0215074
Chain
	Aln	8	-SRR33939694.67802/1 18 1031 1142 +edge_5_0_+disjointig_2_3588_44283 9698 10707 40695 -1 -1 895 0.0215074
Chain
	Aln	1	+SRR33939694.67756/1 454 1712 1714 -edge_1_0_+disjointig_1_0_20896 18206 19489 20896 -1 -1 787 0.0554846
Chain
	Aln	0	-SRR33939694.67756/1 1 1259 1714 +edge_1_0_+disjointig_1_0_20896 1406 2689 20896 -1 -1 787 0.0554846
Chain
	Aln	8	+SRR33939694.67852/1 111 1154 1181 +edge_5_0_+disjointig_2_3588_44283 26242 27291 40695 -1 -1 915 0.0292771
Chain
	Aln	9	-SRR33939694.67852/1 26 1069 1181 -edge_5_0_+disjointig_2_3588_44283 13403 14452 40695 -1 -1 915 0.0292771
Chain
	Aln	8	+SRR33939694.67774/1 133 2157 2165 +edge_5_0_+disjointig_2_3588_44283 31572 33618 40695 -1 -1 1793 0.0229292
Chain
	Aln	9	-SRR33939694.67774/1 7 2031 2165 -edge_5_0_+disjointig_2_3588_44283 7076 9122 40695 -1 -1 1793 0.0229292
Chain
	Aln	8	+SRR33939694.67872/1 112 1357 1371 +edge_5_0_+disjointig_2_3588_44283 5007 6275 40695 -1 -1 980 0.0420214
Chain
	Aln	9	-SRR33939694.67872/1 13 1258 1371 -edge_5_0_+disjointig_2_3588_44283 34419 35687 40695 -1 -1 980 0.0420214
Chain
	Aln	9	+SRR33939694.67878/1 112 2297 2300 -edge_5_0_+disjointig_2_3588_44283 14677 16865 40695 -1 -1 1954 0.0222988
Chain
	Aln	8	-SRR33939694.67878/1 2 2187 2300 +edge_5_0_+disjointig_2_3588_44283 23829 26017 40695 -1 -1 1954 0.0222988
Chain
	Aln	9	+SRR33939694.67889/1 118 2054 2056 -edge_5_0_+disjointig_2_3588_44283 4086 6031 40695 -1 -1 1821 0.0162054
Chain
	Aln	8	-SRR33939694.67889/1 1 1937 2056 +edge_5_0_+disjointig_2_3588_44283 34663 36608 40695 -1 -1 1821 0.0162054
Chain
	Aln	9	+SRR33939694.67895/1 115 1315 1341 -edge_5_0_+disjointig_2_3588_44283 29802 31014 40695 -1 -1 1162 0.0177043
Chain
	Aln	8	-SRR33939694.67895/1 25 1225 1341 +edge_5_0_+disjointig_2_3588_44283 9680 10892 40695 -1 -1 1162 0.0177043
Chain
	Aln	9	+SRR33939694.67927/1 111 1373 1375 -edge_5_0_+disjointig_2_3588_44283 6033 7297 40695 -1 -1 1193 0.0156897
Chain
	Aln	8	-SRR33939694.67927/1 1 1263 1375 +edge_5_0_+disjointig_2_3588_44283 33397 34661 40695 -1 -1 1193 0.0156897
Chain
	Aln	7	+SRR33939694.67718/1 260 7054 7226 -edge_4_0_+disjointig_1_22059_47419 14310 21165 25360 -1 -1 5456 0.030746
Chain
	Aln	6	-SRR33939694.67718/1 171 6965 7226 +edge_4_0_+disjointig_1_22059_47419 4194 11049 25360 -1 -1 5456 0.030746
Chain
	Aln	9	+SRR33939694.67929/1 124 1137 1156 -edge_5_0_+disjointig_2_3588_44283 22365 23420 40695 -1 -1 755 0.0501859
Chain
	Aln	8	-SRR33939694.67929/1 18 1031 1156 +edge_5_0_+disjointig_2_3588_44283 17274 18329 40695 -1 -1 755 0.0501859
Chain
	Aln	8	+SRR33939694.68130/1 112 1160 1162 +edge_5_0_+disjointig_2_3588_44283 30707 31784 40695 -1 -1 961 0.022489
Chain
	Aln	9	-SRR33939694.68130/1 1 1049 1162 -edge_5_0_+disjointig_2_3588_44283 8910 9987 40695 -1 -1 961 0.022489
Chain
	Aln	9	+SRR33939694.68144/1 116 1430 1433 -edge_5_0_+disjointig_2_3588_44283 31929 33253 40695 -1 -1 1189 0.0232327
Chain
	Aln	8	-SRR33939694.68144/1 2 1316 1433 +edge_5_0_+disjointig_2_3588_44283 7441 8765 40695 -1 -1 1189 0.0232327
Chain
	Aln	8	+SRR33939694.68109/1 119 1260 1263 +edge_5_0_+disjointig_2_3588_44283 32127 33264 40695 -1 -1 1025 0.0280061
Chain
	Aln	9	-SRR33939694.68109/1 2 1143 1263 -edge_5_0_+disjointig_2_3588_44283 7430 8567 40695 -1 -1 1025 0.0280061
Chain
	Aln	9	+SRR33939694.68179/1 116 1179 1228 -edge_5_0_+disjointig_2_3588_44283 7889 8977 40695 -1 -1 813 0.0456691
Chain
	Aln	8	-SRR33939694.68179/1 48 1111 1228 +edge_5_0_+disjointig_2_3588_44283 31717 32805 40695 -1 -1 813 0.0456691
Chain
	Aln	8	+SRR33939694.68258/1 126 1130 1132 +edge_5_0_+disjointig_2_3588_44283 30612 31622 40695 -1 -1 888 0.0293075
Chain
	Aln	9	-SRR33939694.68258/1 1 1005 1132 -edge_5_0_+disjointig_2_3588_44283 9072 10082 40695 -1 -1 888 0.0293075
Chain
	Aln	9	+SRR33939694.68306/1 125 1331 1334 -edge_5_0_+disjointig_2_3588_44283 36134 37349 40695 -1 -1 1036 0.0311238
Chain
	Aln	8	-SRR33939694.68306/1 2 1208 1334 +edge_5_0_+disjointig_2_3588_44283 3345 4560 40695 -1 -1 1036 0.0311238
Chain
	Aln	9	+SRR33939694.68316/1 115 1249 1251 -edge_5_0_+disjointig_2_3588_44283 28731 29877 40695 -1 -1 961 0.0289317
Chain
	Aln	8	-SRR33939694.68316/1 1 1135 1251 +edge_5_0_+disjointig_2_3588_44283 10817 11963 40695 -1 -1 961 0.0289317
Chain
	Aln	2	+SRR33939694.68277/1 215 1373 1579 +edge_2_1_+disjointig_2_2428_3588 22 1158 1160 -1 -1 1013 0.0313362
Chain
	Aln	3	-SRR33939694.68277/1 205 1363 1579 -edge_2_1_+disjointig_2_2428_3588 1 1137 1160 -1 -1 1013 0.0313362
Chain
	Aln	8	+SRR33939694.68281/1 114 1722 1725 +edge_5_0_+disjointig_2_3588_44283 6893 8457 40695 -1 -1 1363 0.0291236
Chain
	Aln	9	-SRR33939694.68281/1 2 1610 1725 -edge_5_0_+disjointig_2_3588_44283 32237 33801 40695 -1 -1 1363 0.0291236
Chain
	Aln	8	+SRR33939694.68332/1 119 1381 1431 +edge_5_0_+disjointig_2_3588_44283 4772 6018 40695 -1 -1 817 0.0600731
Chain
	Aln	9	-SRR33939694.68332/1 49 1311 1431 -edge_5_0_+disjointig_2_3588_44283 34676 35922 40695 -1 -1 817 0.0600731
Chain
	Aln	8	+SRR33939694.68446/1 110 1411 1419 +edge_5_0_+disjointig_2_3588_44283 12413 13728 40695 -1 -1 949 0.0455058
Chain
	Aln	9	-SRR33939694.68446/1 7 1308 1419 -edge_5_0_+disjointig_2_3588_44283 26966 28281 40695 -1 -1 949 0.0455058
Chain
	Aln	0	+SRR33939694.68439/1 272 1766 1768 +edge_1_0_+disjointig_1_0_20896 3290 4791 20896 -1 -1 1422 0.0194065
Chain
	Aln	1	-SRR33939694.68439/1 1 1495 1768 -edge_1_0_+disjointig_1_0_20896 16104 17605 20896 -1 -1 1422 0.0194065
Chain
	Aln	9	+SRR33939694.68540/1 127 1245 1247 -edge_5_0_+disjointig_2_3588_44283 4006 5120 40695 -1 -1 1032 0.0175983
Chain
	Aln	8	-SRR33939694.68540/1 1 1119 1247 +edge_5_0_+disjointig_2_3588_44283 35574 36688 40695 -1 -1 1032 0.0175983
Chain
	Aln	9	+SRR33939694.68646/1 115 1807 1814 -edge_5_0_+disjointig_2_3588_44283 7476 9194 40695 -1 -1 1351 0.0401626
Chain
	Aln	8	-SRR33939694.68646/1 6 1698 1814 +edge_5_0_+disjointig_2_3588_44283 31500 33218 40695 -1 -1 1351 0.0401626
Chain
	Aln	8	+SRR33939694.68658/1 151 1173 1193 +edge_5_0_+disjointig_2_3588_44283 35492 36526 40695 -1 -1 863 0.0342491
Chain
	Aln	9	-SRR33939694.68658/1 19 1041 1193 -edge_5_0_+disjointig_2_3588_44283 4168 5202 40695 -1 -1 863 0.0342491
Chain
	Aln	8	+SRR33939694.68486/1 122 2339 2341 +edge_5_0_+disjointig_2_3588_44283 15591 17825 40695 -1 -1 1880 0.0303529
Chain
	Aln	9	-SRR33939694.68486/1 1 2218 2341 -edge_5_0_+disjointig_2_3588_44283 22869 25103 40695 -1 -1 1880 0.0303529
Chain
	Aln	8	+SRR33939694.68682/1 140 1777 1781 +edge_5_0_+disjointig_2_3588_44283 23318 24957 40695 -1 -1 1437 0.0233385
Chain
	Aln	9	-SRR33939694.68682/1 3 1640 1781 -edge_5_0_+disjointig_2_3588_44283 15737 17376 40695 -1 -1 1437 0.0233385
Chain
	Aln	8	+SRR33939694.68782/1 113 1806 1808 +edge_5_0_+disjointig_2_3588_44283 25642 27322 40695 -1 -1 1504 0.0242914
Chain
	Aln	9	-SRR33939694.68782/1 1 1694 1808 -edge_5_0_+disjointig_2_3588_44283 13372 15052 40695 -1 -1 1504 0.0242914
Chain
	Aln	1	+SRR33939694.68783/1 119 1484 1487 -edge_1_0_+disjointig_1_0_20896 9388 10762 20896 -1 -1 1195 0.0311651
Chain
	Aln	0	-SRR33939694.68783/1 2 1367 1487 +edge_1_0_+disjointig_1_0_20896 10133 11507 20896 -1 -1 1195 0.0311651
Chain
	Aln	9	+SRR33939694.68703/1 106 2444 2487 -edge_5_0_+disjointig_2_3588_44283 30765 33138 40695 -1 -1 1635 0.0477293
Chain
	Aln	8	-SRR33939694.68703/1 42 2380 2487 +edge_5_0_+disjointig_2_3588_44283 7556 9929 40695 -1 -1 1635 0.0477293
Chain
	Aln	8	+SRR33939694.68795/1 114 1323 1350 +edge_5_0_+disjointig_2_3588_44283 24704 25910 40695 -1 -1 1092 0.0239316
Chain
	Aln	9	-SRR33939694.68795/1 26 1235 1350 -edge_5_0_+disjointig_2_3588_44283 14784 15990 40695 -1 -1 1092 0.0239316
Chain
	Aln	9	+SRR33939694.68009/1 108 13060 13063 -edge_5_0_+disjointig_2_3588_44283 18445 31507 40695 -1 -1 11950 0.0184732
Chain
	Aln	8	-SRR33939694.68009/1 2 12954 13063 +edge_5_0_+disjointig_2_3588_44283 9187 22249 40695 -1 -1 11950 0.0184732
Chain
	Aln	8	+SRR33939694.68296/1 106 10138 10153 +edge_5_0_+disjointig_2_3588_44283 30628 40678 40695 -1 -1 9320 0.0185392
Chain
	Aln	9	-SRR33939694.68296/1 14 10046 10153 -edge_5_0_+disjointig_2_3588_44283 16 10066 40695 -1 -1 9320 0.0185392
Chain
	Aln	8	+SRR33939694.68807/1 110 1139 1143 +edge_5_0_+disjointig_2_3588_44283 27146 28182 40695 -1 -1 823 0.0337543
Chain
	Aln	9	-SRR33939694.68807/1 3 1032 1143 -edge_5_0_+disjointig_2_3588_44283 12512 13548 40695 -1 -1 823 0.0337543
Chain
	Aln	9	+SRR33939694.68835/1 123 1364 1366 -edge_5_0_+disjointig_2_3588_44283 16606 17845 40695 -1 -1 1076 0.0280864
Chain
	Aln	8	-SRR33939694.68835/1 1 1242 1366 +edge_5_0_+disjointig_2_3588_44283 22849 24088 40695 -1 -1 1076 0.0280864
Chain
	Aln	9	+SRR33939694.68841/1 103 1289 1294 -edge_5_0_+disjointig_2_3588_44283 26010 27197 40695 -1 -1 1111 0.0176721
Chain
	Aln	8	-SRR33939694.68841/1 4 1190 1294 +edge_5_0_+disjointig_2_3588_44283 13497 14684 40695 -1 -1 1111 0.0176721
Chain
	Aln	9	+SRR33939694.68966/1 119 1132 1134 -edge_5_0_+disjointig_2_3588_44283 9321 10549 40695 -1 -1 465 0.0345294
Chain
	Aln	8	-SRR33939694.68966/1 1 1014 1134 +edge_5_0_+disjointig_2_3588_44283 30145 31373 40695 -1 -1 465 0.0345294
Chain
	Aln	8	+SRR33939694.68828/1 122 2090 2092 +edge_5_0_+disjointig_2_3588_44283 21479 23465 40695 -1 -1 1483 0.0369226
Chain
	Aln	9	-SRR33939694.68828/1 1 1969 2092 -edge_5_0_+disjointig_2_3588_44283 17229 19215 40695 -1 -1 1483 0.0369226
Chain
	Aln	9	+SRR33939694.69134/1 115 1161 1163 -edge_5_0_+disjointig_2_3588_44283 37981 39022 40695 -1 -1 957 0.0190338
Chain
	Aln	8	-SRR33939694.69134/1 1 1047 1163 +edge_5_0_+disjointig_2_3588_44283 1672 2713 40695 -1 -1 957 0.0190338
Chain
	Aln	9	+SRR33939694.69040/1 102 1795 1797 -edge_5_0_+disjointig_2_3588_44283 20998 22686 40695 -1 -1 1592 0.0158807
Chain
	Aln	8	-SRR33939694.69040/1 1 1694 1797 +edge_5_0_+disjointig_2_3588_44283 18008 19696 40695 -1 -1 1592 0.0158807
Chain
	Aln	7	+SRR33939694.68961/1 111 3484 3501 -edge_4_0_+disjointig_1_22059_47419 1524 4924 25360 -1 -1 2872 0.0331828
Chain
	Aln	6	-SRR33939694.68961/1 16 3389 3501 +edge_4_0_+disjointig_1_22059_47419 20435 23835 25360 -1 -1 2872 0.0331828
Chain
	Aln	8	+SRR33939694.69026/1 122 1826 1831 +edge_5_0_+disjointig_2_3588_44283 14827 16532 40695 -1 -1 1632 0.0185723
Chain
	Aln	9	-SRR33939694.69026/1 4 1708 1831 -edge_5_0_+disjointig_2_3588_44283 24162 25867 40695 -1 -1 1632 0.0185723
Chain
	Aln	8	+SRR33939694.69099/1 114 1981 1995 +edge_5_0_+disjointig_2_3588_44283 22097 23976 40695 -1 -1 1719 0.0237228
Chain
	Aln	9	-SRR33939694.69099/1 13 1880 1995 -edge_5_0_+disjointig_2_3588_44283 16718 18597 40695 -1 -1 1719 0.0237228
Chain
	Aln	8	+SRR33939694.69169/1 114 1394 1396 +edge_5_0_+disjointig_2_3588_44283 36172 37476 40695 -1 -1 1082 0.0274376
Chain
	Aln	9	-SRR33939694.69169/1 1 1281 1396 -edge_5_0_+disjointig_2_3588_44283 3218 4522 40695 -1 -1 1082 0.0274376
Chain
	Aln	9	+SRR33939694.69218/1 132 1255 1257 -edge_5_0_+disjointig_2_3588_44283 30347 31477 40695 -1 -1 1024 0.0168917
Chain
	Aln	8	-SRR33939694.69218/1 1 1124 1257 +edge_5_0_+disjointig_2_3588_44283 9217 10347 40695 -1 -1 1024 0.0168917
Chain
	Aln	8	+SRR33939694.69282/1 144 1282 1284 +edge_5_0_+disjointig_2_3588_44283 5208 6367 40695 -1 -1 1045 0.0202163
Chain
	Aln	9	-SRR33939694.69282/1 1 1139 1284 -edge_5_0_+disjointig_2_3588_44283 34327 35486 40695 -1 -1 1045 0.0202163
Chain
	Aln	8	+SRR33939694.69260/1 115 1584 1594 +edge_5_0_+disjointig_2_3588_44283 28090 29556 40695 -1 -1 1401 0.0138264
Chain
	Aln	9	-SRR33939694.69260/1 9 1478 1594 -edge_5_0_+disjointig_2_3588_44283 11138 12604 40695 -1 -1 1401 0.0138264
Chain
	Aln	8	+SRR33939694.69285/1 135 1845 1847 +edge_5_0_+disjointig_2_3588_44283 19155 20883 40695 -1 -1 1408 0.0333574
Chain
	Aln	9	-SRR33939694.69285/1 1 1711 1847 -edge_5_0_+disjointig_2_3588_44283 19811 21539 40695 -1 -1 1408 0.0333574
Chain
	Aln	8	+SRR33939694.69295/1 109 1249 1252 +edge_5_0_+disjointig_2_3588_44283 19292 20453 40695 -1 -1 830 0.055296
Chain
	Aln	9	-SRR33939694.69295/1 2 1142 1252 -edge_5_0_+disjointig_2_3588_44283 20241 21402 40695 -1 -1 830 0.055296
Chain
	Aln	6	+SRR33939694.69174/1 316 1961 1964 +edge_4_0_+disjointig_1_22059_47419 21843 23499 25360 -1 -1 1573 0.0157312
Chain
	Aln	7	-SRR33939694.69174/1 2 1647 1964 -edge_4_0_+disjointig_1_22059_47419 1860 3516 25360 -1 -1 1573 0.0157312
Chain
	Aln	8	+SRR33939694.69321/1 103 1197 1202 +edge_5_0_+disjointig_2_3588_44283 10308 11407 40695 -1 -1 1003 0.0150475
Chain
	Aln	9	-SRR33939694.69321/1 4 1098 1202 -edge_5_0_+disjointig_2_3588_44283 29287 30386 40695 -1 -1 1003 0.0150475
Chain
	Aln	8	+SRR33939694.69258/1 111 1904 1908 +edge_5_0_+disjointig_2_3588_44283 5932 7727 40695 -1 -1 1715 0.0172186
Chain
	Aln	9	-SRR33939694.69258/1 3 1796 1908 -edge_5_0_+disjointig_2_3588_44283 32967 34762 40695 -1 -1 1715 0.0172186
Chain
	Aln	9	+SRR33939694.69379/1 119 1148 1162 -edge_5_0_+disjointig_2_3588_44283 18583 19609 40695 -1 -1 965 0.0202899
Chain
	Aln	8	-SRR33939694.69379/1 13 1042 1162 +edge_5_0_+disjointig_2_3588_44283 21085 22111 40695 -1 -1 965 0.0202899
Chain
	Aln	9	+SRR33939694.69433/1 116 1749 1752 -edge_5_0_+disjointig_2_3588_44283 7390 9029 40695 -1 -1 1552 0.0129351
Chain
	Aln	8	-SRR33939694.69433/1 2 1635 1752 +edge_5_0_+disjointig_2_3588_44283 31665 33304 40695 -1 -1 1552 0.0129351
Chain
	Aln	9	+SRR33939694.69459/1 107 1293 1295 -edge_5_0_+disjointig_2_3588_44283 5586 6785 40695 -1 -1 1041 0.0301797
Chain
	Aln	8	-SRR33939694.69459/1 1 1187 1295 +edge_5_0_+disjointig_2_3588_44283 33909 35108 40695 -1 -1 1041 0.0301797
Chain
	Aln	9	+SRR33939694.69464/1 113 1459 1461 -edge_5_0_+disjointig_2_3588_44283 25187 26533 40695 -1 -1 1256 0.0187218
Chain
	Aln	8	-SRR33939694.69464/1 1 1347 1461 +edge_5_0_+disjointig_2_3588_44283 14161 15507 40695 -1 -1 1256 0.0187218
Chain
	Aln	8	+SRR33939694.69434/1 119 1410 1412 +edge_5_0_+disjointig_2_3588_44283 8829 10134 40695 -1 -1 1189 0.0169021
Chain
	Aln	9	-SRR33939694.69434/1 1 1292 1412 -edge_5_0_+disjointig_2_3588_44283 30560 31865 40695 -1 -1 1189 0.0169021
Chain
	Aln	8	+SRR33939694.69483/1 115 1439 1443 +edge_5_0_+disjointig_2_3588_44283 7299 8640 40695 -1 -1 1160 0.0345892
Chain
	Aln	9	-SRR33939694.69483/1 3 1327 1443 -edge_5_0_+disjointig_2_3588_44283 32054 33395 40695 -1 -1 1160 0.0345892
Chain
	Aln	9	+SRR33939694.69455/1 110 1490 1494 -edge_5_0_+disjointig_2_3588_44283 20780 22145 40695 -1 -1 1183 0.0262
Chain
	Aln	8	-SRR33939694.69455/1 3 1383 1494 +edge_5_0_+disjointig_2_3588_44283 18549 19914 40695 -1 -1 1183 0.0262
Chain
	Aln	8	+SRR33939694.69505/1 113 1311 1313 +edge_5_0_+disjointig_2_3588_44283 39143 40341 40695 -1 -1 1100 0.0205378
Chain
	Aln	9	-SRR33939694.69505/1 1 1199 1313 -edge_5_0_+disjointig_2_3588_44283 353 1551 40695 -1 -1 1100 0.0205378
Chain
	Aln	8	+SRR33939694.69517/1 112 1130 1132 +edge_5_0_+disjointig_2_3588_44283 24475 25489 40695 -1 -1 959 0.0174377
Chain
	Aln	9	-SRR33939694.69517/1 1 1019 1132 -edge_5_0_+disjointig_2_3588_44283 15205 16219 40695 -1 -1 959 0.0174377
Chain
	Aln	9	+SRR33939694.69577/1 116 1464 2013 -edge_5_0_+disjointig_2_3588_44283 35345 36693 40695 -1 -1 1294 0.0111501
Chain
	Aln	8	-SRR33939694.69577/1 548 1896 2013 +edge_5_0_+disjointig_2_3588_44283 4001 5349 40695 -1 -1 1294 0.0111501
Chain
	Aln	8	+SRR33939694.69732/1 108 1437 1440 +edge_5_0_+disjointig_2_3588_44283 25239 26584 40695 -1 -1 1215 0.024423
Chain
	Aln	9	-SRR33939694.69732/1 2 1331 1440 -edge_5_0_+disjointig_2_3588_44283 14110 15455 40695 -1 -1 1215 0.024423
Chain
	Aln	8	+SRR33939694.69691/1 181 1367 1404 +edge_5_0_+disjointig_2_3588_44283 11484 12684 40695 -1 -1 1125 0.0165311
Chain
	Aln	9	-SRR33939694.69691/1 36 1222 1404 -edge_5_0_+disjointig_2_3588_44283 28010 29210 40695 -1 -1 1125 0.0165311
Chain
	Aln	8	+SRR33939694.69791/1 115 1186 1188 +edge_5_0_+disjointig_2_3588_44283 5403 6464 40695 -1 -1 872 0.0244482
Chain
	Aln	9	-SRR33939694.69791/1 1 1072 1188 -edge_5_0_+disjointig_2_3588_44283 34230 35291 40695 -1 -1 872 0.0244482
Chain
	Aln	8	+SRR33939694.69845/1 98 1146 1148 +edge_5_0_+disjointig_2_3588_44283 33321 34384 40695 -1 -1 775 0.0465806
Chain
	Aln	9	-SRR33939694.69845/1 1 1049 1148 -edge_5_0_+disjointig_2_3588_44283 6310 7373 40695 -1 -1 775 0.0465806
Chain
	Aln	9	+SRR33939694.69865/1 108 1159 1161 -edge_5_0_+disjointig_2_3588_44283 19908 20968 40695 -1 -1 808 0.0412655
Chain
	Aln	8	-SRR33939694.69865/1 1 1052 1161 +edge_5_0_+disjointig_2_3588_44283 19726 20786 40695 -1 -1 808 0.0412655
Chain
	Aln	9	+SRR33939694.69892/1 113 1405 1407 -edge_5_0_+disjointig_2_3588_44283 17401 18697 40695 -1 -1 1198 0.0209284
Chain
	Aln	8	-SRR33939694.69892/1 1 1293 1407 +edge_5_0_+disjointig_2_3588_44283 21997 23293 40695 -1 -1 1198 0.0209284
Chain
	Aln	9	+SRR33939694.69873/1 106 1200 1202 -edge_5_0_+disjointig_2_3588_44283 26181 27288 40695 -1 -1 904 0.0369514
Chain
	Aln	8	-SRR33939694.69873/1 1 1095 1202 +edge_5_0_+disjointig_2_3588_44283 13406 14513 40695 -1 -1 904 0.0369514
Chain
	Aln	9	+SRR33939694.70030/1 110 1317 1336 -edge_5_0_+disjointig_2_3588_44283 26005 27219 40695 -1 -1 1082 0.0198726
Chain
	Aln	8	-SRR33939694.70030/1 18 1225 1336 +edge_5_0_+disjointig_2_3588_44283 13475 14689 40695 -1 -1 1082 0.0198726
Chain
	Aln	8	+SRR33939694.70045/1 117 1339 1346 +edge_5_0_+disjointig_2_3588_44283 12644 13882 40695 -1 -1 1026 0.0322269
Chain
	Aln	9	-SRR33939694.70045/1 6 1228 1346 -edge_5_0_+disjointig_2_3588_44283 26812 28050 40695 -1 -1 1026 0.0322269
Chain
	Aln	9	+SRR33939694.70070/1 113 1144 1146 -edge_5_0_+disjointig_2_3588_44283 16135 17179 40695 -1 -1 940 0.0220368
Chain
	Aln	8	-SRR33939694.70070/1 1 1032 1146 +edge_5_0_+disjointig_2_3588_44283 23515 24559 40695 -1 -1 940 0.0220368
Chain
	Aln	9	+SRR33939694.70109/1 147 1305 1312 -edge_5_0_+disjointig_2_3588_44283 12481 13662 40695 -1 -1 1042 0.0290443
Chain
	Aln	8	-SRR33939694.70109/1 6 1164 1312 +edge_5_0_+disjointig_2_3588_44283 27032 28213 40695 -1 -1 1042 0.0290443
Chain
	Aln	9	+SRR33939694.70181/1 126 1217 1224 -edge_5_0_+disjointig_2_3588_44283 2143 3256 40695 -1 -1 961 0.0299655
Chain
	Aln	8	-SRR33939694.70181/1 6 1097 1224 +edge_5_0_+disjointig_2_3588_44283 37438 38551 40695 -1 -1 961 0.0299655
Chain
	Aln	9	+SRR33939694.70125/1 114 1138 1140 -edge_5_0_+disjointig_2_3588_44283 35759 36797 40695 -1 -1 986 0.0128062
Chain
	Aln	8	-SRR33939694.70125/1 1 1025 1140 +edge_5_0_+disjointig_2_3588_44283 3897 4935 40695 -1 -1 986 0.0128062
Chain
	Aln	9	+SRR33939694.69970/1 101 1885 1894 -edge_5_0_+disjointig_2_3588_44283 25231 27014 40695 -1 -1 1625 0.0225779
Chain
	Aln	8	-SRR33939694.69970/1 8 1792 1894 +edge_5_0_+disjointig_2_3588_44283 13680 15463 40695 -1 -1 1625 0.0225779
Chain
	Aln	8	+SRR33939694.70265/1 117 1279 1281 +edge_5_0_+disjointig_2_3588_44283 4671 5860 40695 -1 -1 1061 0.0305132
Chain
	Aln	9	-SRR33939694.70265/1 1 1163 1281 -edge_5_0_+disjointig_2_3588_44283 34834 36023 40695 -1 -1 1061 0.0305132
Chain
	Aln	9	+SRR33939694.70250/1 111 1213 1228 -edge_5_0_+disjointig_2_3588_44283 32635 33743 40695 -1 -1 1020 0.0250465
Chain
	Aln	8	-SRR33939694.70250/1 14 1116 1228 +edge_5_0_+disjointig_2_3588_44283 6951 8059 40695 -1 -1 1020 0.0250465
Chain
	Aln	8	+SRR33939694.70267/1 115 1537 1539 +edge_5_0_+disjointig_2_3588_44283 6726 8150 40695 -1 -1 1187 0.0351164
Chain
	Aln	9	-SRR33939694.70267/1 1 1423 1539 -edge_5_0_+disjointig_2_3588_44283 32544 33968 40695 -1 -1 1187 0.0351164
Chain
	Aln	8	+SRR33939694.70279/1 118 1781 1792 +edge_5_0_+disjointig_2_3588_44283 35657 37318 40695 -1 -1 1279 0.046776
Chain
	Aln	9	-SRR33939694.70279/1 10 1673 1792 -edge_5_0_+disjointig_2_3588_44283 3376 5037 40695 -1 -1 1279 0.046776
Chain
	Aln	8	+SRR33939694.70304/1 120 1255 1258 +edge_5_0_+disjointig_2_3588_44283 15508 16645 40695 -1 -1 1041 0.0192324
Chain
	Aln	9	-SRR33939694.70304/1 2 1137 1258 -edge_5_0_+disjointig_2_3588_44283 24049 25186 40695 -1 -1 1041 0.0192324
Chain
	Aln	9	+SRR33939694.70552/1 111 1531 1540 -edge_5_0_+disjointig_2_3588_44283 3146 4574 40695 -1 -1 1294 0.0196694
Chain
	Aln	8	-SRR33939694.70552/1 8 1428 1540 +edge_5_0_+disjointig_2_3588_44283 36120 37548 40695 -1 -1 1294 0.0196694
Chain
	Aln	2	+SRR33939694.70592/1 97 1172 1179 +edge_2_1_+disjointig_2_2428_3588 10 1121 1160 -1 -1 723 0.0494237
Chain
	Aln	3	-SRR33939694.70592/1 6 1081 1179 -edge_2_1_+disjointig_2_2428_3588 38 1149 1160 -1 -1 723 0.0494237
Chain
	Aln	8	+SRR33939694.70561/1 106 1260 1262 +edge_5_0_+disjointig_2_3588_44283 14886 16032 40695 -1 -1 994 0.0280938
Chain
	Aln	9	-SRR33939694.70561/1 1 1155 1262 -edge_5_0_+disjointig_2_3588_44283 24662 25808 40695 -1 -1 994 0.0280938
Chain
	Aln	8	+SRR33939694.70617/1 112 1414 1417 +edge_5_0_+disjointig_2_3588_44283 36620 37914 40695 -1 -1 1228 0.0145244
Chain
	Aln	9	-SRR33939694.70617/1 2 1304 1417 -edge_5_0_+disjointig_2_3588_44283 2780 4074 40695 -1 -1 1228 0.0145244
Chain
	Aln	8	+SRR33939694.70629/1 118 1141 1149 +edge_5_0_+disjointig_2_3588_44283 31218 32241 40695 -1 -1 899 0.0213358
Chain
	Aln	9	-SRR33939694.70629/1 7 1030 1149 -edge_5_0_+disjointig_2_3588_44283 8453 9476 40695 -1 -1 899 0.0213358
Chain
	Aln	8	+SRR33939694.70601/1 190 2008 2010 +edge_5_0_+disjointig_2_3588_44283 19658 21482 40695 -1 -1 1249 0.0565229
Chain
	Aln	9	-SRR33939694.70601/1 1 1819 2010 -edge_5_0_+disjointig_2_3588_44283 19212 21036 40695 -1 -1 1249 0.0565229
Chain
	Aln	8	+SRR33939694.70678/1 114 1524 1526 +edge_5_0_+disjointig_2_3588_44283 26939 28351 40695 -1 -1 1323 0.0174712
Chain
	Aln	9	-SRR33939694.70678/1 1 1411 1526 -edge_5_0_+disjointig_2_3588_44283 12343 13755 40695 -1 -1 1323 0.0174712
Chain
	Aln	9	+SRR33939694.70689/1 123 1263 1289 -edge_5_0_+disjointig_2_3588_44283 25744 26877 40695 -1 -1 814 0.0484154
Chain
	Aln	8	-SRR33939694.70689/1 25 1165 1289 +edge_5_0_+disjointig_2_3588_44283 13817 14950 40695 -1 -1 814 0.0484154
Chain
	Aln	9	+SRR33939694.70711/1 117 1313 1315 -edge_5_0_+disjointig_2_3588_44283 29223 30444 40695 -1 -1 990 0.0358552
Chain
	Aln	8	-SRR33939694.70711/1 1 1197 1315 +edge_5_0_+disjointig_2_3588_44283 10250 11471 40695 -1 -1 990 0.0358552
Chain
	Aln	8	+SRR33939694.70766/1 107 1141 1166 +edge_5_0_+disjointig_2_3588_44283 8179 9220 40695 -1 -1 795 0.0356744
Chain
	Aln	9	-SRR33939694.70766/1 24 1058 1166 -edge_5_0_+disjointig_2_3588_44283 31474 32515 40695 -1 -1 795 0.0356744
Chain
	Aln	9	+SRR33939694.70868/1 133 1255 1270 -edge_5_0_+disjointig_2_3588_44283 28301 29427 40695 -1 -1 1041 0.0264846
Chain
	Aln	8	-SRR33939694.70868/1 14 1136 1270 +edge_5_0_+disjointig_2_3588_44283 11267 12393 40695 -1 -1 1041 0.0264846
Chain
	Aln	9	+SRR33939694.70800/1 112 1236 1249 -edge_5_0_+disjointig_2_3588_44283 7952 9067 40695 -1 -1 962 0.0316103
Chain
	Aln	8	-SRR33939694.70800/1 12 1136 1249 +edge_5_0_+disjointig_2_3588_44283 31627 32742 40695 -1 -1 962 0.0316103
Chain
	Aln	2	+SRR33939694.70833/1 502 1634 1692 +edge_2_1_+disjointig_2_2428_3588 2 1158 1160 -1 -1 773 0.0468152
Chain
	Aln	3	-SRR33939694.70833/1 57 1189 1692 -edge_2_1_+disjointig_2_2428_3588 1 1157 1160 -1 -1 773 0.0468152
Chain
	Aln	9	+SRR33939694.70894/1 121 1210 1212 -edge_5_0_+disjointig_2_3588_44283 18784 19857 40695 -1 -1 789 0.046672
Chain
	Aln	8	-SRR33939694.70894/1 1 1090 1212 +edge_5_0_+disjointig_2_3588_44283 20837 21910 40695 -1 -1 789 0.046672
Chain
	Aln	8	+SRR33939694.70946/1 118 1558 1579 +edge_5_0_+disjointig_2_3588_44283 15866 17312 40695 -1 -1 1072 0.053773
Chain
	Aln	9	-SRR33939694.70946/1 20 1460 1579 -edge_5_0_+disjointig_2_3588_44283 23382 24828 40695 -1 -1 1072 0.053773
Chain
	Aln	8	+SRR33939694.70944/1 102 1181 1186 +edge_5_0_+disjointig_2_3588_44283 13061 14124 40695 -1 -1 999 0.0197816
Chain
	Aln	9	-SRR33939694.70944/1 4 1083 1186 -edge_5_0_+disjointig_2_3588_44283 26570 27633 40695 -1 -1 999 0.0197816
Chain
	Aln	8	+SRR33939694.71057/1 117 1282 1284 +edge_5_0_+disjointig_2_3588_44283 2885 4055 40695 -1 -1 1004 0.0256238
Chain
	Aln	9	-SRR33939694.71057/1 1 1166 1284 -edge_5_0_+disjointig_2_3588_44283 36639 37809 40695 -1 -1 1004 0.0256238
Chain
	Aln	8	+SRR33939694.71107/1 182 1357 1359 +edge_5_0_+disjointig_2_3588_44283 32089 33268 40695 -1 -1 946 0.0305177
Chain
	Aln	9	-SRR33939694.71107/1 1 1176 1359 -edge_5_0_+disjointig_2_3588_44283 7426 8605 40695 -1 -1 946 0.0305177
Chain
	Aln	8	+SRR33939694.71120/1 108 1574 1578 +edge_5_0_+disjointig_2_3588_44283 4275 5788 40695 -1 -1 1095 0.0457803
Chain
	Aln	9	-SRR33939694.71120/1 3 1469 1578 -edge_5_0_+disjointig_2_3588_44283 34906 36419 40695 -1 -1 1095 0.0457803
Chain
	Aln	9	+SRR33939694.71109/1 134 1385 1387 -edge_5_0_+disjointig_2_3588_44283 16187 17462 40695 -1 -1 1000 0.0421558
Chain
	Aln	8	-SRR33939694.71109/1 1 1252 1387 +edge_5_0_+disjointig_2_3588_44283 23232 24507 40695 -1 -1 1000 0.0421558
Chain
	Aln	9	+SRR33939694.71173/1 123 1195 1198 -edge_5_0_+disjointig_2_3588_44283 17313 18399 40695 -1 -1 1003 0.01589
Chain
	Aln	8	-SRR33939694.71173/1 2 1074 1198 +edge_5_0_+disjointig_2_3588_44283 22295 23381 40695 -1 -1 1003 0.01589
Chain
	Aln	9	+SRR33939694.71144/1 102 1719 1721 -edge_5_0_+disjointig_2_3588_44283 7934 9550 40695 -1 -1 1516 0.0173808
Chain
	Aln	8	-SRR33939694.71144/1 1 1618 1721 +edge_5_0_+disjointig_2_3588_44283 31144 32760 40695 -1 -1 1516 0.0173808
Chain
	Aln	8	+SRR33939694.71207/1 110 1162 1164 +edge_5_0_+disjointig_2_3588_44283 12479 13526 40695 -1 -1 967 0.0205491
Chain
	Aln	9	-SRR33939694.71207/1 1 1053 1164 -edge_5_0_+disjointig_2_3588_44283 27168 28215 40695 -1 -1 967 0.0205491
Chain
	Aln	8	+SRR33939694.71223/1 114 1163 1166 +edge_5_0_+disjointig_2_3588_44283 34826 35870 40695 -1 -1 978 0.0178942
Chain
	Aln	9	-SRR33939694.71223/1 2 1051 1166 -edge_5_0_+disjointig_2_3588_44283 4824 5868 40695 -1 -1 978 0.0178942
Chain
	Aln	9	+SRR33939694.71272/1 109 1281 1288 -edge_5_0_+disjointig_2_3588_44283 1886 3073 40695 -1 -1 1073 0.0207669
Chain
	Aln	8	-SRR33939694.71272/1 6 1178 1288 +edge_5_0_+disjointig_2_3588_44283 37621 38808 40695 -1 -1 1073 0.0207669
Chain
	Aln	8	+SRR33939694.71285/1 117 1167 1188 +edge_5_0_+disjointig_2_3588_44283 551 1601 40695 -1 -1 1037 0.00848166
Chain
	Aln	9	-SRR33939694.71285/1 20 1070 1188 -edge_5_0_+disjointig_2_3588_44283 39093 40143 40695 -1 -1 1037 0.00848166
Chain
	Aln	9	+SRR33939694.71318/1 113 1166 1168 -edge_5_0_+disjointig_2_3588_44283 13160 14199 40695 -1 -1 921 0.0260054
Chain
	Aln	8	-SRR33939694.71318/1 1 1054 1168 +edge_5_0_+disjointig_2_3588_44283 26495 27534 40695 -1 -1 921 0.0260054
Chain
	Aln	9	+SRR33939694.71325/1 114 1734 1736 -edge_5_0_+disjointig_2_3588_44283 24455 26077 40695 -1 -1 1533 0.0115657
Chain
	Aln	8	-SRR33939694.71325/1 1 1621 1736 +edge_5_0_+disjointig_2_3588_44283 14617 16239 40695 -1 -1 1533 0.0115657
Chain
	Aln	8	+SRR33939694.71349/1 110 1689 1701 +edge_5_0_+disjointig_2_3588_44283 2242 3821 40695 -1 -1 1288 0.0356766
Chain
	Aln	9	-SRR33939694.71349/1 11 1590 1701 -edge_5_0_+disjointig_2_3588_44283 36873 38452 40695 -1 -1 1288 0.0356766
Chain
	Aln	8	+SRR33939694.71410/1 108 1296 1298 +edge_5_0_+disjointig_2_3588_44283 3423 4628 40695 -1 -1 1009 0.0274355
Chain
	Aln	9	-SRR33939694.71410/1 1 1189 1298 -edge_5_0_+disjointig_2_3588_44283 36066 37271 40695 -1 -1 1009 0.0274355
Chain
	Aln	9	+SRR33939694.71412/1 125 1154 1172 -edge_5_0_+disjointig_2_3588_44283 3687 4715 40695 -1 -1 998 0.00994342
Chain
	Aln	8	-SRR33939694.71412/1 17 1046 1172 +edge_5_0_+disjointig_2_3588_44283 35979 37007 40695 -1 -1 998 0.00994342
Chain
	Aln	8	+SRR33939694.71396/1 113 1299 1323 +edge_5_0_+disjointig_2_3588_44283 7035 8235 40695 -1 -1 782 0.06282
Chain
	Aln	9	-SRR33939694.71396/1 23 1209 1323 -edge_5_0_+disjointig_2_3588_44283 32459 33659 40695 -1 -1 782 0.06282
Chain
	Aln	9	+SRR33939694.71416/1 133 1385 1402 -edge_5_0_+disjointig_2_3588_44283 21738 23005 40695 -1 -1 1088 0.0277958
Chain
	Aln	8	-SRR33939694.71416/1 16 1268 1402 +edge_5_0_+disjointig_2_3588_44283 17689 18956 40695 -1 -1 1088 0.0277958
Chain
	Aln	8	+SRR33939694.71432/1 117 1273 1275 +edge_5_0_+disjointig_2_3588_44283 476 1654 40695 -1 -1 791 0.0478113
Chain
	Aln	9	-SRR33939694.71432/1 1 1157 1275 -edge_5_0_+disjointig_2_3588_44283 39040 40218 40695 -1 -1 791 0.0478113
Chain
	Aln	9	+SRR33939694.71448/1 114 1311 1330 -edge_5_0_+disjointig_2_3588_44283 20877 22065 40695 -1 -1 988 0.0337194
Chain
	Aln	8	-SRR33939694.71448/1 18 1215 1330 +edge_5_0_+disjointig_2_3588_44283 18629 19817 40695 -1 -1 988 0.0337194
Chain
	Aln	8	+SRR33939694.71487/1 136 1177 1187 +edge_5_0_+disjointig_2_3588_44283 16022 17075 40695 -1 -1 942 0.0243749
Chain
	Aln	9	-SRR33939694.71487/1 9 1050 1187 -edge_5_0_+disjointig_2_3588_44283 23619 24672 40695 -1 -1 942 0.0243749
Chain
	Aln	9	+SRR33939694.71243/1 112 3718 3720 -edge_5_0_+disjointig_2_3588_44283 26466 30069 40695 -1 -1 3266 0.0182546
Chain
	Aln	8	-SRR33939694.71243/1 1 3607 3720 +edge_5_0_+disjointig_2_3588_44283 10625 14228 40695 -1 -1 3266 0.0182546
Chain
	Aln	9	+SRR33939694.71551/1 143 1286 1290 -edge_5_0_+disjointig_2_3588_44283 30430 31575 40695 -1 -1 1016 0.0252945
Chain
	Aln	8	-SRR33939694.71551/1 3 1146 1290 +edge_5_0_+disjointig_2_3588_44283 9119 10264 40695 -1 -1 1016 0.0252945
Chain
	Aln	9	+SRR33939694.71552/1 115 1467 1470 -edge_5_0_+disjointig_2_3588_44283 10216 11582 40695 -1 -1 1071 0.041663
Chain
	Aln	8	-SRR33939694.71552/1 2 1354 1470 +edge_5_0_+disjointig_2_3588_44283 29112 30478 40695 -1 -1 1071 0.041663
Chain
	Aln	8	+SRR33939694.71601/1 153 1205 1211 +edge_5_0_+disjointig_2_3588_44283 12699 13747 40695 -1 -1 752 0.0480853
Chain
	Aln	9	-SRR33939694.71601/1 5 1057 1211 -edge_5_0_+disjointig_2_3588_44283 26947 27995 40695 -1 -1 752 0.0480853
Chain
	Aln	9	+SRR33939694.71561/1 112 1246 1248 -edge_5_0_+disjointig_2_3588_44283 4620 5768 40695 -1 -1 1066 0.0162453
Chain
	Aln	8	-SRR33939694.71561/1 1 1135 1248 +edge_5_0_+disjointig_2_3588_44283 34926 36074 40695 -1 -1 1066 0.0162453
Chain
	Aln	9	+SRR33939694.71553/1 126 1623 1634 -edge_5_0_+disjointig_2_3588_44283 28322 29839 40695 -1 -1 1294 0.0266661
Chain
	Aln	8	-SRR33939694.71553/1 10 1507 1634 +edge_5_0_+disjointig_2_3588_44283 10855 12372 40695 -1 -1 1294 0.0266661
Chain
	Aln	8	+SRR33939694.71611/1 131 1304 1307 +edge_5_0_+disjointig_2_3588_44283 15041 16226 40695 -1 -1 1064 0.0274727
Chain
	Aln	9	-SRR33939694.71611/1 2 1175 1307 -edge_5_0_+disjointig_2_3588_44283 24468 25653 40695 -1 -1 1064 0.0274727
Chain
	Aln	9	+SRR33939694.71634/1 121 1426 1455 -edge_5_0_+disjointig_2_3588_44283 32883 34170 40695 -1 -1 1080 0.0381068
Chain
	Aln	8	-SRR33939694.71634/1 28 1333 1455 +edge_5_0_+disjointig_2_3588_44283 6524 7811 40695 -1 -1 1080 0.0381068
Chain
	Aln	8	+SRR33939694.71655/1 113 1637 1652 +edge_5_0_+disjointig_2_3588_44283 8516 10069 40695 -1 -1 1085 0.048514
Chain
	Aln	9	-SRR33939694.71655/1 14 1538 1652 -edge_5_0_+disjointig_2_3588_44283 30625 32178 40695 -1 -1 1085 0.048514
Chain
	Aln	9	+SRR33939694.71747/1 124 1659 1661 -edge_5_0_+disjointig_2_3588_44283 20610 22162 40695 -1 -1 1441 0.0205053
Chain
	Aln	8	-SRR33939694.71747/1 1 1536 1661 +edge_5_0_+disjointig_2_3588_44283 18532 20084 40695 -1 -1 1441 0.0205053
Chain
	Aln	9	+SRR33939694.71765/1 112 1487 1500 -edge_5_0_+disjointig_2_3588_44283 32022 33396 40695 -1 -1 1173 0.0313537
Chain
	Aln	8	-SRR33939694.71765/1 12 1387 1500 +edge_5_0_+disjointig_2_3588_44283 7298 8672 40695 -1 -1 1173 0.0313537
Chain
	Aln	9	+SRR33939694.71826/1 96 1183 1185 -edge_5_0_+disjointig_2_3588_44283 20824 21912 40695 -1 -1 1039 0.0160693
Chain
	Aln	8	-SRR33939694.71826/1 1 1088 1185 +edge_5_0_+disjointig_2_3588_44283 18782 19870 40695 -1 -1 1039 0.0160693
Chain
	Aln	8	+SRR33939694.71775/1 99 1122 1124 +edge_5_0_+disjointig_2_3588_44283 16562 17595 40695 -1 -1 988 0.0215781
Chain
	Aln	9	-SRR33939694.71775/1 1 1024 1124 -edge_5_0_+disjointig_2_3588_44283 23099 24132 40695 -1 -1 988 0.0215781
Chain
	Aln	9	+SRR33939694.71794/1 138 1145 1163 -edge_5_0_+disjointig_2_3588_44283 6319 7350 40695 -1 -1 843 0.0339763
Chain
	Aln	8	-SRR33939694.71794/1 17 1024 1163 +edge_5_0_+disjointig_2_3588_44283 33344 34375 40695 -1 -1 843 0.0339763
Chain
	Aln	9	+SRR33939694.71845/1 125 1152 1197 -edge_5_0_+disjointig_2_3588_44283 5236 6275 40695 -1 -1 864 0.0255672
Chain
	Aln	8	-SRR33939694.71845/1 44 1071 1197 +edge_5_0_+disjointig_2_3588_44283 34419 35458 40695 -1 -1 864 0.0255672
Chain
	Aln	8	+SRR33939694.71846/1 146 1868 1870 +edge_5_0_+disjointig_2_3588_44283 29596 31320 40695 -1 -1 1490 0.0329812
Chain
	Aln	9	-SRR33939694.71846/1 1 1723 1870 -edge_5_0_+disjointig_2_3588_44283 9374 11098 40695 -1 -1 1490 0.0329812
Chain
	Aln	9	+SRR33939694.72002/1 118 1493 1495 -edge_5_0_+disjointig_2_3588_44283 9650 11014 40695 -1 -1 1230 0.0178493
Chain
	Aln	8	-SRR33939694.72002/1 1 1376 1495 +edge_5_0_+disjointig_2_3588_44283 29680 31044 40695 -1 -1 1230 0.0178493
Chain
	Aln	9	+SRR33939694.71959/1 114 1338 1352 -edge_5_0_+disjointig_2_3588_44283 1545 2776 40695 -1 -1 1155 0.017772
Chain
	Aln	8	-SRR33939694.71959/1 13 1237 1352 +edge_5_0_+disjointig_2_3588_44283 37918 39149 40695 -1 -1 1155 0.017772
Chain
	Aln	9	+SRR33939694.72067/1 122 1294 1321 -edge_5_0_+disjointig_2_3588_44283 31847 33041 40695 -1 -1 1028 0.0306769
Chain
	Aln	8	-SRR33939694.72067/1 26 1198 1321 +edge_5_0_+disjointig_2_3588_44283 7653 8847 40695 -1 -1 1028 0.0306769
Chain
	Aln	9	+SRR33939694.71847/1 108 2077 2079 -edge_5_0_+disjointig_2_3588_44283 38324 40297 40695 -1 -1 1832 0.0177684
Chain
	Aln	8	-SRR33939694.71847/1 1 1970 2079 +edge_5_0_+disjointig_2_3588_44283 397 2370 40695 -1 -1 1832 0.0177684
Chain
	Aln	8	+SRR33939694.72140/1 117 1438 1445 +edge_5_0_+disjointig_2_3588_44283 7278 8601 40695 -1 -1 1144 0.0250664
Chain
	Aln	9	-SRR33939694.72140/1 6 1327 1445 -edge_5_0_+disjointig_2_3588_44283 32093 33416 40695 -1 -1 1144 0.0250664
Chain
	Aln	9	+SRR33939694.72168/1 113 1312 1357 -edge_5_0_+disjointig_2_3588_44283 1675 2890 40695 -1 -1 890 0.0420298
Chain
	Aln	8	-SRR33939694.72168/1 44 1243 1357 +edge_5_0_+disjointig_2_3588_44283 37804 39019 40695 -1 -1 890 0.0420298
Chain
	Aln	9	+SRR33939694.72089/1 113 2335 2353 -edge_5_0_+disjointig_2_3588_44283 14733 16963 40695 -1 -1 1948 0.0254169
Chain
	Aln	8	-SRR33939694.72089/1 17 2239 2353 +edge_5_0_+disjointig_2_3588_44283 23731 25961 40695 -1 -1 1948 0.0254169
Chain
	Aln	8	+SRR33939694.72158/1 110 2165 2206 +edge_5_0_+disjointig_2_3588_44283 12256 14308 40695 -1 -1 1872 0.019922
Chain
	Aln	9	-SRR33939694.72158/1 40 2095 2206 -edge_5_0_+disjointig_2_3588_44283 26386 28438 40695 -1 -1 1872 0.019922
Chain
	Aln	9	+SRR33939694.72196/1 107 1422 1435 -edge_5_0_+disjointig_2_3588_44283 31502 32808 40695 -1 -1 1184 0.017895
Chain
	Aln	8	-SRR33939694.72196/1 12 1327 1435 +edge_5_0_+disjointig_2_3588_44283 7886 9192 40695 -1 -1 1184 0.017895
Chain
	Aln	8	+SRR33939694.72142/1 122 1941 1955 +edge_5_0_+disjointig_2_3588_44283 6953 8775 40695 -1 -1 1671 0.0157694
Chain
	Aln	9	-SRR33939694.72142/1 13 1832 1955 -edge_5_0_+disjointig_2_3588_44283 31919 33741 40695 -1 -1 1671 0.0157694
Chain
	Aln	9	+SRR33939694.72199/1 111 1397 1413 -edge_5_0_+disjointig_2_3588_44283 24699 25998 40695 -1 -1 1206 0.0176013
Chain
	Aln	8	-SRR33939694.72199/1 15 1301 1413 +edge_5_0_+disjointig_2_3588_44283 14696 15995 40695 -1 -1 1206 0.0176013
Chain
	Aln	9	+SRR33939694.72309/1 115 1218 1220 -edge_5_0_+disjointig_2_3588_44283 32035 33141 40695 -1 -1 1068 0.0108298
Chain
	Aln	8	-SRR33939694.72309/1 1 1104 1220 +edge_5_0_+disjointig_2_3588_44283 7553 8659 40695 -1 -1 1068 0.0108298
Chain
	Aln	9	+SRR33939694.72315/1 111 1347 1352 -edge_5_0_+disjointig_2_3588_44283 14503 15769 40695 -1 -1 1018 0.0365814
Chain
	Aln	8	-SRR33939694.72315/1 4 1240 1352 +edge_5_0_+disjointig_2_3588_44283 24925 26191 40695 -1 -1 1018 0.0365814
Chain
	Aln	9	+SRR33939694.72324/1 119 1340 1359 -edge_5_0_+disjointig_2_3588_44283 6303 7608 40695 -1 -1 872 0.055202
Chain
	Aln	8	-SRR33939694.72324/1 18 1239 1359 +edge_5_0_+disjointig_2_3588_44283 33086 34391 40695 -1 -1 872 0.055202
Chain
	Aln	8	+SRR33939694.72340/1 162 1265 1267 +edge_5_0_+disjointig_2_3588_44283 5605 6735 40695 -1 -1 864 0.0455901
Chain
	Aln	9	-SRR33939694.72340/1 1 1104 1267 -edge_5_0_+disjointig_2_3588_44283 33959 35089 40695 -1 -1 864 0.0455901
Chain
	Aln	9	+SRR33939694.72362/1 123 1233 1235 -edge_5_0_+disjointig_2_3588_44283 16149 17259 40695 -1 -1 902 0.0394496
Chain
	Aln	8	-SRR33939694.72362/1 1 1111 1235 +edge_5_0_+disjointig_2_3588_44283 23435 24545 40695 -1 -1 902 0.0394496
Chain
	Aln	0	+SRR33939694.72289/1 116 2359 2361 +edge_1_0_+disjointig_1_0_20896 324 2564 20896 -1 -1 1677 0.0412612
Chain
	Aln	1	-SRR33939694.72289/1 1 2244 2361 -edge_1_0_+disjointig_1_0_20896 18331 20571 20896 -1 -1 1677 0.0412612
Chain
	Aln	9	+SRR33939694.71953/1 169 5755 5821 -edge_5_0_+disjointig_2_3588_44283 17716 23346 40695 -1 -1 4764 0.0310019
Chain
	Aln	8	-SRR33939694.71953/1 65 5651 5821 +edge_5_0_+disjointig_2_3588_44283 17348 22978 40695 -1 -1 4764 0.0310019
Chain
	Aln	9	+SRR33939694.72435/1 119 1402 1405 -edge_5_0_+disjointig_2_3588_44283 22316 23614 40695 -1 -1 886 0.0551168
Chain
	Aln	8	-SRR33939694.72435/1 2 1285 1405 +edge_5_0_+disjointig_2_3588_44283 17080 18378 40695 -1 -1 886 0.0551168
Chain
	Aln	8	+SRR33939694.72478/1 111 1146 1156 +edge_5_0_+disjointig_2_3588_44283 28702 29752 40695 -1 -1 789 0.0444073
Chain
	Aln	9	-SRR33939694.72478/1 9 1044 1156 -edge_5_0_+disjointig_2_3588_44283 10942 11992 40695 -1 -1 789 0.0444073
Chain
	Aln	8	+SRR33939694.72461/1 126 1256 1258 +edge_5_0_+disjointig_2_3588_44283 7660 8801 40695 -1 -1 807 0.0517325
Chain
	Aln	9	-SRR33939694.72461/1 1 1131 1258 -edge_5_0_+disjointig_2_3588_44283 31893 33034 40695 -1 -1 807 0.0517325
Chain
	Aln	8	+SRR33939694.72521/1 117 1135 1151 +edge_5_0_+disjointig_2_3588_44283 30089 31108 40695 -1 -1 940 0.0218548
Chain
	Aln	9	-SRR33939694.72521/1 15 1033 1151 -edge_5_0_+disjointig_2_3588_44283 9586 10605 40695 -1 -1 940 0.0218548
Chain
	Aln	6	+SRR33939694.72507/1 859 2073 2087 +edge_4_0_+disjointig_1_22059_47419 2393 3606 25360 -1 -1 986 0.0329137
Chain
	Aln	7	-SRR33939694.72507/1 13 1227 2087 -edge_4_0_+disjointig_1_22059_47419 21753 22966 25360 -1 -1 986 0.0329137
Chain
	Aln	9	+SRR33939694.72527/1 133 1436 1490 -edge_5_0_+disjointig_2_3588_44283 11350 12673 40695 -1 -1 1070 0.0450911
Chain
	Aln	8	-SRR33939694.72527/1 53 1356 1490 +edge_5_0_+disjointig_2_3588_44283 28021 29344 40695 -1 -1 1070 0.0450911
Chain
	Aln	9	+SRR33939694.72713/1 110 1125 1145 -edge_5_0_+disjointig_2_3588_44283 26891 27902 40695 -1 -1 969 0.015956
Chain
	Aln	8	-SRR33939694.72713/1 19 1034 1145 +edge_5_0_+disjointig_2_3588_44283 12792 13803 40695 -1 -1 969 0.015956
Chain
	Aln	8	+SRR33939694.72634/1 109 1470 1472 +edge_5_0_+disjointig_2_3588_44283 25569 26928 40695 -1 -1 1138 0.0374706
Chain
	Aln	9	-SRR33939694.72634/1 1 1362 1472 -edge_5_0_+disjointig_2_3588_44283 13766 15125 40695 -1 -1 1138 0.0374706
Chain
	Aln	8	+SRR33939694.72904/1 118 1164 1166 +edge_5_0_+disjointig_2_3588_44283 30249 31299 40695 -1 -1 919 0.0220467
Chain
	Aln	9	-SRR33939694.72904/1 1 1047 1166 -edge_5_0_+disjointig_2_3588_44283 9395 10445 40695 -1 -1 919 0.0220467
Chain
	Aln	9	+SRR33939694.72636/1 111 2080 2082 -edge_5_0_+disjointig_2_3588_44283 18605 20574 40695 -1 -1 1861 0.0150044
Chain
	Aln	8	-SRR33939694.72636/1 1 1970 2082 +edge_5_0_+disjointig_2_3588_44283 20120 22089 40695 -1 -1 1861 0.0150044
Chain
	Aln	8	+SRR33939694.72949/1 116 1258 1262 +edge_5_0_+disjointig_2_3588_44283 5366 6500 40695 -1 -1 1036 0.0213883
Chain
	Aln	9	-SRR33939694.72949/1 3 1145 1262 -edge_5_0_+disjointig_2_3588_44283 34194 35328 40695 -1 -1 1036 0.0213883
Chain
	Aln	9	+SRR33939694.72887/1 117 1410 1430 -edge_5_0_+disjointig_2_3588_44283 7275 8574 40695 -1 -1 1221 0.0157949
Chain
	Aln	8	-SRR33939694.72887/1 19 1312 1430 +edge_5_0_+disjointig_2_3588_44283 32120 33419 40695 -1 -1 1221 0.0157949
Chain
	Aln	8	+SRR33939694.72767/1 117 2074 2076 +edge_5_0_+disjointig_2_3588_44283 5271 7238 40695 -1 -1 1785 0.0251621
Chain
	Aln	9	-SRR33939694.72767/1 1 1958 2076 -edge_5_0_+disjointig_2_3588_44283 33456 35423 40695 -1 -1 1785 0.0251621
Chain
	Aln	8	+SRR33939694.73045/1 125 1141 1149 +edge_5_0_+disjointig_2_3588_44283 8545 9558 40695 -1 -1 695 0.0521785
Chain
	Aln	9	-SRR33939694.73045/1 7 1023 1149 -edge_5_0_+disjointig_2_3588_44283 31136 32149 40695 -1 -1 695 0.0521785
Chain
	Aln	8	+SRR33939694.73009/1 112 1627 1630 +edge_5_0_+disjointig_2_3588_44283 29116 30631 40695 -1 -1 1469 0.0134014
Chain
	Aln	9	-SRR33939694.73009/1 2 1517 1630 -edge_5_0_+disjointig_2_3588_44283 10063 11578 40695 -1 -1 1469 0.0134014
Chain
	Aln	9	+SRR33939694.73047/1 118 1611 1613 -edge_5_0_+disjointig_2_3588_44283 31928 33410 40695 -1 -1 1191 0.0333477
Chain
	Aln	8	-SRR33939694.73047/1 1 1494 1613 +edge_5_0_+disjointig_2_3588_44283 7284 8766 40695 -1 -1 1191 0.0333477
Chain
	Aln	4	+SRR33939694.73114/1 110 1156 1194 +edge_3_0_-disjointig_2_41855_44283 1334 2409 2428 -1 -1 844 0.0349276
Chain
	Aln	5	-SRR33939694.73114/1 37 1083 1194 -edge_3_0_-disjointig_2_41855_44283 18 1093 2428 -1 -1 844 0.0349276
Chain
	Aln	8	+SRR33939694.73049/1 98 2492 2507 +edge_5_0_+disjointig_2_3588_44283 11500 13909 40695 -1 -1 2009 0.0285121
Chain
	Aln	9	-SRR33939694.73049/1 14 2408 2507 -edge_5_0_+disjointig_2_3588_44283 26785 29194 40695 -1 -1 2009 0.0285121
Chain
	Aln	5	+SRR33939694.73115/1 113 1901 1903 -edge_3_0_-disjointig_2_41855_44283 513 2329 2428 -1 -1 1444 0.0330072
Chain
	Aln	4	-SRR33939694.73115/1 1 1789 1903 +edge_3_0_-disjointig_2_41855_44283 98 1914 2428 -1 -1 1444 0.0330072
Chain
	Aln	9	+SRR33939694.73205/1 112 1405 1408 -edge_5_0_+disjointig_2_3588_44283 24411 25732 40695 -1 -1 970 0.0428389
Chain
	Aln	8	-SRR33939694.73205/1 2 1295 1408 +edge_5_0_+disjointig_2_3588_44283 14962 16283 40695 -1 -1 970 0.0428389
Chain
	Aln	9	+SRR33939694.73247/1 119 1300 1305 -edge_5_0_+disjointig_2_3588_44283 7109 8297 40695 -1 -1 896 0.0384732
Chain
	Aln	8	-SRR33939694.73247/1 4 1185 1305 +edge_5_0_+disjointig_2_3588_44283 32397 33585 40695 -1 -1 896 0.0384732
Chain
	Aln	9	+SRR33939694.73218/1 110 1463 1468 -edge_5_0_+disjointig_2_3588_44283 34744 36122 40695 -1 -1 1220 0.0259816
Chain
	Aln	8	-SRR33939694.73218/1 4 1357 1468 +edge_5_0_+disjointig_2_3588_44283 4572 5950 40695 -1 -1 1220 0.0259816
Chain
	Aln	8	+SRR33939694.73255/1 112 1146 1148 +edge_5_0_+disjointig_2_3588_44283 13309 14347 40695 -1 -1 891 0.0261265
Chain
	Aln	9	-SRR33939694.73255/1 1 1035 1148 -edge_5_0_+disjointig_2_3588_44283 26347 27385 40695 -1 -1 891 0.0261265
Chain
	Aln	8	+SRR33939694.73172/1 110 2606 2608 +edge_5_0_+disjointig_2_3588_44283 10110 12599 40695 -1 -1 2454 0.00770858
Chain
	Aln	9	-SRR33939694.73172/1 1 2497 2608 -edge_5_0_+disjointig_2_3588_44283 28095 30584 40695 -1 -1 2454 0.00770858
Chain
	Aln	9	+SRR33939694.73214/1 113 1715 2048 -edge_5_0_+disjointig_2_3588_44283 39093 40694 40695 -1 -1 1538 0.0135955
Chain
	Aln	8	-SRR33939694.73214/1 332 1934 2048 +edge_5_0_+disjointig_2_3588_44283 0 1601 40695 -1 -1 1538 0.0135955
Chain
	Aln	8	+SRR33939694.73294/1 121 1617 1620 +edge_5_0_+disjointig_2_3588_44283 30662 32151 40695 -1 -1 1174 0.0313488
Chain
	Aln	9	-SRR33939694.73294/1 2 1498 1620 -edge_5_0_+disjointig_2_3588_44283 8543 10032 40695 -1 -1 1174 0.0313488
Chain
	Aln	9	+SRR33939694.73311/1 155 1756 1758 -edge_5_0_+disjointig_2_3588_44283 13117 14726 40695 -1 -1 1383 0.0248739
Chain
	Aln	8	-SRR33939694.73311/1 1 1602 1758 +edge_5_0_+disjointig_2_3588_44283 25968 27577 40695 -1 -1 1383 0.0248739
Chain
	Aln	8	+SRR33939694.73342/1 111 1203 1208 +edge_5_0_+disjointig_2_3588_44283 22794 23884 40695 -1 -1 983 0.0229033
Chain
	Aln	9	-SRR33939694.73342/1 4 1096 1208 -edge_5_0_+disjointig_2_3588_44283 16810 17900 40695 -1 -1 983 0.0229033
Chain
	Aln	8	+SRR33939694.73369/1 125 1151 1168 +edge_5_0_+disjointig_2_3588_44283 29707 30740 40695 -1 -1 737 0.0531546
Chain
	Aln	9	-SRR33939694.73369/1 16 1042 1168 -edge_5_0_+disjointig_2_3588_44283 9954 10987 40695 -1 -1 737 0.0531546
Chain
	Aln	8	+SRR33939694.73344/1 107 1157 1164 +edge_5_0_+disjointig_2_3588_44283 17988 19050 40695 -1 -1 800 0.0390693
Chain
	Aln	9	-SRR33939694.73344/1 6 1056 1164 -edge_5_0_+disjointig_2_3588_44283 21644 22706 40695 -1 -1 800 0.0390693
Chain
	Aln	9	+SRR33939694.73413/1 106 1198 1200 -edge_5_0_+disjointig_2_3588_44283 1830 2953 40695 -1 -1 691 0.0611006
Chain
	Aln	8	-SRR33939694.73413/1 1 1093 1200 +edge_5_0_+disjointig_2_3588_44283 37741 38864 40695 -1 -1 691 0.0611006
Chain
	Aln	8	+SRR33939694.73444/1 116 1491 1494 +edge_5_0_+disjointig_2_3588_44283 22649 24032 40695 -1 -1 1262 0.0215323
Chain
	Aln	9	-SRR33939694.73444/1 2 1377 1494 -edge_5_0_+disjointig_2_3588_44283 16662 18045 40695 -1 -1 1262 0.0215323
Chain
	Aln	9	+SRR33939694.73519/1 109 1197 1199 -edge_5_0_+disjointig_2_3588_44283 17211 18307 40695 -1 -1 1024 0.0213155
Chain
	Aln	8	-SRR33939694.73519/1 1 1089 1199 +edge_5_0_+disjointig_2_3588_44283 22387 23483 40695 -1 -1 1024 0.0213155
Chain
	Aln	9	+SRR33939694.73480/1 158 1647 1654 -edge_5_0_+disjointig_2_3588_44283 27303 28783 40695 -1 -1 1292 0.0256313
Chain
	Aln	8	-SRR33939694.73480/1 6 1495 1654 +edge_5_0_+disjointig_2_3588_44283 11911 13391 40695 -1 -1 1292 0.0256313
Chain
	Aln	5	+SRR33939694.73544/1 109 1251 1395 -edge_3_0_-disjointig_2_41855_44283 1236 2400 2428 -1 -1 1020 0.0285191
Chain
	Aln	4	-SRR33939694.73544/1 143 1285 1395 +edge_3_0_-disjointig_2_41855_44283 27 1191 2428 -1 -1 1020 0.0285191
Chain
	Aln	8	+SRR33939694.73620/1 108 1173 1196 +edge_5_0_+disjointig_2_3588_44283 21248 22323 40695 -1 -1 915 0.0288988
Chain
	Aln	9	-SRR33939694.73620/1 22 1087 1196 -edge_5_0_+disjointig_2_3588_44283 18371 19446 40695 -1 -1 915 0.0288988
Chain
	Aln	9	+SRR33939694.73652/1 105 1138 1141 -edge_5_0_+disjointig_2_3588_44283 26061 27091 40695 -1 -1 843 0.036585
Chain
	Aln	8	-SRR33939694.73652/1 2 1035 1141 +edge_5_0_+disjointig_2_3588_44283 13603 14633 40695 -1 -1 843 0.036585
Chain
	Aln	8	+SRR33939694.73567/1 114 1608 1610 +edge_5_0_+disjointig_2_3588_44283 14870 16367 40695 -1 -1 1259 0.0309205
Chain
	Aln	9	-SRR33939694.73567/1 1 1495 1610 -edge_5_0_+disjointig_2_3588_44283 24327 25824 40695 -1 -1 1259 0.0309205
Chain
	Aln	9	+SRR33939694.73607/1 111 1381 1383 -edge_5_0_+disjointig_2_3588_44283 13811 15091 40695 -1 -1 1244 0.010641
Chain
	Aln	8	-SRR33939694.73607/1 1 1271 1383 +edge_5_0_+disjointig_2_3588_44283 25603 26883 40695 -1 -1 1244 0.010641
Chain
	Aln	8	+SRR33939694.73682/1 115 1883 1899 +edge_5_0_+disjointig_2_3588_44283 19240 21009 40695 -1 -1 1723 0.0123664
Chain
	Aln	9	-SRR33939694.73682/1 15 1783 1899 -edge_5_0_+disjointig_2_3588_44283 19685 21454 40695 -1 -1 1723 0.0123664
Chain
	Aln	8	+SRR33939694.73692/1 127 1469 1471 +edge_5_0_+disjointig_2_3588_44283 3390 4749 40695 -1 -1 1155 0.0294374
Chain
	Aln	9	-SRR33939694.73692/1 1 1343 1471 -edge_5_0_+disjointig_2_3588_44283 35945 37304 40695 -1 -1 1155 0.0294374
Chain
	Aln	8	+SRR33939694.73721/1 109 1360 1363 +edge_5_0_+disjointig_2_3588_44283 5264 6505 40695 -1 -1 1091 0.0280255
Chain
	Aln	9	-SRR33939694.73721/1 2 1253 1363 -edge_5_0_+disjointig_2_3588_44283 34189 35430 40695 -1 -1 1091 0.0280255
Chain
	Aln	8	+SRR33939694.73761/1 118 1129 1152 +edge_5_0_+disjointig_2_3588_44283 12172 13195 40695 -1 -1 765 0.0420455
Chain
	Aln	9	-SRR33939694.73761/1 22 1033 1152 -edge_5_0_+disjointig_2_3588_44283 27499 28522 40695 -1 -1 765 0.0420455
Chain
	Aln	9	+SRR33939694.73741/1 116 1699 1716 -edge_5_0_+disjointig_2_3588_44283 34081 35615 40695 -1 -1 1402 0.0175673
Chain
	Aln	8	-SRR33939694.73741/1 16 1599 1716 +edge_5_0_+disjointig_2_3588_44283 5079 6613 40695 -1 -1 1402 0.0175673
Chain
	Aln	8	+SRR33939694.73815/1 115 1371 1374 +edge_5_0_+disjointig_2_3588_44283 32393 33648 40695 -1 -1 1189 0.0172329
Chain
	Aln	9	-SRR33939694.73815/1 2 1258 1374 -edge_5_0_+disjointig_2_3588_44283 7046 8301 40695 -1 -1 1189 0.0172329
Chain
	Aln	9	+SRR33939694.73819/1 147 1572 1574 -edge_5_0_+disjointig_2_3588_44283 21201 22626 40695 -1 -1 1189 0.0318706
Chain
	Aln	8	-SRR33939694.73819/1 1 1426 1574 +edge_5_0_+disjointig_2_3588_44283 18068 19493 40695 -1 -1 1189 0.0318706
Chain
	Aln	9	+SRR33939694.73850/1 111 1453 1455 -edge_5_0_+disjointig_2_3588_44283 35714 37056 40695 -1 -1 1263 0.0201317
Chain
	Aln	8	-SRR33939694.73850/1 1 1343 1455 +edge_5_0_+disjointig_2_3588_44283 3638 4980 40695 -1 -1 1263 0.0201317
Chain
	Aln	8	+SRR33939694.73894/1 124 1232 1255 +edge_5_0_+disjointig_2_3588_44283 3731 4828 40695 -1 -1 910 0.0305879
Chain
	Aln	9	-SRR33939694.73894/1 22 1130 1255 -edge_5_0_+disjointig_2_3588_44283 35866 36963 40695 -1 -1 910 0.0305879
Chain
	Aln	9	+SRR33939694.73932/1 113 1202 1204 -edge_5_0_+disjointig_2_3588_44283 27497 28587 40695 -1 -1 1016 0.0212246
Chain
	Aln	8	-SRR33939694.73932/1 1 1090 1204 +edge_5_0_+disjointig_2_3588_44283 12107 13197 40695 -1 -1 1016 0.0212246
Chain
	Aln	8	+SRR33939694.73935/1 113 1121 1123 +edge_5_0_+disjointig_2_3588_44283 12972 13979 40695 -1 -1 944 0.0107995
Chain
	Aln	9	-SRR33939694.73935/1 1 1009 1123 -edge_5_0_+disjointig_2_3588_44283 26715 27722 40695 -1 -1 944 0.0107995
Chain
	Aln	9	+SRR33939694.74113/1 108 1199 1202 -edge_5_0_+disjointig_2_3588_44283 18987 20082 40695 -1 -1 1016 0.0219607
Chain
	Aln	8	-SRR33939694.74113/1 2 1093 1202 +edge_5_0_+disjointig_2_3588_44283 20612 21707 40695 -1 -1 1016 0.0219607
Chain
	Aln	8	+SRR33939694.74109/1 113 1399 1410 +edge_5_0_+disjointig_2_3588_44283 33959 35248 40695 -1 -1 1061 0.0289577
Chain
	Aln	9	-SRR33939694.74109/1 10 1296 1410 -edge_5_0_+disjointig_2_3588_44283 5446 6735 40695 -1 -1 1061 0.0289577
Chain
	Aln	8	+SRR33939694.74128/1 115 1748 1750 +edge_5_0_+disjointig_2_3588_44283 21127 22744 40695 -1 -1 1360 0.031986
Chain
	Aln	9	-SRR33939694.74128/1 1 1634 1750 -edge_5_0_+disjointig_2_3588_44283 17950 19567 40695 -1 -1 1360 0.031986
Chain
	Aln	9	+SRR33939694.74150/1 114 1696 1701 -edge_5_0_+disjointig_2_3588_44283 18719 20305 40695 -1 -1 1548 0.0107781
Chain
	Aln	8	-SRR33939694.74150/1 4 1586 1701 +edge_5_0_+disjointig_2_3588_44283 20389 21975 40695 -1 -1 1548 0.0107781
Chain
	Aln	9	+SRR33939694.74247/1 116 1619 1622 -edge_5_0_+disjointig_2_3588_44283 34349 35839 40695 -1 -1 1334 0.0236681
Chain
	Aln	8	-SRR33939694.74247/1 2 1505 1622 +edge_5_0_+disjointig_2_3588_44283 4855 6345 40695 -1 -1 1334 0.0236681
Chain
	Aln	8	+SRR33939694.74276/1 131 1655 1690 +edge_5_0_+disjointig_2_3588_44283 6093 7617 40695 -1 -1 1093 0.0520847
Chain
	Aln	9	-SRR33939694.74276/1 34 1558 1690 -edge_5_0_+disjointig_2_3588_44283 33077 34601 40695 -1 -1 1093 0.0520847
Chain
	Aln	8	+SRR33939694.74268/1 110 1645 1653 +edge_5_0_+disjointig_2_3588_44283 2473 4009 40695 -1 -1 1393 0.0251805
Chain
	Aln	9	-SRR33939694.74268/1 7 1542 1653 -edge_5_0_+disjointig_2_3588_44283 36685 38221 40695 -1 -1 1393 0.0251805
Chain
	Aln	6	+SRR33939694.74345/1 250 1309 1336 +edge_4_0_+disjointig_1_22059_47419 19828 20919 25360 -1 -1 856 0.041304
Chain
	Aln	7	-SRR33939694.74345/1 26 1085 1336 -edge_4_0_+disjointig_1_22059_47419 4440 5531 25360 -1 -1 856 0.041304
Chain
	Aln	8	+SRR33939694.74267/1 97 1932 1934 +edge_5_0_+disjointig_2_3588_44283 8132 9981 40695 -1 -1 1783 0.0122785
Chain
	Aln	9	-SRR33939694.74267/1 1 1836 1934 -edge_5_0_+disjointig_2_3588_44283 30713 32562 40695 -1 -1 1783 0.0122785
Chain
	Aln	8	+SRR33939694.74376/1 110 1183 1206 +edge_5_0_+disjointig_2_3588_44283 23661 24734 40695 -1 -1 619 0.0747053
Chain
	Aln	9	-SRR33939694.74376/1 22 1095 1206 -edge_5_0_+disjointig_2_3588_44283 15960 17033 40695 -1 -1 619 0.0747053
Chain
	Aln	8	+SRR33939694.74389/1 115 1301 1303 +edge_5_0_+disjointig_2_3588_44283 33057 34251 40695 -1 -1 1104 0.0209013
Chain
	Aln	9	-SRR33939694.74389/1 1 1187 1303 -edge_5_0_+disjointig_2_3588_44283 6443 7637 40695 -1 -1 1104 0.0209013
Chain
	Aln	9	+SRR33939694.74360/1 119 1892 1912 -edge_5_0_+disjointig_2_3588_44283 4461 6256 40695 -1 -1 1536 0.0289008
Chain
	Aln	8	-SRR33939694.74360/1 19 1792 1912 +edge_5_0_+disjointig_2_3588_44283 34438 36233 40695 -1 -1 1536 0.0289008
Chain
	Aln	8	+SRR33939694.74377/1 126 1432 1436 +edge_5_0_+disjointig_2_3588_44283 3730 5028 40695 -1 -1 1216 0.0199075
Chain
	Aln	9	-SRR33939694.74377/1 3 1309 1436 -edge_5_0_+disjointig_2_3588_44283 35666 36964 40695 -1 -1 1216 0.0199075
Chain
	Aln	8	+SRR33939694.74479/1 113 1123 1145 +edge_5_0_+disjointig_2_3588_44283 19862 20879 40695 -1 -1 818 0.0366302
Chain
	Aln	9	-SRR33939694.74479/1 21 1031 1145 -edge_5_0_+disjointig_2_3588_44283 19815 20832 40695 -1 -1 818 0.0366302
Chain
	Aln	5	+SRR33939694.74522/1 94 1233 1235 -edge_3_0_-disjointig_2_41855_44283 421 1567 2428 -1 -1 1086 0.0129196
Chain
	Aln	4	-SRR33939694.74522/1 1 1140 1235 +edge_3_0_-disjointig_2_41855_44283 860 2006 2428 -1 -1 1086 0.0129196
Chain
	Aln	8	+SRR33939694.74555/1 106 1136 1138 +edge_5_0_+disjointig_2_3588_44283 14136 15160 40695 -1 -1 962 0.0221521
Chain
	Aln	9	-SRR33939694.74555/1 1 1031 1138 -edge_5_0_+disjointig_2_3588_44283 25534 26558 40695 -1 -1 962 0.0221521
Chain
	Aln	8	+SRR33939694.74548/1 110 1805 1807 +edge_5_0_+disjointig_2_3588_44283 32037 33751 40695 -1 -1 1428 0.0364075
Chain
	Aln	9	-SRR33939694.74548/1 1 1696 1807 -edge_5_0_+disjointig_2_3588_44283 6943 8657 40695 -1 -1 1428 0.0364075
Chain
	Aln	2	+SRR33939694.74571/1 373 1479 1481 +edge_2_1_+disjointig_2_2428_3588 1 1127 1160 -1 -1 1084 0.0133093
Chain
	Aln	3	-SRR33939694.74571/1 1 1107 1481 -edge_2_1_+disjointig_2_2428_3588 32 1158 1160 -1 -1 1084 0.0133093
Chain
	Aln	9	+SRR33939694.74577/1 108 1609 1627 -edge_5_0_+disjointig_2_3588_44283 20270 21786 40695 -1 -1 1206 0.0356543
Chain
	Aln	8	-SRR33939694.74577/1 17 1518 1627 +edge_5_0_+disjointig_2_3588_44283 18908 20424 40695 -1 -1 1206 0.0356543
Chain
	Aln	8	+SRR33939694.74631/1 113 1143 1145 +edge_5_0_+disjointig_2_3588_44283 6230 7276 40695 -1 -1 929 0.024578
Chain
	Aln	9	-SRR33939694.74631/1 1 1031 1145 -edge_5_0_+disjointig_2_3588_44283 33418 34464 40695 -1 -1 929 0.024578
Chain
	Aln	8	+SRR33939694.74622/1 109 1179 1200 +edge_5_0_+disjointig_2_3588_44283 16557 17642 40695 -1 -1 819 0.0400073
Chain
	Aln	9	-SRR33939694.74622/1 20 1090 1200 -edge_5_0_+disjointig_2_3588_44283 23052 24137 40695 -1 -1 819 0.0400073
Chain
	Aln	9	+SRR33939694.74603/1 116 1981 1984 -edge_5_0_+disjointig_2_3588_44283 35616 37500 40695 -1 -1 1717 0.0183751
Chain
	Aln	8	-SRR33939694.74603/1 2 1867 1984 +edge_5_0_+disjointig_2_3588_44283 3194 5078 40695 -1 -1 1717 0.0183751
Chain
	Aln	8	+SRR33939694.74675/1 120 1192 1194 +edge_5_0_+disjointig_2_3588_44283 32379 33457 40695 -1 -1 859 0.0416984
Chain
	Aln	9	-SRR33939694.74675/1 1 1073 1194 -edge_5_0_+disjointig_2_3588_44283 7237 8315 40695 -1 -1 859 0.0416984
Chain
	Aln	9	+SRR33939694.74749/1 119 1217 1219 -edge_5_0_+disjointig_2_3588_44283 35256 36357 40695 -1 -1 1053 0.0129805
Chain
	Aln	8	-SRR33939694.74749/1 1 1099 1219 +edge_5_0_+disjointig_2_3588_44283 4337 5438 40695 -1 -1 1053 0.0129805
Chain
	Aln	8	+SRR33939694.74788/1 112 1310 1319 +edge_5_0_+disjointig_2_3588_44283 27733 28949 40695 -1 -1 1136 0.0214848
Chain
	Aln	9	-SRR33939694.74788/1 8 1206 1319 -edge_5_0_+disjointig_2_3588_44283 11745 12961 40695 -1 -1 1136 0.0214848
Chain
	Aln	8	+SRR33939694.74830/1 108 1585 1587 +edge_5_0_+disjointig_2_3588_44283 12637 14114 40695 -1 -1 1338 0.0250942
Chain
	Aln	9	-SRR33939694.74830/1 1 1478 1587 -edge_5_0_+disjointig_2_3588_44283 26580 28057 40695 -1 -1 1338 0.0250942
Chain
	Aln	4	+SRR33939694.74885/1 131 1625 1644 +edge_3_0_-disjointig_2_41855_44283 905 2423 2428 -1 -1 1199 0.0337709
Chain
	Aln	5	-SRR33939694.74885/1 18 1512 1644 -edge_3_0_-disjointig_2_41855_44283 4 1522 2428 -1 -1 1199 0.0337709
Chain
	Aln	8	+SRR33939694.74909/1 108 1503 1519 +edge_5_0_+disjointig_2_3588_44283 7000 8386 40695 -1 -1 1278 0.0227199
Chain
	Aln	9	-SRR33939694.74909/1 15 1410 1519 -edge_5_0_+disjointig_2_3588_44283 32308 33694 40695 -1 -1 1278 0.0227199
Chain
	Aln	8	+SRR33939694.74907/1 118 1663 1669 +edge_5_0_+disjointig_2_3588_44283 23270 24821 40695 -1 -1 1205 0.038075
Chain
	Aln	9	-SRR33939694.74907/1 5 1550 1669 -edge_5_0_+disjointig_2_3588_44283 15873 17424 40695 -1 -1 1205 0.038075
Chain
	Aln	9	+SRR33939694.75042/1 109 1286 1288 -edge_5_0_+disjointig_2_3588_44283 6240 7431 40695 -1 -1 1106 0.0186116
Chain
	Aln	8	-SRR33939694.75042/1 1 1178 1288 +edge_5_0_+disjointig_2_3588_44283 33263 34454 40695 -1 -1 1106 0.0186116
Chain
	Aln	8	+SRR33939694.74942/1 108 2258 2274 +edge_5_0_+disjointig_2_3588_44283 36953 39100 40695 -1 -1 2039 0.0155047
Chain
	Aln	9	-SRR33939694.74942/1 15 2165 2274 -edge_5_0_+disjointig_2_3588_44283 1594 3741 40695 -1 -1 2039 0.0155047
Chain
	Aln	8	+SRR33939694.75082/1 108 1317 1319 +edge_5_0_+disjointig_2_3588_44283 37852 39064 40695 -1 -1 1121 0.0227749
Chain
	Aln	9	-SRR33939694.75082/1 1 1210 1319 -edge_5_0_+disjointig_2_3588_44283 1630 2842 40695 -1 -1 1121 0.0227749
Chain
	Aln	8	+SRR33939694.75092/1 116 1184 1199 +edge_5_0_+disjointig_2_3588_44283 39608 40678 40695 -1 -1 921 0.0239782
Chain
	Aln	9	-SRR33939694.75092/1 14 1082 1199 -edge_5_0_+disjointig_2_3588_44283 16 1086 40695 -1 -1 921 0.0239782
Chain
	Aln	9	+SRR33939694.75099/1 111 1126 1130 -edge_5_0_+disjointig_2_3588_44283 34455 35469 40695 -1 -1 1001 0.00806317
Chain
	Aln	8	-SRR33939694.75099/1 3 1018 1130 +edge_5_0_+disjointig_2_3588_44283 5225 6239 40695 -1 -1 1001 0.00806317
Chain
	Aln	4	+SRR33939694.75090/1 292 2698 2727 +edge_3_0_-disjointig_2_41855_44283 1 2414 2428 -1 -1 2167 0.0239197
Chain
	Aln	5	-SRR33939694.75090/1 28 2434 2727 -edge_3_0_-disjointig_2_41855_44283 13 2426 2428 -1 -1 2167 0.0239197
Chain
	Aln	9	+SRR33939694.75219/1 124 1416 1418 -edge_5_0_+disjointig_2_3588_44283 2957 4244 40695 -1 -1 1231 0.0160132
Chain
	Aln	8	-SRR33939694.75219/1 1 1293 1418 +edge_5_0_+disjointig_2_3588_44283 36450 37737 40695 -1 -1 1231 0.0160132
Chain
	Aln	6	+SRR33939694.75185/1 434 1831 1846 +edge_4_0_+disjointig_1_22059_47419 9983 11383 25360 -1 -1 1334 0.0153635
Chain
	Aln	7	-SRR33939694.75185/1 14 1411 1846 -edge_4_0_+disjointig_1_22059_47419 13976 15376 25360 -1 -1 1334 0.0153635
Chain
	Aln	8	+SRR33939694.75147/1 113 2376 2379 +edge_5_0_+disjointig_2_3588_44283 31298 33565 40695 -1 -1 1753 0.0462832
Chain
	Aln	9	-SRR33939694.75147/1 2 2265 2379 -edge_5_0_+disjointig_2_3588_44283 7129 9396 40695 -1 -1 1753 0.0462832
Chain
	Aln	9	+SRR33939694.75232/1 143 1336 1338 -edge_5_0_+disjointig_2_3588_44283 18626 19835 40695 -1 -1 880 0.0415409
Chain
	Aln	8	-SRR33939694.75232/1 1 1194 1338 +edge_5_0_+disjointig_2_3588_44283 20859 22068 40695 -1 -1 880 0.0415409
Chain
	Aln	9	+SRR33939694.75280/1 107 1168 1170 -edge_5_0_+disjointig_2_3588_44283 21630 22693 40695 -1 -1 924 0.0285977
Chain
	Aln	8	-SRR33939694.75280/1 1 1062 1170 +edge_5_0_+disjointig_2_3588_44283 18001 19064 40695 -1 -1 924 0.0285977
Chain
	Aln	9	+SRR33939694.75357/1 116 1159 1163 -edge_5_0_+disjointig_2_3588_44283 11237 12302 40695 -1 -1 834 0.036808
Chain
	Aln	8	-SRR33939694.75357/1 3 1046 1163 +edge_5_0_+disjointig_2_3588_44283 28392 29457 40695 -1 -1 834 0.036808
Chain
	Aln	8	+SRR33939694.75393/1 118 1134 1155 +edge_5_0_+disjointig_2_3588_44283 9026 10041 40695 -1 -1 946 0.0206019
Chain
	Aln	9	-SRR33939694.75393/1 20 1036 1155 -edge_5_0_+disjointig_2_3588_44283 30653 31668 40695 -1 -1 946 0.0206019
Chain
	Aln	9	+SRR33939694.75397/1 108 1122 1137 -edge_5_0_+disjointig_2_3588_44283 33505 34518 40695 -1 -1 877 0.0236116
Chain
	Aln	8	-SRR33939694.75397/1 14 1028 1137 +edge_5_0_+disjointig_2_3588_44283 6176 7189 40695 -1 -1 877 0.0236116
Chain
	Aln	9	+SRR33939694.75412/1 110 1519 1522 -edge_5_0_+disjointig_2_3588_44283 33223 34630 40695 -1 -1 1215 0.0330099
Chain
	Aln	8	-SRR33939694.75412/1 2 1411 1522 +edge_5_0_+disjointig_2_3588_44283 6064 7471 40695 -1 -1 1215 0.0330099
Chain
	Aln	9	+SRR33939694.75404/1 116 2450 2454 -edge_5_0_+disjointig_2_3588_44283 19267 21603 40695 -1 -1 2164 0.0198177
Chain
	Aln	8	-SRR33939694.75404/1 3 2337 2454 +edge_5_0_+disjointig_2_3588_44283 19091 21427 40695 -1 -1 2164 0.0198177
Chain
	Aln	9	+SRR33939694.75508/1 131 1134 1142 -edge_5_0_+disjointig_2_3588_44283 6331 7370 40695 -1 -1 643 0.0641076
Chain
	Aln	8	-SRR33939694.75508/1 7 1010 1142 +edge_5_0_+disjointig_2_3588_44283 33324 34363 40695 -1 -1 643 0.0641076
Chain
	Aln	8	+SRR33939694.75445/1 120 1623 1625 +edge_5_0_+disjointig_2_3588_44283 37889 39396 40695 -1 -1 1463 0.0119777
Chain
	Aln	9	-SRR33939694.75445/1 1 1504 1625 -edge_5_0_+disjointig_2_3588_44283 1298 2805 40695 -1 -1 1463 0.0119777
Chain
	Aln	8	+SRR33939694.75500/1 116 1895 1899 +edge_5_0_+disjointig_2_3588_44283 19836 21613 40695 -1 -1 1506 0.028589
Chain
	Aln	9	-SRR33939694.75500/1 3 1782 1899 -edge_5_0_+disjointig_2_3588_44283 19081 20858 40695 -1 -1 1506 0.028589
Chain
	Aln	8	+SRR33939694.75533/1 110 1113 1115 +edge_5_0_+disjointig_2_3588_44283 17177 18184 40695 -1 -1 963 0.0126676
Chain
	Aln	9	-SRR33939694.75533/1 1 1004 1115 -edge_5_0_+disjointig_2_3588_44283 22510 23517 40695 -1 -1 963 0.0126676
Chain
	Aln	9	+SRR33939694.75534/1 112 1280 1282 -edge_5_0_+disjointig_2_3588_44283 16519 17697 40695 -1 -1 1067 0.019897
Chain
	Aln	8	-SRR33939694.75534/1 1 1169 1282 +edge_5_0_+disjointig_2_3588_44283 22997 24175 40695 -1 -1 1067 0.019897
Chain
	Aln	9	+SRR33939694.75562/1 104 1328 1335 -edge_5_0_+disjointig_2_3588_44283 17012 18268 40695 -1 -1 1126 0.0298739
Chain
	Aln	8	-SRR33939694.75562/1 6 1230 1335 +edge_5_0_+disjointig_2_3588_44283 22426 23682 40695 -1 -1 1126 0.0298739
Chain
	Aln	8	+SRR33939694.75588/1 117 1329 1333 +edge_5_0_+disjointig_2_3588_44283 29373 30606 40695 -1 -1 1080 0.0264198
Chain
	Aln	9	-SRR33939694.75588/1 3 1215 1333 -edge_5_0_+disjointig_2_3588_44283 10088 11321 40695 -1 -1 1080 0.0264198
Chain
	Aln	9	+SRR33939694.75597/1 115 1374 1376 -edge_5_0_+disjointig_2_3588_44283 13404 14659 40695 -1 -1 1193 0.0110061
Chain
	Aln	8	-SRR33939694.75597/1 1 1260 1376 +edge_5_0_+disjointig_2_3588_44283 26035 27290 40695 -1 -1 1193 0.0110061
Chain
	Aln	9	+SRR33939694.75633/1 113 1175 1191 -edge_5_0_+disjointig_2_3588_44283 32477 33535 40695 -1 -1 1034 0.0107924
Chain
	Aln	8	-SRR33939694.75633/1 15 1077 1191 +edge_5_0_+disjointig_2_3588_44283 7159 8217 40695 -1 -1 1034 0.0107924
Chain
	Aln	9	+SRR33939694.75573/1 119 3076 3086 -edge_5_0_+disjointig_2_3588_44283 10588 13551 40695 -1 -1 2494 0.0327886
Chain
	Aln	8	-SRR33939694.75573/1 9 2966 3086 +edge_5_0_+disjointig_2_3588_44283 27143 30106 40695 -1 -1 2494 0.0327886
Chain
	Aln	9	+SRR33939694.75692/1 109 1385 1387 -edge_5_0_+disjointig_2_3588_44283 12381 13664 40695 -1 -1 959 0.0509487
Chain
	Aln	8	-SRR33939694.75692/1 1 1277 1387 +edge_5_0_+disjointig_2_3588_44283 27030 28313 40695 -1 -1 959 0.0509487
Chain
	Aln	9	+SRR33939694.75747/1 111 1226 1228 -edge_5_0_+disjointig_2_3588_44283 17297 18449 40695 -1 -1 949 0.0388978
Chain
	Aln	8	-SRR33939694.75747/1 1 1116 1228 +edge_5_0_+disjointig_2_3588_44283 22245 23397 40695 -1 -1 949 0.0388978
Chain
	Aln	9	+SRR33939694.75868/1 142 1147 1149 -edge_5_0_+disjointig_2_3588_44283 4949 5957 40695 -1 -1 970 0.0177982
Chain
	Aln	8	-SRR33939694.75868/1 1 1006 1149 +edge_5_0_+disjointig_2_3588_44283 34737 35745 40695 -1 -1 970 0.0177982
Chain
	Aln	9	+SRR33939694.75877/1 128 1201 1203 -edge_5_0_+disjointig_2_3588_44283 12042 13101 40695 -1 -1 806 0.0439188
Chain
	Aln	8	-SRR33939694.75877/1 1 1074 1203 +edge_5_0_+disjointig_2_3588_44283 27593 28652 40695 -1 -1 806 0.0439188
Chain
	Aln	8	+SRR33939694.75818/1 123 1512 1527 +edge_5_0_+disjointig_2_3588_44283 1867 3294 40695 -1 -1 1142 0.0418316
Chain
	Aln	9	-SRR33939694.75818/1 14 1403 1527 -edge_5_0_+disjointig_2_3588_44283 37400 38827 40695 -1 -1 1142 0.0418316
Chain
	Aln	9	+SRR33939694.75900/1 126 1131 1136 -edge_5_0_+disjointig_2_3588_44283 14231 15254 40695 -1 -1 831 0.0362255
Chain
	Aln	8	-SRR33939694.75900/1 4 1009 1136 +edge_5_0_+disjointig_2_3588_44283 25440 26463 40695 -1 -1 831 0.0362255
Chain
	Aln	9	+SRR33939694.75953/1 129 1259 1280 -edge_5_0_+disjointig_2_3588_44283 33403 34535 40695 -1 -1 933 0.0321172
Chain
	Aln	8	-SRR33939694.75953/1 20 1150 1280 +edge_5_0_+disjointig_2_3588_44283 6159 7291 40695 -1 -1 933 0.0321172
Chain
	Aln	9	+SRR33939694.76005/1 119 1182 1202 -edge_5_0_+disjointig_2_3588_44283 9897 10975 40695 -1 -1 876 0.0359911
Chain
	Aln	8	-SRR33939694.76005/1 19 1082 1202 +edge_5_0_+disjointig_2_3588_44283 29719 30797 40695 -1 -1 876 0.0359911
Chain
	Aln	9	+SRR33939694.75990/1 124 1520 1524 -edge_5_0_+disjointig_2_3588_44283 18893 20304 40695 -1 -1 914 0.054928
Chain
	Aln	8	-SRR33939694.75990/1 3 1399 1524 +edge_5_0_+disjointig_2_3588_44283 20390 21801 40695 -1 -1 914 0.054928
Chain
	Aln	8	+SRR33939694.76013/1 129 1720 1722 +edge_5_0_+disjointig_2_3588_44283 7433 9030 40695 -1 -1 1377 0.0302415
Chain
	Aln	9	-SRR33939694.76013/1 1 1592 1722 -edge_5_0_+disjointig_2_3588_44283 31664 33261 40695 -1 -1 1377 0.0302415
Chain
	Aln	9	+SRR33939694.76067/1 108 1319 1322 -edge_5_0_+disjointig_2_3588_44283 17192 18421 40695 -1 -1 982 0.033382
Chain
	Aln	8	-SRR33939694.76067/1 2 1213 1322 +edge_5_0_+disjointig_2_3588_44283 22273 23502 40695 -1 -1 982 0.033382
Chain
	Aln	8	+SRR33939694.76078/1 116 1171 1173 +edge_5_0_+disjointig_2_3588_44283 22620 23682 40695 -1 -1 950 0.0189238
Chain
	Aln	9	-SRR33939694.76078/1 1 1056 1173 -edge_5_0_+disjointig_2_3588_44283 17012 18074 40695 -1 -1 950 0.0189238
Chain
	Aln	8	+SRR33939694.76146/1 109 1130 1132 +edge_5_0_+disjointig_2_3588_44283 38369 39398 40695 -1 -1 954 0.0202899
Chain
	Aln	9	-SRR33939694.76146/1 1 1022 1132 -edge_5_0_+disjointig_2_3588_44283 1296 2325 40695 -1 -1 954 0.0202899
Chain
	Aln	0	+SRR33939694.75983/1 277 3347 3351 +edge_1_0_+disjointig_1_0_20896 6463 9552 20896 -1 -1 2626 0.0271454
Chain
	Aln	1	-SRR33939694.75983/1 3 3073 3351 -edge_1_0_+disjointig_1_0_20896 11343 14432 20896 -1 -1 2626 0.0271454
Chain
	Aln	9	+SRR33939694.76157/1 121 1358 1361 -edge_5_0_+disjointig_2_3588_44283 18328 19590 40695 -1 -1 1111 0.0214102
Chain
	Aln	8	-SRR33939694.76157/1 2 1239 1361 +edge_5_0_+disjointig_2_3588_44283 21104 22366 40695 -1 -1 1111 0.0214102
Chain
	Aln	8	+SRR33939694.76097/1 109 1522 1534 +edge_5_0_+disjointig_2_3588_44283 31864 33274 40695 -1 -1 1352 0.0157436
Chain
	Aln	9	-SRR33939694.76097/1 11 1424 1534 -edge_5_0_+disjointig_2_3588_44283 7420 8830 40695 -1 -1 1352 0.0157436
Chain
	Aln	8	+SRR33939694.76241/1 110 1249 1252 +edge_5_0_+disjointig_2_3588_44283 1667 2793 40695 -1 -1 1026 0.0232712
Chain
	Aln	9	-SRR33939694.76241/1 2 1141 1252 -edge_5_0_+disjointig_2_3588_44283 37901 39027 40695 -1 -1 1026 0.0232712
Chain
	Aln	9	+SRR33939694.76273/1 117 1578 1584 -edge_5_0_+disjointig_2_3588_44283 33083 34551 40695 -1 -1 1241 0.0306413
Chain
	Aln	8	-SRR33939694.76273/1 5 1466 1584 +edge_5_0_+disjointig_2_3588_44283 6143 7611 40695 -1 -1 1241 0.0306413
Chain
	Aln	8	+SRR33939694.76199/1 109 2377 2397 +edge_5_0_+disjointig_2_3588_44283 37756 40014 40695 -1 -1 1925 0.0249643
Chain
	Aln	9	-SRR33939694.76199/1 19 2287 2397 -edge_5_0_+disjointig_2_3588_44283 680 2938 40695 -1 -1 1925 0.0249643
Chain
	Aln	8	+SRR33939694.76320/1 109 1267 1269 +edge_5_0_+disjointig_2_3588_44283 36340 37531 40695 -1 -1 722 0.0628071
Chain
	Aln	9	-SRR33939694.76320/1 1 1159 1269 -edge_5_0_+disjointig_2_3588_44283 3163 4354 40695 -1 -1 722 0.0628071
Chain
	Aln	8	+SRR33939694.76306/1 110 1914 1917 +edge_5_0_+disjointig_2_3588_44283 1292 3101 40695 -1 -1 1616 0.0280323
Chain
	Aln	9	-SRR33939694.76306/1 2 1806 1917 -edge_5_0_+disjointig_2_3588_44283 37593 39402 40695 -1 -1 1616 0.0280323
Chain
	Aln	8	+SRR33939694.76353/1 138 1171 1173 +edge_5_0_+disjointig_2_3588_44283 24895 25938 40695 -1 -1 816 0.0318743
Chain
	Aln	9	-SRR33939694.76353/1 1 1034 1173 -edge_5_0_+disjointig_2_3588_44283 14756 15799 40695 -1 -1 816 0.0318743
Chain
	Aln	9	+SRR33939694.76376/1 113 1140 1142 -edge_5_0_+disjointig_2_3588_44283 27245 28269 40695 -1 -1 937 0.0212354
Chain
	Aln	8	-SRR33939694.76376/1 1 1028 1142 +edge_5_0_+disjointig_2_3588_44283 12425 13449 40695 -1 -1 937 0.0212354
Chain
	Aln	6	+SRR33939694.76340/1 549 2131 2133 +edge_4_0_+disjointig_1_22059_47419 18672 20256 25360 -1 -1 1369 0.0324092
Chain
	Aln	7	-SRR33939694.76340/1 1 1583 2133 -edge_4_0_+disjointig_1_22059_47419 5103 6687 25360 -1 -1 1369 0.0324092
Chain
	Aln	9	+SRR33939694.76357/1 127 1343 1362 -edge_5_0_+disjointig_2_3588_44283 37380 38604 40695 -1 -1 1017 0.0387233
Chain
	Aln	8	-SRR33939694.76357/1 18 1234 1362 +edge_5_0_+disjointig_2_3588_44283 2090 3314 40695 -1 -1 1017 0.0387233
Chain
	Aln	9	+SRR33939694.74636/1 105 19577 19579 -edge_5_0_+disjointig_2_3588_44283 11625 31227 40695 -1 -1 17784 0.0219857
Chain
	Aln	8	-SRR33939694.74636/1 1 19473 19579 +edge_5_0_+disjointig_2_3588_44283 9467 29069 40695 -1 -1 17784 0.0219857
Chain
	Aln	9	+SRR33939694.76382/1 113 1512 1514 -edge_5_0_+disjointig_2_3588_44283 24833 26238 40695 -1 -1 1290 0.0207661
Chain
	Aln	8	-SRR33939694.76382/1 1 1400 1514 +edge_5_0_+disjointig_2_3588_44283 14456 15861 40695 -1 -1 1290 0.0207661
Chain
	Aln	9	+SRR33939694.76392/1 114 1397 1401 -edge_5_0_+disjointig_2_3588_44283 10502 11802 40695 -1 -1 1121 0.027185
Chain
	Aln	8	-SRR33939694.76392/1 3 1286 1401 +edge_5_0_+disjointig_2_3588_44283 28892 30192 40695 -1 -1 1121 0.027185
Chain
	Aln	8	+SRR33939694.76571/1 110 1125 1130 +edge_5_0_+disjointig_2_3588_44283 32832 33880 40695 -1 -1 839 0.032741
Chain
	Aln	9	-SRR33939694.76571/1 4 1019 1130 -edge_5_0_+disjointig_2_3588_44283 6814 7862 40695 -1 -1 839 0.032741
Chain
	Aln	8	+SRR33939694.76536/1 121 1187 1190 +edge_5_0_+disjointig_2_3588_44283 22882 23952 40695 -1 -1 951 0.0254865
Chain
	Aln	9	-SRR33939694.76536/1 2 1068 1190 -edge_5_0_+disjointig_2_3588_44283 16742 17812 40695 -1 -1 951 0.0254865
Chain
	Aln	9	+SRR33939694.76668/1 107 1187 1189 -edge_5_0_+disjointig_2_3588_44283 37745 38835 40695 -1 -1 1019 0.0173266
Chain
	Aln	8	-SRR33939694.76668/1 1 1081 1189 +edge_5_0_+disjointig_2_3588_44283 1859 2949 40695 -1 -1 1019 0.0173266
Chain
	Aln	8	+SRR33939694.76710/1 120 1686 1688 +edge_5_0_+disjointig_2_3588_44283 20786 22353 40695 -1 -1 1314 0.0274843
Chain
	Aln	9	-SRR33939694.76710/1 1 1567 1688 -edge_5_0_+disjointig_2_3588_44283 18341 19908 40695 -1 -1 1314 0.0274843
Chain
	Aln	9	+SRR33939694.76778/1 117 1298 1302 -edge_5_0_+disjointig_2_3588_44283 2899 4075 40695 -1 -1 960 0.037462
Chain
	Aln	8	-SRR33939694.76778/1 3 1184 1302 +edge_5_0_+disjointig_2_3588_44283 36619 37795 40695 -1 -1 960 0.037462
Chain
	Aln	9	+SRR33939694.76782/1 141 1451 1468 -edge_5_0_+disjointig_2_3588_44283 23265 24572 40695 -1 -1 1025 0.0453789
Chain
	Aln	8	-SRR33939694.76782/1 16 1326 1468 +edge_5_0_+disjointig_2_3588_44283 16122 17429 40695 -1 -1 1025 0.0453789
Chain
	Aln	8	+SRR33939694.76912/1 112 1118 1120 +edge_5_0_+disjointig_2_3588_44283 36542 37562 40695 -1 -1 875 0.0261687
Chain
	Aln	9	-SRR33939694.76912/1 1 1007 1120 -edge_5_0_+disjointig_2_3588_44283 3132 4152 40695 -1 -1 875 0.0261687
Chain
	Aln	9	+SRR33939694.76916/1 111 1426 1428 -edge_5_0_+disjointig_2_3588_44283 25927 27235 40695 -1 -1 1047 0.0357763
Chain
	Aln	8	-SRR33939694.76916/1 1 1316 1428 +edge_5_0_+disjointig_2_3588_44283 13459 14767 40695 -1 -1 1047 0.0357763
Chain
	Aln	8	+SRR33939694.76877/1 113 2159 2197 +edge_5_0_+disjointig_2_3588_44283 32337 34367 40695 -1 -1 1659 0.0399083
Chain
	Aln	9	-SRR33939694.76877/1 37 2083 2197 -edge_5_0_+disjointig_2_3588_44283 6327 8357 40695 -1 -1 1659 0.0399083
Chain
	Aln	9	+SRR33939694.76898/1 110 1660 1663 -edge_5_0_+disjointig_2_3588_44283 27023 28571 40695 -1 -1 1382 0.025538
Chain
	Aln	8	-SRR33939694.76898/1 2 1552 1663 +edge_5_0_+disjointig_2_3588_44283 12123 13671 40695 -1 -1 1382 0.025538
Chain
	Aln	7	+SRR33939694.76383/1 185 7616 7619 -edge_4_0_+disjointig_1_22059_47419 7120 14641 25360 -1 -1 5822 0.0379501
Chain
	Aln	6	-SRR33939694.76383/1 2 7433 7619 +edge_4_0_+disjointig_1_22059_47419 10718 18239 25360 -1 -1 5822 0.0379501
Chain
	Aln	9	+SRR33939694.76917/1 118 1543 1545 -edge_5_0_+disjointig_2_3588_44283 4188 5613 40695 -1 -1 1230 0.0290277
Chain
	Aln	8	-SRR33939694.76917/1 1 1426 1545 +edge_5_0_+disjointig_2_3588_44283 35081 36506 40695 -1 -1 1230 0.0290277
Chain
	Aln	9	+SRR33939694.76987/1 115 1152 1169 -edge_5_0_+disjointig_2_3588_44283 18383 19421 40695 -1 -1 815 0.0483203
Chain
	Aln	8	-SRR33939694.76987/1 16 1053 1169 +edge_5_0_+disjointig_2_3588_44283 21273 22311 40695 -1 -1 815 0.0483203
Chain
	Aln	9	+SRR33939694.76950/1 119 1466 1468 -edge_5_0_+disjointig_2_3588_44283 30901 32257 40695 -1 -1 1295 0.0135398
Chain
	Aln	8	-SRR33939694.76950/1 1 1348 1468 +edge_5_0_+disjointig_2_3588_44283 8437 9793 40695 -1 -1 1295 0.0135398
Chain
	Aln	9	+SRR33939694.77019/1 110 1608 1612 -edge_5_0_+disjointig_2_3588_44283 29374 30875 40695 -1 -1 1462 0.0111236
Chain
	Aln	8	-SRR33939694.77019/1 3 1501 1612 +edge_5_0_+disjointig_2_3588_44283 9819 11320 40695 -1 -1 1462 0.0111236
Chain
	Aln	8	+SRR33939694.77051/1 117 1273 1275 +edge_5_0_+disjointig_2_3588_44283 33166 34325 40695 -1 -1 1143 0.0076228
Chain
	Aln	9	-SRR33939694.77051/1 1 1157 1275 -edge_5_0_+disjointig_2_3588_44283 6369 7528 40695 -1 -1 1143 0.0076228
Chain
	Aln	9	+SRR33939694.77066/1 117 1312 1316 -edge_5_0_+disjointig_2_3588_44283 25841 27039 40695 -1 -1 1054 0.0297218
Chain
	Aln	8	-SRR33939694.77066/1 3 1198 1316 +edge_5_0_+disjointig_2_3588_44283 13655 14853 40695 -1 -1 1054 0.0297218
Chain
	Aln	9	+SRR33939694.77179/1 124 1273 1305 -edge_5_0_+disjointig_2_3588_44283 26227 27361 40695 -1 -1 1021 0.0292538
Chain
	Aln	8	-SRR33939694.77179/1 31 1180 1305 +edge_5_0_+disjointig_2_3588_44283 13333 14467 40695 -1 -1 1021 0.0292538
Chain
	Aln	9	+SRR33939694.77200/1 108 1264 1266 -edge_5_0_+disjointig_2_3588_44283 23647 24806 40695 -1 -1 902 0.0399515
Chain
	Aln	8	-SRR33939694.77200/1 1 1157 1266 +edge_5_0_+disjointig_2_3588_44283 15888 17047 40695 -1 -1 902 0.0399515
Chain
	Aln	9	+SRR33939694.77202/1 112 2058 2060 -edge_5_0_+disjointig_2_3588_44283 38377 40328 40695 -1 -1 1674 0.0233199
Chain
	Aln	8	-SRR33939694.77202/1 1 1947 2060 +edge_5_0_+disjointig_2_3588_44283 366 2317 40695 -1 -1 1674 0.0233199
Chain
	Aln	8	+SRR33939694.77155/1 117 2278 2285 +edge_5_0_+disjointig_2_3588_44283 9029 11195 40695 -1 -1 2067 0.0160836
Chain
	Aln	9	-SRR33939694.77155/1 6 2167 2285 -edge_5_0_+disjointig_2_3588_44283 29499 31665 40695 -1 -1 2067 0.0160836
Chain
	Aln	8	+SRR33939694.77338/1 149 1616 1618 +edge_5_0_+disjointig_2_3588_44283 33392 34861 40695 -1 -1 1107 0.044555
Chain
	Aln	9	-SRR33939694.77338/1 1 1468 1618 -edge_5_0_+disjointig_2_3588_44283 5833 7302 40695 -1 -1 1107 0.044555
Chain
	Aln	9	+SRR33939694.77440/1 115 1167 1169 -edge_5_0_+disjointig_2_3588_44283 11220 12275 40695 -1 -1 986 0.0207166
Chain
	Aln	8	-SRR33939694.77440/1 1 1053 1169 +edge_5_0_+disjointig_2_3588_44283 28419 29474 40695 -1 -1 986 0.0207166
Chain
	Aln	9	+SRR33939694.77453/1 127 1225 1227 -edge_5_0_+disjointig_2_3588_44283 17083 18181 40695 -1 -1 859 0.0443545
Chain
	Aln	8	-SRR33939694.77453/1 1 1099 1227 +edge_5_0_+disjointig_2_3588_44283 22513 23611 40695 -1 -1 859 0.0443545
Chain
	Aln	8	+SRR33939694.77481/1 116 1176 1178 +edge_5_0_+disjointig_2_3588_44283 37288 38356 40695 -1 -1 1015 0.020336
Chain
	Aln	9	-SRR33939694.77481/1 1 1061 1178 -edge_5_0_+disjointig_2_3588_44283 2338 3406 40695 -1 -1 1015 0.020336
Chain
	Aln	9	+SRR33939694.77483/1 118 1134 1145 -edge_5_0_+disjointig_2_3588_44283 11105 12119 40695 -1 -1 820 0.0308189
Chain
	Aln	8	-SRR33939694.77483/1 10 1026 1145 +edge_5_0_+disjointig_2_3588_44283 28575 29589 40695 -1 -1 820 0.0308189
Chain
	Aln	8	+SRR33939694.76835/1 153 7382 7385 +edge_5_0_+disjointig_2_3588_44283 6695 13906 40695 -1 -1 6711 0.0183931
Chain
	Aln	9	-SRR33939694.76835/1 2 7231 7385 -edge_5_0_+disjointig_2_3588_44283 26788 33999 40695 -1 -1 6711 0.0183931
Chain
	Aln	8	+SRR33939694.77465/1 117 2002 2007 +edge_5_0_+disjointig_2_3588_44283 21713 23594 40695 -1 -1 1746 0.0153272
Chain
	Aln	9	-SRR33939694.77465/1 4 1889 2007 -edge_5_0_+disjointig_2_3588_44283 17100 18981 40695 -1 -1 1746 0.0153272
Chain
	Aln	4	+SRR33939694.77520/1 110 1112 1115 +edge_3_0_-disjointig_2_41855_44283 11 1001 2428 -1 -1 750 0.0390867
Chain
	Aln	5	-SRR33939694.77520/1 2 1004 1115 -edge_3_0_-disjointig_2_41855_44283 1426 2416 2428 -1 -1 750 0.0390867
Chain
	Aln	9	+SRR33939694.77598/1 144 1197 1199 -edge_5_0_+disjointig_2_3588_44283 27133 28197 40695 -1 -1 787 0.0423903
Chain
	Aln	8	-SRR33939694.77598/1 1 1054 1199 +edge_5_0_+disjointig_2_3588_44283 12497 13561 40695 -1 -1 787 0.0423903
Chain
	Aln	8	+SRR33939694.77652/1 112 1273 1275 +edge_5_0_+disjointig_2_3588_44283 9753 10917 40695 -1 -1 989 0.0295133
Chain
	Aln	9	-SRR33939694.77652/1 1 1162 1275 -edge_5_0_+disjointig_2_3588_44283 29777 30941 40695 -1 -1 989 0.0295133
Chain
	Aln	9	+SRR33939694.77574/1 110 2137 2139 -edge_5_0_+disjointig_2_3588_44283 22804 24857 40695 -1 -1 1579 0.0453876
Chain
	Aln	8	-SRR33939694.77574/1 1 2028 2139 +edge_5_0_+disjointig_2_3588_44283 15837 17890 40695 -1 -1 1579 0.0453876
Chain
	Aln	8	+SRR33939694.77661/1 131 1692 1694 +edge_5_0_+disjointig_2_3588_44283 20979 22549 40695 -1 -1 1364 0.0324052
Chain
	Aln	9	-SRR33939694.77661/1 1 1562 1694 -edge_5_0_+disjointig_2_3588_44283 18145 19715 40695 -1 -1 1364 0.0324052
Chain
	Aln	9	+SRR33939694.77706/1 119 1210 1212 -edge_5_0_+disjointig_2_3588_44283 26352 27451 40695 -1 -1 966 0.0289573
Chain
	Aln	8	-SRR33939694.77706/1 1 1092 1212 +edge_5_0_+disjointig_2_3588_44283 13243 14342 40695 -1 -1 966 0.0289573
Chain
	Aln	8	+SRR33939694.77711/1 109 1373 1377 +edge_5_0_+disjointig_2_3588_44283 31300 32573 40695 -1 -1 1197 0.0179609
Chain
	Aln	9	-SRR33939694.77711/1 3 1267 1377 -edge_5_0_+disjointig_2_3588_44283 8121 9394 40695 -1 -1 1197 0.0179609
Chain
	Aln	9	+SRR33939694.77725/1 108 1570 1589 -edge_5_0_+disjointig_2_3588_44283 22961 24425 40695 -1 -1 1352 0.0235448
Chain
	Aln	8	-SRR33939694.77725/1 18 1480 1589 +edge_5_0_+disjointig_2_3588_44283 16269 17733 40695 -1 -1 1352 0.0235448
Chain
	Aln	5	+SRR33939694.77771/1 113 1321 1323 -edge_3_0_-disjointig_2_41855_44283 211 1432 2428 -1 -1 1100 0.0206202
Chain
	Aln	4	-SRR33939694.77771/1 1 1209 1323 +edge_3_0_-disjointig_2_41855_44283 995 2216 2428 -1 -1 1100 0.0206202
Chain
	Aln	8	+SRR33939694.77873/1 111 1186 1189 +edge_5_0_+disjointig_2_3588_44283 6466 7548 40695 -1 -1 1016 0.0174764
Chain
	Aln	9	-SRR33939694.77873/1 2 1077 1189 -edge_5_0_+disjointig_2_3588_44283 33146 34228 40695 -1 -1 1016 0.0174764
Chain
	Aln	6	+SRR33939694.77851/1 356 1674 1676 +edge_4_0_+disjointig_1_22059_47419 17220 18532 25360 -1 -1 1240 0.019879
Chain
	Aln	7	-SRR33939694.77851/1 1 1319 1676 -edge_4_0_+disjointig_1_22059_47419 6827 8139 25360 -1 -1 1240 0.019879
Chain
	Aln	8	+SRR33939694.77876/1 173 1174 1177 +edge_5_0_+disjointig_2_3588_44283 1 999 40695 -1 -1 810 0.0413579
Chain
	Aln	9	-SRR33939694.77876/1 2 1003 1177 -edge_5_0_+disjointig_2_3588_44283 39695 40693 40695 -1 -1 810 0.0413579
Chain
	Aln	4	+SRR33939694.78004/1 280 1410 1417 +edge_3_0_-disjointig_2_41855_44283 1 1131 2428 -1 -1 1070 0.0149786
Chain
	Aln	5	-SRR33939694.78004/1 6 1136 1417 -edge_3_0_-disjointig_2_41855_44283 1296 2426 2428 -1 -1 1070 0.0149786
Chain
	Aln	8	+SRR33939694.78023/1 116 1204 1209 +edge_5_0_+disjointig_2_3588_44283 2401 3495 40695 -1 -1 1046 0.0166781
Chain
	Aln	9	-SRR33939694.78023/1 4 1092 1209 -edge_5_0_+disjointig_2_3588_44283 37199 38293 40695 -1 -1 1046 0.0166781
Chain
	Aln	6	+SRR33939694.77943/1 267 2069 2071 +edge_4_0_+disjointig_1_22059_47419 18612 20427 25360 -1 -1 1726 0.0170843
Chain
	Aln	7	-SRR33939694.77943/1 1 1803 2071 -edge_4_0_+disjointig_1_22059_47419 4932 6747 25360 -1 -1 1726 0.0170843
Chain
	Aln	8	+SRR33939694.78056/1 112 1453 1455 +edge_5_0_+disjointig_2_3588_44283 5530 6902 40695 -1 -1 1265 0.016515
Chain
	Aln	9	-SRR33939694.78056/1 1 1342 1455 -edge_5_0_+disjointig_2_3588_44283 33792 35164 40695 -1 -1 1265 0.016515
Chain
	Aln	8	+SRR33939694.78132/1 126 1596 1598 +edge_5_0_+disjointig_2_3588_44283 36146 37615 40695 -1 -1 1334 0.0212594
Chain
	Aln	9	-SRR33939694.78132/1 1 1471 1598 -edge_5_0_+disjointig_2_3588_44283 3079 4548 40695 -1 -1 1334 0.0212594
Chain
	Aln	9	+SRR33939694.78157/1 113 1203 1206 -edge_5_0_+disjointig_2_3588_44283 20795 21888 40695 -1 -1 974 0.0314177
Chain
	Aln	8	-SRR33939694.78157/1 2 1092 1206 +edge_5_0_+disjointig_2_3588_44283 18806 19899 40695 -1 -1 974 0.0314177
Chain
	Aln	8	+SRR33939694.78163/1 110 1536 1572 +edge_5_0_+disjointig_2_3588_44283 28625 30108 40695 -1 -1 978 0.0509508
Chain
	Aln	9	-SRR33939694.78163/1 35 1461 1572 -edge_5_0_+disjointig_2_3588_44283 10586 12069 40695 -1 -1 978 0.0509508
Chain
	Aln	8	+SRR33939694.78308/1 119 1138 1142 +edge_5_0_+disjointig_2_3588_44283 4389 5438 40695 -1 -1 801 0.0394321
Chain
	Aln	9	-SRR33939694.78308/1 3 1022 1142 -edge_5_0_+disjointig_2_3588_44283 35256 36305 40695 -1 -1 801 0.0394321
Chain
	Aln	8	+SRR33939694.78201/1 133 1793 1803 +edge_5_0_+disjointig_2_3588_44283 29561 31219 40695 -1 -1 1487 0.0218852
Chain
	Aln	9	-SRR33939694.78201/1 9 1669 1803 -edge_5_0_+disjointig_2_3588_44283 9475 11133 40695 -1 -1 1487 0.0218852
Chain
	Aln	8	+SRR33939694.78316/1 137 1230 1236 +edge_5_0_+disjointig_2_3588_44283 29370 30506 40695 -1 -1 895 0.0366081
Chain
	Aln	9	-SRR33939694.78316/1 5 1098 1236 -edge_5_0_+disjointig_2_3588_44283 10188 11324 40695 -1 -1 895 0.0366081
Chain
	Aln	8	+SRR33939694.78325/1 109 1162 1164 +edge_5_0_+disjointig_2_3588_44283 33576 34626 40695 -1 -1 938 0.0268821
Chain
	Aln	9	-SRR33939694.78325/1 1 1054 1164 -edge_5_0_+disjointig_2_3588_44283 6068 7118 40695 -1 -1 938 0.0268821
Chain
	Aln	8	+SRR33939694.78356/1 117 1469 1472 +edge_5_0_+disjointig_2_3588_44283 35533 36891 40695 -1 -1 1149 0.0336161
Chain
	Aln	9	-SRR33939694.78356/1 2 1354 1472 -edge_5_0_+disjointig_2_3588_44283 3803 5161 40695 -1 -1 1149 0.0336161
Chain
	Aln	9	+SRR33939694.78359/1 137 1200 1202 -edge_5_0_+disjointig_2_3588_44283 4673 5743 40695 -1 -1 936 0.0272092
Chain
	Aln	8	-SRR33939694.78359/1 1 1064 1202 +edge_5_0_+disjointig_2_3588_44283 34951 36021 40695 -1 -1 936 0.0272092
Chain
	Aln	9	+SRR33939694.78381/1 119 1222 1261 -edge_5_0_+disjointig_2_3588_44283 29760 30863 40695 -1 -1 1002 0.0202412
Chain
	Aln	8	-SRR33939694.78381/1 38 1141 1261 +edge_5_0_+disjointig_2_3588_44283 9831 10934 40695 -1 -1 1002 0.0202412
Chain
	Aln	8	+SRR33939694.78512/1 116 1348 1350 +edge_5_0_+disjointig_2_3588_44283 3391 4635 40695 -1 -1 1036 0.0321014
Chain
	Aln	9	-SRR33939694.78512/1 1 1233 1350 -edge_5_0_+disjointig_2_3588_44283 36059 37303 40695 -1 -1 1036 0.0321014
Chain
	Aln	9	+SRR33939694.78514/1 120 1186 1213 -edge_5_0_+disjointig_2_3588_44283 27874 28932 40695 -1 -1 861 0.04494
Chain
	Aln	8	-SRR33939694.78514/1 26 1092 1213 +edge_5_0_+disjointig_2_3588_44283 11762 12820 40695 -1 -1 861 0.04494
Chain
	Aln	8	+SRR33939694.78410/1 171 2031 2042 +edge_5_0_+disjointig_2_3588_44283 35184 37062 40695 -1 -1 1691 0.0238795
Chain
	Aln	9	-SRR33939694.78410/1 10 1870 2042 -edge_5_0_+disjointig_2_3588_44283 3632 5510 40695 -1 -1 1691 0.0238795
Chain
	Aln	8	+SRR33939694.78567/1 150 1175 1181 +edge_5_0_+disjointig_2_3588_44283 11247 12277 40695 -1 -1 876 0.03182
Chain
	Aln	9	-SRR33939694.78567/1 5 1030 1181 -edge_5_0_+disjointig_2_3588_44283 28417 29447 40695 -1 -1 876 0.03182
Chain
	Aln	8	+SRR33939694.78589/1 164 1254 1256 +edge_5_0_+disjointig_2_3588_44283 38184 39298 40695 -1 -1 960 0.027098
Chain
	Aln	9	-SRR33939694.78589/1 1 1091 1256 -edge_5_0_+disjointig_2_3588_44283 1396 2510 40695 -1 -1 960 0.027098
Chain
	Aln	8	+SRR33939694.78517/1 115 2320 2322 +edge_5_0_+disjointig_2_3588_44283 12505 14723 40695 -1 -1 2089 0.0136068
Chain
	Aln	9	-SRR33939694.78517/1 1 2206 2322 -edge_5_0_+disjointig_2_3588_44283 25971 28189 40695 -1 -1 2089 0.0136068
Chain
	Aln	9	+SRR33939694.78629/1 113 1373 1408 -edge_5_0_+disjointig_2_3588_44283 2010 3277 40695 -1 -1 1020 0.0406615
Chain
	Aln	8	-SRR33939694.78629/1 34 1294 1408 +edge_5_0_+disjointig_2_3588_44283 37417 38684 40695 -1 -1 1020 0.0406615
Chain
	Aln	9	+SRR33939694.78640/1 109 1403 1405 -edge_5_0_+disjointig_2_3588_44283 30447 31754 40695 -1 -1 1234 0.0127017
Chain
	Aln	8	-SRR33939694.78640/1 1 1295 1405 +edge_5_0_+disjointig_2_3588_44283 8940 10247 40695 -1 -1 1234 0.0127017
Chain
	Aln	8	+SRR33939694.78643/1 111 1271 1276 +edge_5_0_+disjointig_2_3588_44283 30001 31161 40695 -1 -1 1076 0.0226803
Chain
	Aln	9	-SRR33939694.78643/1 4 1164 1276 -edge_5_0_+disjointig_2_3588_44283 9533 10693 40695 -1 -1 1076 0.0226803
Chain
	Aln	5	+SRR33939694.78588/1 126 2227 2416 -edge_3_0_-disjointig_2_41855_44283 268 2389 2428 -1 -1 1899 0.0242448
Chain
	Aln	4	-SRR33939694.78588/1 188 2289 2416 +edge_3_0_-disjointig_2_41855_44283 38 2159 2428 -1 -1 1899 0.0242448
Chain
	Aln	9	+SRR33939694.78682/1 109 1509 1511 -edge_5_0_+disjointig_2_3588_44283 22261 23674 40695 -1 -1 1204 0.028598
Chain
	Aln	8	-SRR33939694.78682/1 1 1401 1511 +edge_5_0_+disjointig_2_3588_44283 17020 18433 40695 -1 -1 1204 0.028598
Chain
	Aln	9	+SRR33939694.78708/1 124 1535 1561 -edge_5_0_+disjointig_2_3588_44283 20298 21736 40695 -1 -1 1137 0.0448599
Chain
	Aln	8	-SRR33939694.78708/1 25 1436 1561 +edge_5_0_+disjointig_2_3588_44283 18958 20396 40695 -1 -1 1137 0.0448599
Chain
	Aln	9	+SRR33939694.78743/1 127 1136 1143 -edge_5_0_+disjointig_2_3588_44283 16582 17589 40695 -1 -1 955 0.018813
Chain
	Aln	8	-SRR33939694.78743/1 6 1015 1143 +edge_5_0_+disjointig_2_3588_44283 23105 24112 40695 -1 -1 955 0.018813
Chain
	Aln	8	+SRR33939694.78740/1 120 1423 1471 +edge_5_0_+disjointig_2_3588_44283 21417 22720 40695 -1 -1 997 0.0470412
Chain
	Aln	9	-SRR33939694.78740/1 47 1350 1471 -edge_5_0_+disjointig_2_3588_44283 17974 19277 40695 -1 -1 997 0.0470412
Chain
	Aln	8	+SRR33939694.78760/1 119 1167 1172 +edge_5_0_+disjointig_2_3588_44283 13591 14645 40695 -1 -1 983 0.0225156
Chain
	Aln	9	-SRR33939694.78760/1 4 1052 1172 -edge_5_0_+disjointig_2_3588_44283 26049 27103 40695 -1 -1 983 0.0225156
Chain
	Aln	8	+SRR33939694.78759/1 117 1424 1426 +edge_5_0_+disjointig_2_3588_44283 25578 26887 40695 -1 -1 1253 0.00879288
Chain
	Aln	9	-SRR33939694.78759/1 1 1308 1426 -edge_5_0_+disjointig_2_3588_44283 13807 15116 40695 -1 -1 1253 0.00879288
Chain
	Aln	8	+SRR33939694.78821/1 116 1427 1444 +edge_5_0_+disjointig_2_3588_44283 34172 35500 40695 -1 -1 1085 0.0332308
Chain
	Aln	9	-SRR33939694.78821/1 16 1327 1444 -edge_5_0_+disjointig_2_3588_44283 5194 6522 40695 -1 -1 1085 0.0332308
Chain
	Aln	8	+SRR33939694.78941/1 107 1113 1123 +edge_5_0_+disjointig_2_3588_44283 25473 26485 40695 -1 -1 852 0.0283777
Chain
	Aln	9	-SRR33939694.78941/1 9 1015 1123 -edge_5_0_+disjointig_2_3588_44283 14209 15221 40695 -1 -1 852 0.0283777
Chain
	Aln	8	+SRR33939694.78841/1 115 1497 1503 +edge_5_0_+disjointig_2_3588_44283 582 1993 40695 -1 -1 1311 0.0143674
Chain
	Aln	9	-SRR33939694.78841/1 5 1387 1503 -edge_5_0_+disjointig_2_3588_44283 38701 40112 40695 -1 -1 1311 0.0143674
Chain
	Aln	8	+SRR33939694.78974/1 107 1123 1125 +edge_5_0_+disjointig_2_3588_44283 4174 5196 40695 -1 -1 978 0.0131038
Chain
	Aln	9	-SRR33939694.78974/1 1 1017 1125 -edge_5_0_+disjointig_2_3588_44283 35498 36520 40695 -1 -1 978 0.0131038
Chain
	Aln	9	+SRR33939694.78976/1 110 1149 1151 -edge_5_0_+disjointig_2_3588_44283 29393 30447 40695 -1 -1 980 0.0146301
Chain
	Aln	8	-SRR33939694.78976/1 1 1040 1151 +edge_5_0_+disjointig_2_3588_44283 10247 11301 40695 -1 -1 980 0.0146301
Chain
	Aln	9	+SRR33939694.78940/1 112 2716 2727 -edge_5_0_+disjointig_2_3588_44283 22791 25406 40695 -1 -1 2456 0.0168645
Chain
	Aln	8	-SRR33939694.78940/1 10 2614 2727 +edge_5_0_+disjointig_2_3588_44283 15288 17903 40695 -1 -1 2456 0.0168645
Chain
	Aln	8	+SRR33939694.79003/1 119 1537 1540 +edge_5_0_+disjointig_2_3588_44283 30729 32147 40695 -1 -1 1219 0.0333112
Chain
	Aln	9	-SRR33939694.79003/1 2 1420 1540 -edge_5_0_+disjointig_2_3588_44283 8547 9965 40695 -1 -1 1219 0.0333112
Chain
	Aln	9	+SRR33939694.79004/1 103 1172 1176 -edge_5_0_+disjointig_2_3588_44283 14511 15600 40695 -1 -1 894 0.0315708
Chain
	Aln	8	-SRR33939694.79004/1 3 1072 1176 +edge_5_0_+disjointig_2_3588_44283 25094 26183 40695 -1 -1 894 0.0315708
Chain
	Aln	8	+SRR33939694.79022/1 137 1632 1634 +edge_5_0_+disjointig_2_3588_44283 21726 23225 40695 -1 -1 1444 0.0149649
Chain
	Aln	9	-SRR33939694.79022/1 1 1496 1634 -edge_5_0_+disjointig_2_3588_44283 17469 18968 40695 -1 -1 1444 0.0149649
Chain
	Aln	8	+SRR33939694.79052/1 147 1151 1153 +edge_5_0_+disjointig_2_3588_44283 35490 36513 40695 -1 -1 745 0.0432339
Chain
	Aln	9	-SRR33939694.79052/1 1 1005 1153 -edge_5_0_+disjointig_2_3588_44283 4181 5204 40695 -1 -1 745 0.0432339
Chain
	Aln	9	+SRR33939694.79044/1 104 1422 1425 -edge_5_0_+disjointig_2_3588_44283 3312 4615 40695 -1 -1 1022 0.045737
Chain
	Aln	8	-SRR33939694.79044/1 2 1320 1425 +edge_5_0_+disjointig_2_3588_44283 36079 37382 40695 -1 -1 1022 0.045737
Chain
	Aln	7	+SRR33939694.79040/1 904 2712 2714 -edge_4_0_+disjointig_1_22059_47419 5074 6883 25360 -1 -1 1540 0.0305495
Chain
	Aln	6	-SRR33939694.79040/1 1 1809 2714 +edge_4_0_+disjointig_1_22059_47419 18476 20285 25360 -1 -1 1540 0.0305495
Chain
	Aln	9	+SRR33939694.79083/1 151 1769 1771 -edge_5_0_+disjointig_2_3588_44283 32581 34222 40695 -1 -1 1333 0.0376011
Chain
	Aln	8	-SRR33939694.79083/1 1 1619 1771 +edge_5_0_+disjointig_2_3588_44283 6472 8113 40695 -1 -1 1333 0.0376011
Chain
	Aln	9	+SRR33939694.79145/1 108 1820 1822 -edge_5_0_+disjointig_2_3588_44283 2291 4024 40695 -1 -1 1382 0.0382808
Chain
	Aln	8	-SRR33939694.79145/1 1 1713 1822 +edge_5_0_+disjointig_2_3588_44283 36670 38403 40695 -1 -1 1382 0.0382808
Chain
	Aln	9	+SRR33939694.79199/1 107 1586 1588 -edge_5_0_+disjointig_2_3588_44283 18437 19908 40695 -1 -1 1282 0.0300096
Chain
	Aln	8	-SRR33939694.79199/1 1 1480 1588 +edge_5_0_+disjointig_2_3588_44283 20786 22257 40695 -1 -1 1282 0.0300096
Chain
	Aln	9	+SRR33939694.79167/1 121 2114 2116 -edge_5_0_+disjointig_2_3588_44283 2016 4003 40695 -1 -1 1813 0.0218119
Chain
	Aln	8	-SRR33939694.79167/1 1 1994 2116 +edge_5_0_+disjointig_2_3588_44283 36691 38678 40695 -1 -1 1813 0.0218119
Chain
	Aln	6	+SRR33939694.79129/1 366 3710 3728 +edge_4_0_+disjointig_1_22059_47419 16145 19504 25360 -1 -1 2773 0.0327744
Chain
	Aln	7	-SRR33939694.79129/1 17 3361 3728 -edge_4_0_+disjointig_1_22059_47419 5855 9214 25360 -1 -1 2773 0.0327744
Chain
	Aln	8	+SRR33939694.79270/1 105 1619 1621 +edge_5_0_+disjointig_2_3588_44283 18386 19899 40695 -1 -1 1378 0.0207381
Chain
	Aln	9	-SRR33939694.79270/1 1 1515 1621 -edge_5_0_+disjointig_2_3588_44283 20795 22308 40695 -1 -1 1378 0.0207381
Chain
	Aln	9	+SRR33939694.79231/1 117 1445 2252 -edge_5_0_+disjointig_2_3588_44283 24228 25570 40695 -1 -1 1114 0.0302907
Chain
	Aln	8	-SRR33939694.79231/1 806 2134 2252 +edge_5_0_+disjointig_2_3588_44283 15124 16466 40695 -1 -1 1114 0.0302907
Chain
	Aln	8	+SRR33939694.79298/1 123 1658 1663 +edge_5_0_+disjointig_2_3588_44283 7028 8567 40695 -1 -1 1328 0.0261843
Chain
	Aln	9	-SRR33939694.79298/1 4 1539 1663 -edge_5_0_+disjointig_2_3588_44283 32127 33666 40695 -1 -1 1328 0.0261843
Chain
	Aln	8	+SRR33939694.77370/1 211 22968 22970 +edge_5_0_+disjointig_2_3588_44283 3041 25949 40695 -1 -1 20513 0.0223059
Chain
	Aln	9	-SRR33939694.77370/1 1 22758 22970 -edge_5_0_+disjointig_2_3588_44283 14745 37653 40695 -1 -1 20513 0.0223059
Chain
	Aln	8	+SRR33939694.79460/1 125 1193 1200 +edge_5_0_+disjointig_2_3588_44283 20324 21396 40695 -1 -1 1009 0.0167839
Chain
	Aln	9	-SRR33939694.79460/1 6 1074 1200 -edge_5_0_+disjointig_2_3588_44283 19298 20370 40695 -1 -1 1009 0.0167839
Chain
	Aln	8	+SRR33939694.79525/1 104 1254 1259 +edge_5_0_+disjointig_2_3588_44283 37426 38584 40695 -1 -1 883 0.0411157
Chain
	Aln	9	-SRR33939694.79525/1 4 1154 1259 -edge_5_0_+disjointig_2_3588_44283 2110 3268 40695 -1 -1 883 0.0411157
Chain
	Aln	8	+SRR33939694.79324/1 137 2156 2276 +edge_5_0_+disjointig_2_3588_44283 14855 16897 40695 -1 -1 1697 0.0310099
Chain
	Aln	9	-SRR33939694.79324/1 119 2138 2276 -edge_5_0_+disjointig_2_3588_44283 23797 25839 40695 -1 -1 1697 0.0310099
Chain
	Aln	8	+SRR33939694.79649/1 112 1170 1172 +edge_5_0_+disjointig_2_3588_44283 8055 9129 40695 -1 -1 924 0.0251989
Chain
	Aln	9	-SRR33939694.79649/1 1 1059 1172 -edge_5_0_+disjointig_2_3588_44283 31565 32639 40695 -1 -1 924 0.0251989
Chain
	Aln	9	+SRR33939694.79671/1 111 1355 1358 -edge_5_0_+disjointig_2_3588_44283 17160 18441 40695 -1 -1 830 0.0558662
Chain
	Aln	8	-SRR33939694.79671/1 2 1246 1358 +edge_5_0_+disjointig_2_3588_44283 22253 23534 40695 -1 -1 830 0.0558662
Chain
	Aln	3	+SRR33939694.79621/1 509 1666 1783 -edge_2_1_+disjointig_2_2428_3588 2 1159 1160 -1 -1 929 0.0437867
Chain
	Aln	2	-SRR33939694.79621/1 116 1273 1783 +edge_2_1_+disjointig_2_2428_3588 0 1157 1160 -1 -1 929 0.0437867
Chain
	Aln	9	+SRR33939694.79684/1 112 1642 1645 -edge_5_0_+disjointig_2_3588_44283 24420 25969 40695 -1 -1 1379 0.0217514
Chain
	Aln	8	-SRR33939694.79684/1 2 1532 1645 +edge_5_0_+disjointig_2_3588_44283 14725 16274 40695 -1 -1 1379 0.0217514
Chain
	Aln	9	+SRR33939694.79728/1 127 1340 1356 -edge_5_0_+disjointig_2_3588_44283 7586 8819 40695 -1 -1 1019 0.0326507
Chain
	Aln	8	-SRR33939694.79728/1 15 1228 1356 +edge_5_0_+disjointig_2_3588_44283 31875 33108 40695 -1 -1 1019 0.0326507
Chain
	Aln	9	+SRR33939694.79803/1 111 1158 1169 -edge_5_0_+disjointig_2_3588_44283 10476 11531 40695 -1 -1 814 0.0396579
Chain
	Aln	8	-SRR33939694.79803/1 10 1057 1169 +edge_5_0_+disjointig_2_3588_44283 29163 30218 40695 -1 -1 814 0.0396579
Chain
	Aln	9	+SRR33939694.79818/1 133 1513 1519 -edge_5_0_+disjointig_2_3588_44283 25755 27146 40695 -1 -1 1221 0.0256107
Chain
	Aln	8	-SRR33939694.79818/1 5 1385 1519 +edge_5_0_+disjointig_2_3588_44283 13548 14939 40695 -1 -1 1221 0.0256107
Chain
	Aln	8	+SRR33939694.79784/1 115 1933 1935 +edge_5_0_+disjointig_2_3588_44283 2645 4463 40695 -1 -1 1722 0.0153871
Chain
	Aln	9	-SRR33939694.79784/1 1 1819 1935 -edge_5_0_+disjointig_2_3588_44283 36231 38049 40695 -1 -1 1722 0.0153871
Chain
	Aln	9	+SRR33939694.79856/1 114 1121 1124 -edge_5_0_+disjointig_2_3588_44283 25873 26880 40695 -1 -1 992 0.00887579
Chain
	Aln	8	-SRR33939694.79856/1 2 1009 1124 +edge_5_0_+disjointig_2_3588_44283 13814 14821 40695 -1 -1 992 0.00887579
Chain
	Aln	8	+SRR33939694.79857/1 110 1120 1122 +edge_5_0_+disjointig_2_3588_44283 20635 21655 40695 -1 -1 833 0.0360528
Chain
	Aln	9	-SRR33939694.79857/1 1 1011 1122 -edge_5_0_+disjointig_2_3588_44283 19039 20059 40695 -1 -1 833 0.0360528
Chain
	Aln	9	+SRR33939694.79861/1 117 1236 1247 -edge_5_0_+disjointig_2_3588_44283 28964 30096 40695 -1 -1 1006 0.0279571
Chain
	Aln	8	-SRR33939694.79861/1 10 1129 1247 +edge_5_0_+disjointig_2_3588_44283 10598 11730 40695 -1 -1 1006 0.0279571
Chain
	Aln	9	+SRR33939694.79888/1 112 1256 1261 -edge_5_0_+disjointig_2_3588_44283 2836 3978 40695 -1 -1 1118 0.0102494
Chain
	Aln	8	-SRR33939694.79888/1 4 1148 1261 +edge_5_0_+disjointig_2_3588_44283 36716 37858 40695 -1 -1 1118 0.0102494
Chain
	Aln	9	+SRR33939694.79899/1 75 1255 1259 -edge_5_0_+disjointig_2_3588_44283 30246 31435 40695 -1 -1 1120 0.0147036
Chain
	Aln	8	-SRR33939694.79899/1 3 1183 1259 +edge_5_0_+disjointig_2_3588_44283 9259 10448 40695 -1 -1 1120 0.0147036
Chain
	Aln	8	+SRR33939694.79915/1 108 1287 1289 +edge_5_0_+disjointig_2_3588_44283 20778 21973 40695 -1 -1 766 0.0631483
Chain
	Aln	9	-SRR33939694.79915/1 1 1180 1289 -edge_5_0_+disjointig_2_3588_44283 18721 19916 40695 -1 -1 766 0.0631483
Chain
	Aln	9	+SRR33939694.79920/1 130 1134 1156 -edge_5_0_+disjointig_2_3588_44283 19924 20924 40695 -1 -1 932 0.0191672
Chain
	Aln	8	-SRR33939694.79920/1 21 1025 1156 +edge_5_0_+disjointig_2_3588_44283 19770 20770 40695 -1 -1 932 0.0191672
Chain
	Aln	9	+SRR33939694.79924/1 124 1222 1418 -edge_5_0_+disjointig_2_3588_44283 31355 32463 40695 -1 -1 795 0.0597198
Chain
	Aln	8	-SRR33939694.79924/1 195 1293 1418 +edge_5_0_+disjointig_2_3588_44283 8231 9339 40695 -1 -1 795 0.0597198
Chain
	Aln	9	+SRR33939694.80007/1 108 1375 1414 -edge_5_0_+disjointig_2_3588_44283 18797 20075 40695 -1 -1 1111 0.0292058
Chain
	Aln	8	-SRR33939694.80007/1 38 1305 1414 +edge_5_0_+disjointig_2_3588_44283 20619 21897 40695 -1 -1 1111 0.0292058
Chain
	Aln	8	+SRR33939694.80064/1 106 1144 1146 +edge_5_0_+disjointig_2_3588_44283 36967 38017 40695 -1 -1 827 0.0400394
Chain
	Aln	9	-SRR33939694.80064/1 1 1039 1146 -edge_5_0_+disjointig_2_3588_44283 2677 3727 40695 -1 -1 827 0.0400394
Chain
	Aln	9	+SRR33939694.80080/1 120 1825 1827 -edge_5_0_+disjointig_2_3588_44283 27548 29271 40695 -1 -1 1261 0.042405
Chain
	Aln	8	-SRR33939694.80080/1 1 1706 1827 +edge_5_0_+disjointig_2_3588_44283 11423 13146 40695 -1 -1 1261 0.042405
Chain
	Aln	9	+SRR33939694.80127/1 113 1195 1234 -edge_5_0_+disjointig_2_3588_44283 37257 38330 40695 -1 -1 925 0.0309146
Chain
	Aln	8	-SRR33939694.80127/1 38 1120 1234 +edge_5_0_+disjointig_2_3588_44283 2364 3437 40695 -1 -1 925 0.0309146
Chain
	Aln	8	+SRR33939694.80189/1 133 1320 1333 +edge_5_0_+disjointig_2_3588_44283 20431 21629 40695 -1 -1 1084 0.0245763
Chain
	Aln	9	-SRR33939694.80189/1 12 1199 1333 -edge_5_0_+disjointig_2_3588_44283 19065 20263 40695 -1 -1 1084 0.0245763
Chain
	Aln	9	+SRR33939694.80203/1 113 1120 1131 -edge_5_0_+disjointig_2_3588_44283 30110 31128 40695 -1 -1 969 0.0144049
Chain
	Aln	8	-SRR33939694.80203/1 10 1017 1131 +edge_5_0_+disjointig_2_3588_44283 9566 10584 40695 -1 -1 969 0.0144049
Chain
	Aln	8	+SRR33939694.80234/1 172 1290 1309 +edge_5_0_+disjointig_2_3588_44283 10877 12005 40695 -1 -1 1010 0.0262617
Chain
	Aln	9	-SRR33939694.80234/1 18 1136 1309 -edge_5_0_+disjointig_2_3588_44283 28689 29817 40695 -1 -1 1010 0.0262617
Chain
	Aln	8	+SRR33939694.80198/1 172 1459 1477 +edge_5_0_+disjointig_2_3588_44283 16005 17322 40695 -1 -1 1006 0.0499247
Chain
	Aln	9	-SRR33939694.80198/1 17 1304 1477 -edge_5_0_+disjointig_2_3588_44283 23372 24689 40695 -1 -1 1006 0.0499247
Chain
	Aln	8	+SRR33939694.80261/1 109 1196 1206 +edge_5_0_+disjointig_2_3588_44283 34536 35631 40695 -1 -1 1063 0.0129265
Chain
	Aln	9	-SRR33939694.80261/1 9 1096 1206 -edge_5_0_+disjointig_2_3588_44283 5063 6158 40695 -1 -1 1063 0.0129265
Chain
	Aln	8	+SRR33939694.80323/1 111 1160 1162 +edge_5_0_+disjointig_2_3588_44283 18176 19229 40695 -1 -1 989 0.0165413
Chain
	Aln	9	-SRR33939694.80323/1 1 1050 1162 -edge_5_0_+disjointig_2_3588_44283 21465 22518 40695 -1 -1 989 0.0165413
Chain
	Aln	8	+SRR33939694.80350/1 117 1467 1474 +edge_5_0_+disjointig_2_3588_44283 27493 28844 40695 -1 -1 1276 0.0163512
Chain
	Aln	9	-SRR33939694.80350/1 6 1356 1474 -edge_5_0_+disjointig_2_3588_44283 11850 13201 40695 -1 -1 1276 0.0163512
Chain
	Aln	8	+SRR33939694.80421/1 103 1452 1454 +edge_5_0_+disjointig_2_3588_44283 12533 13888 40695 -1 -1 1155 0.0247263
Chain
	Aln	9	-SRR33939694.80421/1 1 1350 1454 -edge_5_0_+disjointig_2_3588_44283 26806 28161 40695 -1 -1 1155 0.0247263
Chain
	Aln	9	+SRR33939694.80452/1 149 1479 1495 -edge_5_0_+disjointig_2_3588_44283 2381 3712 40695 -1 -1 1217 0.0180024
Chain
	Aln	8	-SRR33939694.80452/1 15 1345 1495 +edge_5_0_+disjointig_2_3588_44283 36982 38313 40695 -1 -1 1217 0.0180024
Chain
	Aln	8	+SRR33939694.80465/1 118 1741 1743 +edge_5_0_+disjointig_2_3588_44283 6318 7936 40695 -1 -1 1229 0.045031
Chain
	Aln	9	-SRR33939694.80465/1 1 1624 1743 -edge_5_0_+disjointig_2_3588_44283 32758 34376 40695 -1 -1 1229 0.045031
Chain
	Aln	8	+SRR33939694.80464/1 110 2430 2432 +edge_5_0_+disjointig_2_3588_44283 18699 21025 40695 -1 -1 2210 0.0130227
Chain
	Aln	9	-SRR33939694.80464/1 1 2321 2432 -edge_5_0_+disjointig_2_3588_44283 19669 21995 40695 -1 -1 2210 0.0130227
Chain
	Aln	9	+SRR33939694.80568/1 113 1190 1192 -edge_5_0_+disjointig_2_3588_44283 28399 29489 40695 -1 -1 978 0.0171094
Chain
	Aln	8	-SRR33939694.80568/1 1 1078 1192 +edge_5_0_+disjointig_2_3588_44283 11205 12295 40695 -1 -1 978 0.0171094
Chain
	Aln	9	+SRR33939694.80487/1 106 2161 2175 -edge_5_0_+disjointig_2_3588_44283 6964 9029 40695 -1 -1 1757 0.0309404
Chain
	Aln	8	-SRR33939694.80487/1 13 2068 2175 +edge_5_0_+disjointig_2_3588_44283 31665 33730 40695 -1 -1 1757 0.0309404
Chain
	Aln	8	+SRR33939694.80572/1 114 1443 1446 +edge_5_0_+disjointig_2_3588_44283 3419 4741 40695 -1 -1 1172 0.0209344
Chain
	Aln	9	-SRR33939694.80572/1 2 1331 1446 -edge_5_0_+disjointig_2_3588_44283 35953 37275 40695 -1 -1 1172 0.0209344
Chain
	Aln	9	+SRR33939694.80580/1 117 1229 1256 -edge_5_0_+disjointig_2_3588_44283 2249 3356 40695 -1 -1 1051 0.0151882
Chain
	Aln	8	-SRR33939694.80580/1 26 1138 1256 +edge_5_0_+disjointig_2_3588_44283 37338 38445 40695 -1 -1 1051 0.0151882
Chain
	Aln	9	+SRR33939694.80526/1 106 2209 2211 -edge_5_0_+disjointig_2_3588_44283 11108 13219 40695 -1 -1 2028 0.0137896
Chain
	Aln	8	-SRR33939694.80526/1 1 2104 2211 +edge_5_0_+disjointig_2_3588_44283 27475 29586 40695 -1 -1 2028 0.0137896
Chain
	Aln	9	+SRR33939694.80613/1 116 1308 1321 -edge_5_0_+disjointig_2_3588_44283 26977 28206 40695 -1 -1 1035 0.0332132
Chain
	Aln	8	-SRR33939694.80613/1 12 1204 1321 +edge_5_0_+disjointig_2_3588_44283 12488 13717 40695 -1 -1 1035 0.0332132
Chain
	Aln	9	+SRR33939694.80641/1 113 1355 1357 -edge_5_0_+disjointig_2_3588_44283 9594 10840 40695 -1 -1 1141 0.016262
Chain
	Aln	8	-SRR33939694.80641/1 1 1243 1357 +edge_5_0_+disjointig_2_3588_44283 29854 31100 40695 -1 -1 1141 0.016262
Chain
	Aln	9	+SRR33939694.80724/1 109 1162 1181 -edge_5_0_+disjointig_2_3588_44283 22259 23306 40695 -1 -1 1023 0.0141459
Chain
	Aln	8	-SRR33939694.80724/1 18 1071 1181 +edge_5_0_+disjointig_2_3588_44283 17388 18435 40695 -1 -1 1023 0.0141459
Chain
	Aln	9	+SRR33939694.80746/1 126 1129 1150 -edge_5_0_+disjointig_2_3588_44283 1239 2239 40695 -1 -1 756 0.0426758
Chain
	Aln	8	-SRR33939694.80746/1 20 1023 1150 +edge_5_0_+disjointig_2_3588_44283 38455 39455 40695 -1 -1 756 0.0426758
Chain
	Aln	8	+SRR33939694.80865/1 116 1266 1268 +edge_5_0_+disjointig_2_3588_44283 35633 36780 40695 -1 -1 1118 0.0128054
Chain
	Aln	9	-SRR33939694.80865/1 1 1151 1268 -edge_5_0_+disjointig_2_3588_44283 3914 5061 40695 -1 -1 1118 0.0128054
Chain
	Aln	8	+SRR33939694.80901/1 114 1133 1149 +edge_5_0_+disjointig_2_3588_44283 6829 7844 40695 -1 -1 869 0.0269274
Chain
	Aln	9	-SRR33939694.80901/1 15 1034 1149 -edge_5_0_+disjointig_2_3588_44283 32850 33865 40695 -1 -1 869 0.0269274
Chain
	Aln	9	+SRR33939694.80906/1 105 1540 1543 -edge_5_0_+disjointig_2_3588_44283 33075 34566 40695 -1 -1 907 0.0593518
Chain
	Aln	8	-SRR33939694.80906/1 2 1437 1543 +edge_5_0_+disjointig_2_3588_44283 6128 7619 40695 -1 -1 907 0.0593518
Chain
	Aln	8	+SRR33939694.80942/1 110 1153 1174 +edge_5_0_+disjointig_2_3588_44283 12239 13294 40695 -1 -1 871 0.0317758
Chain
	Aln	9	-SRR33939694.80942/1 20 1063 1174 -edge_5_0_+disjointig_2_3588_44283 27400 28455 40695 -1 -1 871 0.0317758
Chain
	Aln	8	+SRR33939694.81042/1 116 1147 1149 +edge_5_0_+disjointig_2_3588_44283 470 1487 40695 -1 -1 960 0.0152253
Chain
	Aln	9	-SRR33939694.81042/1 1 1032 1149 -edge_5_0_+disjointig_2_3588_44283 39207 40224 40695 -1 -1 960 0.0152253
Chain
	Aln	9	+SRR33939694.81106/1 113 2018 2020 -edge_5_0_+disjointig_2_3588_44283 13163 15099 40695 -1 -1 1442 0.0428112
Chain
	Aln	8	-SRR33939694.81106/1 1 1906 2020 +edge_5_0_+disjointig_2_3588_44283 25595 27531 40695 -1 -1 1442 0.0428112
Chain
	Aln	8	+SRR33939694.81115/1 108 1522 1524 +edge_5_0_+disjointig_2_3588_44283 8666 10096 40695 -1 -1 1309 0.0213874
Chain
	Aln	9	-SRR33939694.81115/1 1 1415 1524 -edge_5_0_+disjointig_2_3588_44283 30598 32028 40695 -1 -1 1309 0.0213874
Chain
	Aln	1	+SRR33939694.80987/1 444 3240 3252 -edge_1_0_+disjointig_1_0_20896 3568 6372 20896 -1 -1 2418 0.0303127
Chain
	Aln	0	-SRR33939694.80987/1 11 2807 3252 +edge_1_0_+disjointig_1_0_20896 14523 17327 20896 -1 -1 2418 0.0303127
Chain
	Aln	0	+SRR33939694.81073/1 107 3036 3039 +edge_1_0_+disjointig_1_0_20896 15275 18199 20896 -1 -1 2712 0.0188104
Chain
	Aln	1	-SRR33939694.81073/1 2 2931 3039 -edge_1_0_+disjointig_1_0_20896 2696 5620 20896 -1 -1 2712 0.0188104
Chain
	Aln	9	+SRR33939694.81319/1 130 1623 1636 -edge_5_0_+disjointig_2_3588_44283 6672 8218 40695 -1 -1 1023 0.0582167
Chain
	Aln	8	-SRR33939694.81319/1 12 1505 1636 +edge_5_0_+disjointig_2_3588_44283 32476 34022 40695 -1 -1 1023 0.0582167
Chain
	Aln	9	+SRR33939694.81284/1 110 1554 1565 -edge_5_0_+disjointig_2_3588_44283 3108 4574 40695 -1 -1 1406 0.0106433
Chain
	Aln	8	-SRR33939694.81284/1 10 1454 1565 +edge_5_0_+disjointig_2_3588_44283 36120 37586 40695 -1 -1 1406 0.0106433
Chain
	Aln	9	+SRR33939694.81339/1 116 1406 1408 -edge_5_0_+disjointig_2_3588_44283 33997 35288 40695 -1 -1 1211 0.0204422
Chain
	Aln	8	-SRR33939694.81339/1 1 1291 1408 +edge_5_0_+disjointig_2_3588_44283 5406 6697 40695 -1 -1 1211 0.0204422
Chain
	Aln	8	+SRR33939694.81475/1 114 1198 1205 +edge_5_0_+disjointig_2_3588_44283 37354 38458 40695 -1 -1 798 0.0519464
Chain
	Aln	9	-SRR33939694.81475/1 6 1090 1205 -edge_5_0_+disjointig_2_3588_44283 2236 3340 40695 -1 -1 798 0.0519464
Chain
	Aln	9	+SRR33939694.81558/1 168 1179 1181 -edge_5_0_+disjointig_2_3588_44283 18684 19699 40695 -1 -1 792 0.0426522
Chain
	Aln	8	-SRR33939694.81558/1 1 1012 1181 +edge_5_0_+disjointig_2_3588_44283 20995 22010 40695 -1 -1 792 0.0426522
Chain
	Aln	8	+SRR33939694.81602/1 100 1173 1175 +edge_5_0_+disjointig_2_3588_44283 11777 12893 40695 -1 -1 895 0.0383319
Chain
	Aln	9	-SRR33939694.81602/1 1 1074 1175 -edge_5_0_+disjointig_2_3588_44283 27801 28917 40695 -1 -1 895 0.0383319
Chain
	Aln	9	+SRR33939694.81578/1 115 1259 1261 -edge_5_0_+disjointig_2_3588_44283 11824 12979 40695 -1 -1 1099 0.00935982
Chain
	Aln	8	-SRR33939694.81578/1 1 1145 1261 +edge_5_0_+disjointig_2_3588_44283 27715 28870 40695 -1 -1 1099 0.00935982
Chain
	Aln	8	+SRR33939694.81573/1 119 2106 2109 +edge_5_0_+disjointig_2_3588_44283 8004 9991 40695 -1 -1 1776 0.0217202
Chain
	Aln	9	-SRR33939694.81573/1 2 1989 2109 -edge_5_0_+disjointig_2_3588_44283 30703 32690 40695 -1 -1 1776 0.0217202
Chain
	Aln	8	+SRR33939694.81628/1 122 1167 1173 +edge_5_0_+disjointig_2_3588_44283 12804 13847 40695 -1 -1 976 0.0195247
Chain
	Aln	9	-SRR33939694.81628/1 5 1050 1173 -edge_5_0_+disjointig_2_3588_44283 26847 27890 40695 -1 -1 976 0.0195247
Chain
	Aln	9	+SRR33939694.81644/1 129 1333 1349 -edge_5_0_+disjointig_2_3588_44283 12231 13447 40695 -1 -1 852 0.0531606
Chain
	Aln	8	-SRR33939694.81644/1 15 1219 1349 +edge_5_0_+disjointig_2_3588_44283 27247 28463 40695 -1 -1 852 0.0531606
Chain
	Aln	7	+SRR33939694.81353/1 778 5460 5474 -edge_4_0_+disjointig_1_22059_47419 4461 9171 25360 -1 -1 4147 0.0297753
Chain
	Aln	6	-SRR33939694.81353/1 13 4695 5474 +edge_4_0_+disjointig_1_22059_47419 16188 20898 25360 -1 -1 4147 0.0297753
Chain
	Aln	8	+SRR33939694.81727/1 121 1160 1162 +edge_5_0_+disjointig_2_3588_44283 8590 9620 40695 -1 -1 975 0.0267163
Chain
	Aln	9	-SRR33939694.81727/1 1 1040 1162 -edge_5_0_+disjointig_2_3588_44283 31074 32104 40695 -1 -1 975 0.0267163
Chain
	Aln	1	+SRR33939694.81608/1 220 3796 4050 -edge_1_0_+disjointig_1_0_20896 17162 20756 20896 -1 -1 3062 0.0347957
Chain
	Aln	0	-SRR33939694.81608/1 253 3829 4050 +edge_1_0_+disjointig_1_0_20896 139 3733 20896 -1 -1 3062 0.0347957
Chain
	Aln	8	+SRR33939694.81757/1 126 1130 1145 +edge_5_0_+disjointig_2_3588_44283 3172 4177 40695 -1 -1 932 0.0162167
Chain
	Aln	9	-SRR33939694.81757/1 14 1018 1145 -edge_5_0_+disjointig_2_3588_44283 36517 37522 40695 -1 -1 932 0.0162167
Chain
	Aln	9	+SRR33939694.81037/1 108 10433 10435 -edge_5_0_+disjointig_2_3588_44283 9557 19913 40695 -1 -1 9058 0.0282904
Chain
	Aln	8	-SRR33939694.81037/1 1 10326 10435 +edge_5_0_+disjointig_2_3588_44283 20781 31137 40695 -1 -1 9058 0.0282904
Chain
	Aln	8	+SRR33939694.81787/1 109 1195 1197 +edge_5_0_+disjointig_2_3588_44283 8001 9096 40695 -1 -1 1012 0.0248424
Chain
	Aln	9	-SRR33939694.81787/1 1 1087 1197 -edge_5_0_+disjointig_2_3588_44283 31598 32693 40695 -1 -1 1012 0.0248424
Chain
	Aln	9	+SRR33939694.81793/1 129 1136 1164 -edge_5_0_+disjointig_2_3588_44283 4830 5860 40695 -1 -1 838 0.0355705
Chain
	Aln	8	-SRR33939694.81793/1 27 1034 1164 +edge_5_0_+disjointig_2_3588_44283 34834 35864 40695 -1 -1 838 0.0355705
Chain
	Aln	8	+SRR33939694.81826/1 104 1133 1135 +edge_5_0_+disjointig_2_3588_44283 7704 8729 40695 -1 -1 945 0.0186171
Chain
	Aln	9	-SRR33939694.81826/1 1 1030 1135 -edge_5_0_+disjointig_2_3588_44283 31965 32990 40695 -1 -1 945 0.0186171
Chain
	Aln	8	+SRR33939694.81831/1 112 1388 1390 +edge_5_0_+disjointig_2_3588_44283 35216 36514 40695 -1 -1 1082 0.029367
Chain
	Aln	9	-SRR33939694.81831/1 1 1277 1390 -edge_5_0_+disjointig_2_3588_44283 4180 5478 40695 -1 -1 1082 0.029367
Chain
	Aln	9	+SRR33939694.81870/1 112 1237 1243 -edge_5_0_+disjointig_2_3588_44283 25255 26367 40695 -1 -1 1025 0.0188242
Chain
	Aln	8	-SRR33939694.81870/1 5 1130 1243 +edge_5_0_+disjointig_2_3588_44283 14327 15439 40695 -1 -1 1025 0.0188242
Chain
	Aln	8	+SRR33939694.81920/1 112 1513 1539 +edge_5_0_+disjointig_2_3588_44283 3255 4720 40695 -1 -1 998 0.0549487
Chain
	Aln	9	-SRR33939694.81920/1 25 1426 1539 -edge_5_0_+disjointig_2_3588_44283 35974 37439 40695 -1 -1 998 0.0549487
Chain
	Aln	8	+SRR33939694.81921/1 109 1580 1586 +edge_5_0_+disjointig_2_3588_44283 19593 21052 40695 -1 -1 1135 0.0359841
Chain
	Aln	9	-SRR33939694.81921/1 5 1476 1586 -edge_5_0_+disjointig_2_3588_44283 19642 21101 40695 -1 -1 1135 0.0359841
Chain
	Aln	9	+SRR33939694.81939/1 146 1387 1389 -edge_5_0_+disjointig_2_3588_44283 32487 33714 40695 -1 -1 1050 0.0301096
Chain
	Aln	8	-SRR33939694.81939/1 1 1242 1389 +edge_5_0_+disjointig_2_3588_44283 6980 8207 40695 -1 -1 1050 0.0301096
Chain
	Aln	8	+SRR33939694.82034/1 119 1184 1186 +edge_5_0_+disjointig_2_3588_44283 7685 8753 40695 -1 -1 906 0.0295988
Chain
	Aln	9	-SRR33939694.82034/1 1 1066 1186 -edge_5_0_+disjointig_2_3588_44283 31941 33009 40695 -1 -1 906 0.0295988
Chain
	Aln	9	+SRR33939694.82035/1 119 1538 1540 -edge_5_0_+disjointig_2_3588_44283 31758 33178 40695 -1 -1 1283 0.0261091
Chain
	Aln	8	-SRR33939694.82035/1 1 1420 1540 +edge_5_0_+disjointig_2_3588_44283 7516 8936 40695 -1 -1 1283 0.0261091
Chain
	Aln	6	+SRR33939694.81682/1 133 7217 7227 +edge_4_0_+disjointig_1_22059_47419 4635 11709 25360 -1 -1 6468 0.0195065
Chain
	Aln	7	-SRR33939694.81682/1 9 7093 7227 -edge_4_0_+disjointig_1_22059_47419 13650 20724 25360 -1 -1 6468 0.0195065
Chain
	Aln	6	+SRR33939694.81986/1 1074 2711 2713 +edge_4_0_+disjointig_1_22059_47419 454 2090 25360 -1 -1 1582 0.0108825
Chain
	Aln	7	-SRR33939694.81986/1 1 1638 2713 -edge_4_0_+disjointig_1_22059_47419 23269 24905 25360 -1 -1 1582 0.0108825
Chain
	Aln	8	+SRR33939694.82170/1 116 1578 1581 +edge_5_0_+disjointig_2_3588_44283 34869 36322 40695 -1 -1 1366 0.0142084
Chain
	Aln	9	-SRR33939694.82170/1 2 1464 1581 -edge_5_0_+disjointig_2_3588_44283 4372 5825 40695 -1 -1 1366 0.0142084
Chain
	Aln	9	+SRR33939694.82198/1 134 1414 1440 -edge_5_0_+disjointig_2_3588_44283 27359 28644 40695 -1 -1 1023 0.0396643
Chain
	Aln	8	-SRR33939694.82198/1 25 1305 1440 +edge_5_0_+disjointig_2_3588_44283 12050 13335 40695 -1 -1 1023 0.0396643
Chain
	Aln	8	+SRR33939694.82222/1 128 1397 1399 +edge_5_0_+disjointig_2_3588_44283 35482 36763 40695 -1 -1 945 0.0508569
Chain
	Aln	9	-SRR33939694.82222/1 1 1270 1399 -edge_5_0_+disjointig_2_3588_44283 3931 5212 40695 -1 -1 945 0.0508569
Chain
	Aln	9	+SRR33939694.82202/1 105 1425 1439 -edge_5_0_+disjointig_2_3588_44283 18416 19752 40695 -1 -1 1042 0.045475
Chain
	Aln	8	-SRR33939694.82202/1 13 1333 1439 +edge_5_0_+disjointig_2_3588_44283 20942 22278 40695 -1 -1 1042 0.045475
Chain
	Aln	9	+SRR33939694.82246/1 110 1962 1964 -edge_5_0_+disjointig_2_3588_44283 33989 35846 40695 -1 -1 1746 0.0221917
Chain
	Aln	8	-SRR33939694.82246/1 1 1853 1964 +edge_5_0_+disjointig_2_3588_44283 4848 6705 40695 -1 -1 1746 0.0221917
Chain
	Aln	8	+SRR33939694.82286/1 112 1141 1162 +edge_5_0_+disjointig_2_3588_44283 17262 18300 40695 -1 -1 779 0.0472973
Chain
	Aln	9	-SRR33939694.82286/1 20 1049 1162 -edge_5_0_+disjointig_2_3588_44283 22394 23432 40695 -1 -1 779 0.0472973
Chain
	Aln	9	+SRR33939694.82276/1 109 1444 1451 -edge_5_0_+disjointig_2_3588_44283 22744 24099 40695 -1 -1 1246 0.0172782
Chain
	Aln	8	-SRR33939694.82276/1 6 1341 1451 +edge_5_0_+disjointig_2_3588_44283 16595 17950 40695 -1 -1 1246 0.0172782
Chain
	Aln	8	+SRR33939694.82306/1 121 1206 1208 +edge_5_0_+disjointig_2_3588_44283 34677 35758 40695 -1 -1 1029 0.0149894
Chain
	Aln	9	-SRR33939694.82306/1 1 1086 1208 -edge_5_0_+disjointig_2_3588_44283 4936 6017 40695 -1 -1 1029 0.0149894
Chain
	Aln	9	+SRR33939694.82393/1 107 1157 1160 -edge_5_0_+disjointig_2_3588_44283 19575 20646 40695 -1 -1 932 0.0286795
Chain
	Aln	8	-SRR33939694.82393/1 2 1052 1160 +edge_5_0_+disjointig_2_3588_44283 20048 21119 40695 -1 -1 932 0.0286795
Chain
	Aln	9	+SRR33939694.81847/1 117 7973 7975 -edge_5_0_+disjointig_2_3588_44283 15438 23345 40695 -1 -1 7097 0.0207128
Chain
	Aln	8	-SRR33939694.81847/1 1 7857 7975 +edge_5_0_+disjointig_2_3588_44283 17349 25256 40695 -1 -1 7097 0.0207128
Chain
	Aln	8	+SRR33939694.82385/1 115 1855 1857 +edge_5_0_+disjointig_2_3588_44283 28039 29796 40695 -1 -1 1524 0.0279108
Chain
	Aln	9	-SRR33939694.82385/1 1 1741 1857 -edge_5_0_+disjointig_2_3588_44283 10898 12655 40695 -1 -1 1524 0.0279108
Chain
	Aln	9	+SRR33939694.82395/1 120 1659 1661 -edge_5_0_+disjointig_2_3588_44283 26708 28281 40695 -1 -1 1447 0.0208674
Chain
	Aln	8	-SRR33939694.82395/1 1 1540 1661 +edge_5_0_+disjointig_2_3588_44283 12413 13986 40695 -1 -1 1447 0.0208674
Chain
	Aln	9	+SRR33939694.82454/1 120 1265 1267 -edge_5_0_+disjointig_2_3588_44283 17896 19030 40695 -1 -1 1058 0.0159563
Chain
	Aln	8	-SRR33939694.82454/1 1 1146 1267 +edge_5_0_+disjointig_2_3588_44283 21664 22798 40695 -1 -1 1058 0.0159563
Chain
	Aln	4	+SRR33939694.82401/1 368 2729 2784 +edge_3_0_-disjointig_2_41855_44283 15 2388 2428 -1 -1 2088 0.0267596
Chain
	Aln	5	-SRR33939694.82401/1 54 2415 2784 -edge_3_0_-disjointig_2_41855_44283 39 2412 2428 -1 -1 2088 0.0267596
Chain
	Aln	2	+SRR33939694.82430/1 114 1136 1406 +edge_2_1_+disjointig_2_2428_3588 127 1157 1160 -1 -1 951 0.0221521
Chain
	Aln	3	-SRR33939694.82430/1 269 1291 1406 -edge_2_1_+disjointig_2_2428_3588 2 1032 1160 -1 -1 951 0.0221521
Chain
	Aln	4	+SRR33939694.82487/1 253 1295 1297 +edge_3_0_-disjointig_2_41855_44283 15 1064 2428 -1 -1 967 0.0178942
Chain
	Aln	5	-SRR33939694.82487/1 1 1043 1297 -edge_3_0_-disjointig_2_41855_44283 1363 2412 2428 -1 -1 967 0.0178942
Chain
	Aln	9	+SRR33939694.82465/1 112 1990 2006 -edge_5_0_+disjointig_2_3588_44283 15870 17768 40695 -1 -1 1613 0.027248
Chain
	Aln	8	-SRR33939694.82465/1 15 1893 2006 +edge_5_0_+disjointig_2_3588_44283 22926 24824 40695 -1 -1 1613 0.027248
Chain
	Aln	9	+SRR33939694.82514/1 112 1254 1256 -edge_5_0_+disjointig_2_3588_44283 3413 4552 40695 -1 -1 1051 0.0198508
Chain
	Aln	8	-SRR33939694.82514/1 1 1143 1256 +edge_5_0_+disjointig_2_3588_44283 36142 37281 40695 -1 -1 1051 0.0198508
Chain
	Aln	8	+SRR33939694.82529/1 104 1458 1466 +edge_5_0_+disjointig_2_3588_44283 29491 30856 40695 -1 -1 1160 0.0314374
Chain
	Aln	9	-SRR33939694.82529/1 7 1361 1466 -edge_5_0_+disjointig_2_3588_44283 9838 11203 40695 -1 -1 1160 0.0314374
Chain
	Aln	9	+SRR33939694.82553/1 106 1159 1183 -edge_5_0_+disjointig_2_3588_44283 22664 23725 40695 -1 -1 986 0.0138841
Chain
	Aln	8	-SRR33939694.82553/1 23 1076 1183 +edge_5_0_+disjointig_2_3588_44283 16969 18030 40695 -1 -1 986 0.0138841
Chain
	Aln	9	+SRR33939694.82559/1 121 1160 1162 -edge_5_0_+disjointig_2_3588_44283 31923 32987 40695 -1 -1 879 0.031514
Chain
	Aln	8	-SRR33939694.82559/1 1 1040 1162 +edge_5_0_+disjointig_2_3588_44283 7707 8771 40695 -1 -1 879 0.031514
Chain
	Aln	7	+SRR33939694.82470/1 263 4413 4419 -edge_4_0_+disjointig_1_22059_47419 15400 19595 25360 -1 -1 3330 0.0399417
Chain
	Aln	6	-SRR33939694.82470/1 5 4155 4419 +edge_4_0_+disjointig_1_22059_47419 5764 9959 25360 -1 -1 3330 0.0399417
Chain
	Aln	9	+SRR33939694.82619/1 114 1532 1556 -edge_5_0_+disjointig_2_3588_44283 38121 39551 40695 -1 -1 1160 0.036196
Chain
	Aln	8	-SRR33939694.82619/1 23 1441 1556 +edge_5_0_+disjointig_2_3588_44283 1143 2573 40695 -1 -1 1160 0.036196
Chain
	Aln	9	+SRR33939694.82647/1 111 1133 1138 -edge_5_0_+disjointig_2_3588_44283 39481 40509 40695 -1 -1 899 0.0280875
Chain
	Aln	8	-SRR33939694.82647/1 4 1026 1138 +edge_5_0_+disjointig_2_3588_44283 185 1213 40695 -1 -1 899 0.0280875
Chain
	Aln	8	+SRR33939694.82012/1 172 12946 12949 +edge_5_0_+disjointig_2_3588_44283 17929 30848 40695 -1 -1 10327 0.0366571
Chain
	Aln	9	-SRR33939694.82012/1 2 12776 12949 -edge_5_0_+disjointig_2_3588_44283 9846 22765 40695 -1 -1 10327 0.0366571
Chain
	Aln	9	+SRR33939694.82717/1 141 1215 1219 -edge_5_0_+disjointig_2_3588_44283 29902 30999 40695 -1 -1 769 0.0458018
Chain
	Aln	8	-SRR33939694.82717/1 3 1077 1219 +edge_5_0_+disjointig_2_3588_44283 9695 10792 40695 -1 -1 769 0.0458018
Chain
	Aln	8	+SRR33939694.82744/1 97 1529 1549 +edge_5_0_+disjointig_2_3588_44283 32343 33790 40695 -1 -1 1278 0.0317158
Chain
	Aln	9	-SRR33939694.82744/1 19 1451 1549 -edge_5_0_+disjointig_2_3588_44283 6904 8351 40695 -1 -1 1278 0.0317158
Chain
	Aln	9	+SRR33939694.82679/1 109 2250 2264 -edge_5_0_+disjointig_2_3588_44283 13727 15877 40695 -1 -1 1889 0.02206
Chain
	Aln	8	-SRR33939694.82679/1 13 2154 2264 +edge_5_0_+disjointig_2_3588_44283 24817 26967 40695 -1 -1 1889 0.02206
Chain
	Aln	8	+SRR33939694.82777/1 108 1237 1251 +edge_5_0_+disjointig_2_3588_44283 387 1529 40695 -1 -1 1061 0.0190612
Chain
	Aln	9	-SRR33939694.82777/1 13 1142 1251 -edge_5_0_+disjointig_2_3588_44283 39165 40307 40695 -1 -1 1061 0.0190612
Chain
	Aln	9	+SRR33939694.82814/1 119 1242 1244 -edge_5_0_+disjointig_2_3588_44283 3272 4400 40695 -1 -1 1031 0.0269181
Chain
	Aln	8	-SRR33939694.82814/1 1 1124 1244 +edge_5_0_+disjointig_2_3588_44283 36294 37422 40695 -1 -1 1031 0.0269181
Chain
	Aln	9	+SRR33939694.82784/1 134 1643 1645 -edge_5_0_+disjointig_2_3588_44283 38493 40019 40695 -1 -1 1084 0.0531061
Chain
	Aln	8	-SRR33939694.82784/1 1 1510 1645 +edge_5_0_+disjointig_2_3588_44283 675 2201 40695 -1 -1 1084 0.0531061
Chain
	Aln	9	+SRR33939694.82804/1 111 1474 1477 -edge_5_0_+disjointig_2_3588_44283 30676 32054 40695 -1 -1 1065 0.0431483
Chain
	Aln	8	-SRR33939694.82804/1 2 1365 1477 +edge_5_0_+disjointig_2_3588_44283 8640 10018 40695 -1 -1 1065 0.0431483
Chain
	Aln	8	+SRR33939694.82821/1 113 1252 1255 +edge_5_0_+disjointig_2_3588_44283 21691 22827 40695 -1 -1 943 0.0354263
Chain
	Aln	9	-SRR33939694.82821/1 2 1141 1255 -edge_5_0_+disjointig_2_3588_44283 17867 19003 40695 -1 -1 943 0.0354263
Chain
	Aln	9	+SRR33939694.82922/1 130 1168 1170 -edge_5_0_+disjointig_2_3588_44283 3500 4549 40695 -1 -1 856 0.0387773
Chain
	Aln	8	-SRR33939694.82922/1 1 1039 1170 +edge_5_0_+disjointig_2_3588_44283 36145 37194 40695 -1 -1 856 0.0387773
Chain
	Aln	8	+SRR33939694.82893/1 105 1189 1224 +edge_5_0_+disjointig_2_3588_44283 6798 7878 40695 -1 -1 1054 0.0156397
Chain
	Aln	9	-SRR33939694.82893/1 34 1118 1224 -edge_5_0_+disjointig_2_3588_44283 32816 33896 40695 -1 -1 1054 0.0156397
Chain
	Aln	9	+SRR33939694.82947/1 109 1354 1366 -edge_5_0_+disjointig_2_3588_44283 4657 5923 40695 -1 -1 936 0.0483374
Chain
	Aln	8	-SRR33939694.82947/1 11 1256 1366 +edge_5_0_+disjointig_2_3588_44283 34771 36037 40695 -1 -1 936 0.0483374
Chain
	Aln	8	+SRR33939694.82957/1 102 1485 1487 +edge_5_0_+disjointig_2_3588_44283 8269 9639 40695 -1 -1 1235 0.0276755
Chain
	Aln	9	-SRR33939694.82957/1 1 1384 1487 -edge_5_0_+disjointig_2_3588_44283 31055 32425 40695 -1 -1 1235 0.0276755
Chain
	Aln	9	+SRR33939694.82961/1 112 1426 1433 -edge_5_0_+disjointig_2_3588_44283 7859 9197 40695 -1 -1 1185 0.0178323
Chain
	Aln	8	-SRR33939694.82961/1 6 1320 1433 +edge_5_0_+disjointig_2_3588_44283 31497 32835 40695 -1 -1 1185 0.0178323
Chain
	Aln	9	+SRR33939694.83012/1 144 1370 1378 -edge_5_0_+disjointig_2_3588_44283 2390 3625 40695 -1 -1 997 0.0424972
Chain
	Aln	8	-SRR33939694.83012/1 7 1233 1378 +edge_5_0_+disjointig_2_3588_44283 37069 38304 40695 -1 -1 997 0.0424972
Chain
	Aln	9	+SRR33939694.82992/1 111 1482 1528 -edge_5_0_+disjointig_2_3588_44283 15210 16580 40695 -1 -1 1207 0.0250869
Chain
	Aln	8	-SRR33939694.82992/1 45 1416 1528 +edge_5_0_+disjointig_2_3588_44283 24114 25484 40695 -1 -1 1207 0.0250869
Chain
	Aln	8	+SRR33939694.83025/1 113 1180 1183 +edge_5_0_+disjointig_2_3588_44283 26671 27739 40695 -1 -1 987 0.0166371
Chain
	Aln	9	-SRR33939694.83025/1 2 1069 1183 -edge_5_0_+disjointig_2_3588_44283 12955 14023 40695 -1 -1 987 0.0166371
Chain
	Aln	8	+SRR33939694.83043/1 150 1152 1154 +edge_5_0_+disjointig_2_3588_44283 25219 26235 40695 -1 -1 950 0.0200289
Chain
	Aln	9	-SRR33939694.83043/1 1 1003 1154 -edge_5_0_+disjointig_2_3588_44283 14459 15475 40695 -1 -1 950 0.0200289
Chain
	Aln	9	+SRR33939694.83104/1 136 1250 1252 -edge_5_0_+disjointig_2_3588_44283 32883 33997 40695 -1 -1 1065 0.0137378
Chain
	Aln	8	-SRR33939694.83104/1 1 1115 1252 +edge_5_0_+disjointig_2_3588_44283 6697 7811 40695 -1 -1 1065 0.0137378
Chain
	Aln	8	+SRR33939694.83174/1 114 1137 1139 +edge_5_0_+disjointig_2_3588_44283 7287 8309 40695 -1 -1 995 0.0102125
Chain
	Aln	9	-SRR33939694.83174/1 1 1024 1139 -edge_5_0_+disjointig_2_3588_44283 32385 33407 40695 -1 -1 995 0.0102125
Chain
	Aln	8	+SRR33939694.83172/1 277 1489 1496 +edge_5_0_+disjointig_2_3588_44283 1 1201 40695 -1 -1 696 0.0680068
Chain
	Aln	9	-SRR33939694.83172/1 6 1218 1496 -edge_5_0_+disjointig_2_3588_44283 39493 40693 40695 -1 -1 696 0.0680068
Chain
	Aln	9	+SRR33939694.83235/1 112 1220 1238 -edge_5_0_+disjointig_2_3588_44283 38356 39471 40695 -1 -1 1022 0.0191704
Chain
	Aln	8	-SRR33939694.83235/1 17 1125 1238 +edge_5_0_+disjointig_2_3588_44283 1223 2338 40695 -1 -1 1022 0.0191704
Chain
	Aln	8	+SRR33939694.83289/1 112 1339 1342 +edge_5_0_+disjointig_2_3588_44283 6896 8123 40695 -1 -1 1166 0.0177101
Chain
	Aln	9	-SRR33939694.83289/1 2 1229 1342 -edge_5_0_+disjointig_2_3588_44283 32571 33798 40695 -1 -1 1166 0.0177101
Chain
	Aln	9	+SRR33939694.83373/1 113 1196 1198 -edge_5_0_+disjointig_2_3588_44283 4615 5711 40695 -1 -1 966 0.029502
Chain
	Aln	8	-SRR33939694.83373/1 1 1084 1198 +edge_5_0_+disjointig_2_3588_44283 34983 36079 40695 -1 -1 966 0.029502
Chain
	Aln	8	+SRR33939694.83388/1 114 1235 1237 +edge_5_0_+disjointig_2_3588_44283 16452 17582 40695 -1 -1 997 0.0287808
Chain
	Aln	9	-SRR33939694.83388/1 1 1122 1237 -edge_5_0_+disjointig_2_3588_44283 23112 24242 40695 -1 -1 997 0.0287808
Chain
	Aln	9	+SRR33939694.83417/1 115 1212 1216 -edge_5_0_+disjointig_2_3588_44283 2884 3990 40695 -1 -1 970 0.0297707
Chain
	Aln	8	-SRR33939694.83417/1 3 1100 1216 +edge_5_0_+disjointig_2_3588_44283 36704 37810 40695 -1 -1 970 0.0297707
Chain
	Aln	8	+SRR33939694.83423/1 113 1165 1182 +edge_5_0_+disjointig_2_3588_44283 9403 10451 40695 -1 -1 973 0.017306
Chain
	Aln	9	-SRR33939694.83423/1 16 1068 1182 -edge_5_0_+disjointig_2_3588_44283 30243 31291 40695 -1 -1 973 0.017306
Chain
	Aln	9	+SRR33939694.83472/1 111 1142 1145 -edge_5_0_+disjointig_2_3588_44283 4451 5512 40695 -1 -1 697 0.0576119
Chain
	Aln	8	-SRR33939694.83472/1 2 1033 1145 +edge_5_0_+disjointig_2_3588_44283 35182 36243 40695 -1 -1 697 0.0576119
Chain
	Aln	9	+SRR33939694.83610/1 130 1363 1365 -edge_5_0_+disjointig_2_3588_44283 2139 3388 40695 -1 -1 889 0.0517065
Chain
	Aln	8	-SRR33939694.83610/1 1 1234 1365 +edge_5_0_+disjointig_2_3588_44283 37306 38555 40695 -1 -1 889 0.0517065
Chain
	Aln	8	+SRR33939694.83462/1 109 1950 1952 +edge_5_0_+disjointig_2_3588_44283 11868 13722 40695 -1 -1 1309 0.0496699
Chain
	Aln	9	-SRR33939694.83462/1 1 1842 1952 -edge_5_0_+disjointig_2_3588_44283 26972 28826 40695 -1 -1 1309 0.0496699
Chain
	Aln	8	+SRR33939694.83577/1 121 1813 1817 +edge_5_0_+disjointig_2_3588_44283 5258 6956 40695 -1 -1 1595 0.0156003
Chain
	Aln	9	-SRR33939694.83577/1 3 1695 1817 -edge_5_0_+disjointig_2_3588_44283 33738 35436 40695 -1 -1 1595 0.0156003
Chain
	Aln	9	+SRR33939694.83671/1 118 1223 1225 -edge_5_0_+disjointig_2_3588_44283 31357 32461 40695 -1 -1 997 0.0233611
Chain
	Aln	8	-SRR33939694.83671/1 1 1106 1225 +edge_5_0_+disjointig_2_3588_44283 8233 9337 40695 -1 -1 997 0.0233611
Chain
	Aln	6	+SRR33939694.83655/1 254 1696 1698 +edge_4_0_+disjointig_1_22059_47419 20157 21593 25360 -1 -1 1359 0.0162887
Chain
	Aln	7	-SRR33939694.83655/1 1 1443 1698 -edge_4_0_+disjointig_1_22059_47419 3766 5202 25360 -1 -1 1359 0.0162887
Chain
	Aln	8	+SRR33939694.83744/1 119 1190 1192 +edge_5_0_+disjointig_2_3588_44283 19968 21041 40695 -1 -1 836 0.0522386
Chain
	Aln	9	-SRR33939694.83744/1 1 1072 1192 -edge_5_0_+disjointig_2_3588_44283 19653 20726 40695 -1 -1 836 0.0522386
Chain
	Aln	9	+SRR33939694.83501/1 108 2746 2763 -edge_5_0_+disjointig_2_3588_44283 34386 37052 40695 -1 -1 2280 0.0258169
Chain
	Aln	8	-SRR33939694.83501/1 16 2654 2763 +edge_5_0_+disjointig_2_3588_44283 3642 6308 40695 -1 -1 2280 0.0258169
Chain
	Aln	9	+SRR33939694.83876/1 115 1126 1174 -edge_5_0_+disjointig_2_3588_44283 36870 37905 40695 -1 -1 638 0.0666412
Chain
	Aln	8	-SRR33939694.83876/1 47 1058 1174 +edge_5_0_+disjointig_2_3588_44283 2789 3824 40695 -1 -1 638 0.0666412
Chain
	Aln	9	+SRR33939694.83852/1 134 1172 1174 -edge_5_0_+disjointig_2_3588_44283 36978 38033 40695 -1 -1 845 0.0372961
Chain
	Aln	8	-SRR33939694.83852/1 1 1039 1174 +edge_5_0_+disjointig_2_3588_44283 2661 3716 40695 -1 -1 845 0.0372961
Chain
	Aln	8	+SRR33939694.83803/1 115 1675 1678 +edge_5_0_+disjointig_2_3588_44283 28448 30009 40695 -1 -1 1474 0.0194638
Chain
	Aln	9	-SRR33939694.83803/1 2 1562 1678 -edge_5_0_+disjointig_2_3588_44283 10685 12246 40695 -1 -1 1474 0.0194638
Chain
	Aln	8	+SRR33939694.83879/1 108 1164 1192 +edge_5_0_+disjointig_2_3588_44283 18560 19617 40695 -1 -1 998 0.0142979
Chain
	Aln	9	-SRR33939694.83879/1 27 1083 1192 -edge_5_0_+disjointig_2_3588_44283 21077 22134 40695 -1 -1 998 0.0142979
Chain
	Aln	8	+SRR33939694.83857/1 114 1358 1360 +edge_5_0_+disjointig_2_3588_44283 26027 27266 40695 -1 -1 1135 0.0179387
Chain
	Aln	9	-SRR33939694.83857/1 1 1245 1360 -edge_5_0_+disjointig_2_3588_44283 13428 14667 40695 -1 -1 1135 0.0179387
Chain
	Aln	8	+SRR33939694.83881/1 231 1252 1348 +edge_5_0_+disjointig_2_3588_44283 32930 33981 40695 -1 -1 782 0.0533324
Chain
	Aln	9	-SRR33939694.83881/1 95 1116 1348 -edge_5_0_+disjointig_2_3588_44283 6713 7764 40695 -1 -1 782 0.0533324
Chain
	Aln	8	+SRR33939694.83914/1 116 1178 1208 +edge_5_0_+disjointig_2_3588_44283 4130 5196 40695 -1 -1 887 0.0284042
Chain
	Aln	9	-SRR33939694.83914/1 29 1091 1208 -edge_5_0_+disjointig_2_3588_44283 35498 36564 40695 -1 -1 887 0.0284042
Chain
	Aln	8	+SRR33939694.83916/1 112 1184 1191 +edge_5_0_+disjointig_2_3588_44283 7669 8757 40695 -1 -1 979 0.0230867
Chain
	Aln	9	-SRR33939694.83916/1 6 1078 1191 -edge_5_0_+disjointig_2_3588_44283 31937 33025 40695 -1 -1 979 0.0230867
Chain
	Aln	9	+SRR33939694.83919/1 113 2005 2022 -edge_5_0_+disjointig_2_3588_44283 1093 2958 40695 -1 -1 1721 0.0216934
Chain
	Aln	8	-SRR33939694.83919/1 16 1908 2022 +edge_5_0_+disjointig_2_3588_44283 37736 39601 40695 -1 -1 1721 0.0216934
Chain
	Aln	9	+SRR33939694.83998/1 137 1337 1340 -edge_5_0_+disjointig_2_3588_44283 38890 40093 40695 -1 -1 1129 0.0152017
Chain
	Aln	8	-SRR33939694.83998/1 2 1202 1340 +edge_5_0_+disjointig_2_3588_44283 601 1804 40695 -1 -1 1129 0.0152017
Chain
	Aln	8	+SRR33939694.84014/1 120 1289 1291 +edge_5_0_+disjointig_2_3588_44283 30178 31347 40695 -1 -1 1055 0.0307768
Chain
	Aln	9	-SRR33939694.84014/1 1 1170 1291 -edge_5_0_+disjointig_2_3588_44283 9347 10516 40695 -1 -1 1055 0.0307768
Chain
	Aln	8	+SRR33939694.84050/1 104 1191 1193 +edge_5_0_+disjointig_2_3588_44283 34245 35333 40695 -1 -1 1049 0.0117507
Chain
	Aln	9	-SRR33939694.84050/1 1 1088 1193 -edge_5_0_+disjointig_2_3588_44283 5361 6449 40695 -1 -1 1049 0.0117507
Chain
	Aln	8	+SRR33939694.84062/1 129 1260 1262 +edge_5_0_+disjointig_2_3588_44283 6385 7505 40695 -1 -1 865 0.0460963
Chain
	Aln	9	-SRR33939694.84062/1 1 1132 1262 -edge_5_0_+disjointig_2_3588_44283 33189 34309 40695 -1 -1 865 0.0460963
Chain
	Aln	8	+SRR33939694.84099/1 117 1203 1205 +edge_5_0_+disjointig_2_3588_44283 36222 37310 40695 -1 -1 912 0.0348464
Chain
	Aln	9	-SRR33939694.84099/1 1 1087 1205 -edge_5_0_+disjointig_2_3588_44283 3384 4472 40695 -1 -1 912 0.0348464
Chain
	Aln	8	+SRR33939694.84175/1 124 1276 1279 +edge_5_0_+disjointig_2_3588_44283 5927 7063 40695 -1 -1 934 0.0351571
Chain
	Aln	9	-SRR33939694.84175/1 2 1154 1279 -edge_5_0_+disjointig_2_3588_44283 33631 34767 40695 -1 -1 934 0.0351571
Chain
	Aln	9	+SRR33939694.84190/1 113 1146 1153 -edge_5_0_+disjointig_2_3588_44283 15818 16860 40695 -1 -1 935 0.0311423
Chain
	Aln	8	-SRR33939694.84190/1 6 1039 1153 +edge_5_0_+disjointig_2_3588_44283 23834 24876 40695 -1 -1 935 0.0311423
Chain
	Aln	9	+SRR33939694.84140/1 115 1289 1291 -edge_5_0_+disjointig_2_3588_44283 37754 38956 40695 -1 -1 1019 0.0293503
Chain
	Aln	8	-SRR33939694.84140/1 1 1175 1291 +edge_5_0_+disjointig_2_3588_44283 1738 2940 40695 -1 -1 1019 0.0293503
Chain
	Aln	9	+SRR33939694.84207/1 125 1284 1311 -edge_5_0_+disjointig_2_3588_44283 20364 21529 40695 -1 -1 1141 0.00839108
Chain
	Aln	8	-SRR33939694.84207/1 26 1185 1311 +edge_5_0_+disjointig_2_3588_44283 19165 20330 40695 -1 -1 1141 0.00839108
Chain
	Aln	8	+SRR33939694.84252/1 142 1158 1160 +edge_5_0_+disjointig_2_3588_44283 33975 34991 40695 -1 -1 873 0.0339341
Chain
	Aln	9	-SRR33939694.84252/1 1 1017 1160 -edge_5_0_+disjointig_2_3588_44283 5703 6719 40695 -1 -1 873 0.0339341
Chain
	Aln	9	+SRR33939694.84253/1 110 1123 1145 -edge_5_0_+disjointig_2_3588_44283 30960 31973 40695 -1 -1 935 0.0221816
Chain
	Aln	8	-SRR33939694.84253/1 21 1034 1145 +edge_5_0_+disjointig_2_3588_44283 8721 9734 40695 -1 -1 935 0.0221816
Chain
	Aln	9	+SRR33939694.84294/1 123 1188 1190 -edge_5_0_+disjointig_2_3588_44283 7113 8179 40695 -1 -1 1004 0.0245911
Chain
	Aln	8	-SRR33939694.84294/1 1 1066 1190 +edge_5_0_+disjointig_2_3588_44283 32515 33581 40695 -1 -1 1004 0.0245911
Chain
	Aln	9	+SRR33939694.84343/1 114 1618 1621 -edge_5_0_+disjointig_2_3588_44283 34749 36253 40695 -1 -1 1454 0.0107689
Chain
	Aln	8	-SRR33939694.84343/1 2 1506 1621 +edge_5_0_+disjointig_2_3588_44283 4441 5945 40695 -1 -1 1454 0.0107689
Chain
	Aln	9	+SRR33939694.84390/1 145 1269 1277 -edge_5_0_+disjointig_2_3588_44283 8026 9148 40695 -1 -1 938 0.0281286
Chain
	Aln	8	-SRR33939694.84390/1 7 1131 1277 +edge_5_0_+disjointig_2_3588_44283 31546 32668 40695 -1 -1 938 0.0281286
Chain
	Aln	9	+SRR33939694.84374/1 127 1195 1572 -edge_5_0_+disjointig_2_3588_44283 39624 40694 40695 -1 -1 859 0.0369803
Chain
	Aln	8	-SRR33939694.84374/1 376 1444 1572 +edge_5_0_+disjointig_2_3588_44283 0 1070 40695 -1 -1 859 0.0369803
Chain
	Aln	8	+SRR33939694.84263/1 115 2498 2500 +edge_5_0_+disjointig_2_3588_44283 7627 10012 40695 -1 -1 2241 0.014972
Chain
	Aln	9	-SRR33939694.84263/1 1 2384 2500 -edge_5_0_+disjointig_2_3588_44283 30682 33067 40695 -1 -1 2241 0.014972
Chain
	Aln	9	+SRR33939694.84483/1 124 1251 1278 -edge_5_0_+disjointig_2_3588_44283 25113 26246 40695 -1 -1 1059 0.019241
Chain
	Aln	8	-SRR33939694.84483/1 26 1153 1278 +edge_5_0_+disjointig_2_3588_44283 14448 15581 40695 -1 -1 1059 0.019241
Chain
	Aln	9	+SRR33939694.84504/1 138 1231 1242 -edge_5_0_+disjointig_2_3588_44283 10944 12050 40695 -1 -1 877 0.0360077
Chain
	Aln	8	-SRR33939694.84504/1 10 1103 1242 +edge_5_0_+disjointig_2_3588_44283 28644 29750 40695 -1 -1 877 0.0360077
Chain
	Aln	5	+SRR33939694.84531/1 106 1627 1648 -edge_3_0_-disjointig_2_41855_44283 428 1955 2428 -1 -1 1459 0.0134277
Chain
	Aln	4	-SRR33939694.84531/1 20 1541 1648 +edge_3_0_-disjointig_2_41855_44283 472 1999 2428 -1 -1 1459 0.0134277
Chain
	Aln	9	+SRR33939694.84528/1 115 2261 2265 -edge_5_0_+disjointig_2_3588_44283 17443 19620 40695 -1 -1 1756 0.0320547
Chain
	Aln	8	-SRR33939694.84528/1 3 2149 2265 +edge_5_0_+disjointig_2_3588_44283 21074 23251 40695 -1 -1 1756 0.0320547
Chain
	Aln	9	+SRR33939694.84597/1 117 1957 2003 -edge_5_0_+disjointig_2_3588_44283 24893 26788 40695 -1 -1 1238 0.0524535
Chain
	Aln	8	-SRR33939694.84597/1 45 1885 2003 +edge_5_0_+disjointig_2_3588_44283 13906 15801 40695 -1 -1 1238 0.0524535
Chain
	Aln	9	+SRR33939694.84702/1 119 1166 1181 -edge_5_0_+disjointig_2_3588_44283 11891 12939 40695 -1 -1 915 0.0351422
Chain
	Aln	8	-SRR33939694.84702/1 14 1061 1181 +edge_5_0_+disjointig_2_3588_44283 27755 28803 40695 -1 -1 915 0.0351422
Chain
	Aln	9	+SRR33939694.84706/1 113 1291 1293 -edge_5_0_+disjointig_2_3588_44283 30837 32018 40695 -1 -1 1066 0.0219708
Chain
	Aln	8	-SRR33939694.84706/1 1 1179 1293 +edge_5_0_+disjointig_2_3588_44283 8676 9857 40695 -1 -1 1066 0.0219708
Chain
	Aln	9	+SRR33939694.84626/1 115 2022 2027 -edge_5_0_+disjointig_2_3588_44283 13838 15757 40695 -1 -1 1689 0.029444
Chain
	Aln	8	-SRR33939694.84626/1 4 1911 2027 +edge_5_0_+disjointig_2_3588_44283 24937 26856 40695 -1 -1 1689 0.029444
Chain
	Aln	8	+SRR33939694.84726/1 109 1217 1250 +edge_5_0_+disjointig_2_3588_44283 36617 37731 40695 -1 -1 884 0.0385309
Chain
	Aln	9	-SRR33939694.84726/1 32 1140 1250 -edge_5_0_+disjointig_2_3588_44283 2963 4077 40695 -1 -1 884 0.0385309
Chain
	Aln	8	+SRR33939694.84764/1 112 1299 1340 +edge_5_0_+disjointig_2_3588_44283 65 1237 40695 -1 -1 778 0.0655584
Chain
	Aln	9	-SRR33939694.84764/1 40 1227 1340 -edge_5_0_+disjointig_2_3588_44283 39457 40629 40695 -1 -1 778 0.0655584
Chain
	Aln	8	+SRR33939694.84765/1 107 1114 1116 +edge_5_0_+disjointig_2_3588_44283 13149 14164 40695 -1 -1 876 0.0223824
Chain
	Aln	9	-SRR33939694.84765/1 1 1008 1116 -edge_5_0_+disjointig_2_3588_44283 26530 27545 40695 -1 -1 876 0.0223824
Chain
	Aln	8	+SRR33939694.84766/1 112 1277 1279 +edge_5_0_+disjointig_2_3588_44283 18686 19841 40695 -1 -1 1054 0.0284055
Chain
	Aln	9	-SRR33939694.84766/1 1 1166 1279 -edge_5_0_+disjointig_2_3588_44283 20853 22008 40695 -1 -1 1054 0.0284055
Chain
	Aln	8	+SRR33939694.84971/1 115 1325 1329 +edge_5_0_+disjointig_2_3588_44283 11729 12940 40695 -1 -1 855 0.0475514
Chain
	Aln	9	-SRR33939694.84971/1 3 1213 1329 -edge_5_0_+disjointig_2_3588_44283 27754 28965 40695 -1 -1 855 0.0475514
Chain
	Aln	8	+SRR33939694.84987/1 113 1509 1511 +edge_5_0_+disjointig_2_3588_44283 7441 8847 40695 -1 -1 1318 0.0171646
Chain
	Aln	9	-SRR33939694.84987/1 1 1397 1511 -edge_5_0_+disjointig_2_3588_44283 31847 33253 40695 -1 -1 1318 0.0171646
Chain
	Aln	9	+SRR33939694.84993/1 119 1484 1486 -edge_5_0_+disjointig_2_3588_44283 2903 4274 40695 -1 -1 1305 0.0183782
Chain
	Aln	8	-SRR33939694.84993/1 1 1366 1486 +edge_5_0_+disjointig_2_3588_44283 36420 37791 40695 -1 -1 1305 0.0183782
Chain
	Aln	8	+SRR33939694.85035/1 109 1133 1170 +edge_5_0_+disjointig_2_3588_44283 22367 23423 40695 -1 -1 824 0.0448619
Chain
	Aln	9	-SRR33939694.85035/1 36 1060 1170 -edge_5_0_+disjointig_2_3588_44283 17271 18327 40695 -1 -1 824 0.0448619
Chain
	Aln	9	+SRR33939694.85083/1 115 1406 1409 -edge_5_0_+disjointig_2_3588_44283 39055 40331 40695 -1 -1 1199 0.0143738
Chain
	Aln	8	-SRR33939694.85083/1 2 1293 1409 +edge_5_0_+disjointig_2_3588_44283 363 1639 40695 -1 -1 1199 0.0143738
Chain
	Aln	9	+SRR33939694.85065/1 113 1945 1948 -edge_5_0_+disjointig_2_3588_44283 15761 17613 40695 -1 -1 1591 0.0270003
Chain
	Aln	8	-SRR33939694.85065/1 2 1834 1948 +edge_5_0_+disjointig_2_3588_44283 23081 24933 40695 -1 -1 1591 0.0270003
Chain
	Aln	8	+SRR33939694.85037/1 119 2231 2249 +edge_5_0_+disjointig_2_3588_44283 33691 35823 40695 -1 -1 1590 0.0437658
Chain
	Aln	9	-SRR33939694.85037/1 17 2129 2249 -edge_5_0_+disjointig_2_3588_44283 4871 7003 40695 -1 -1 1590 0.0437658
Chain
	Aln	8	+SRR33939694.85092/1 113 1415 1418 +edge_5_0_+disjointig_2_3588_44283 18950 20253 40695 -1 -1 1260 0.0134797
Chain
	Aln	9	-SRR33939694.85092/1 2 1304 1418 -edge_5_0_+disjointig_2_3588_44283 20441 21744 40695 -1 -1 1260 0.0134797
Chain
	Aln	9	+SRR33939694.85136/1 129 1397 1402 -edge_5_0_+disjointig_2_3588_44283 7122 8405 40695 -1 -1 872 0.0569164
Chain
	Aln	8	-SRR33939694.85136/1 4 1272 1402 +edge_5_0_+disjointig_2_3588_44283 32289 33572 40695 -1 -1 872 0.0569164
Chain
	Aln	9	+SRR33939694.85107/1 129 1841 1844 -edge_5_0_+disjointig_2_3588_44283 27546 29251 40695 -1 -1 1433 0.0286917
Chain
	Aln	8	-SRR33939694.85107/1 2 1714 1844 +edge_5_0_+disjointig_2_3588_44283 11443 13148 40695 -1 -1 1433 0.0286917
Chain
	Aln	9	+SRR33939694.85189/1 111 1297 1299 -edge_5_0_+disjointig_2_3588_44283 32741 33946 40695 -1 -1 1085 0.0223627
Chain
	Aln	8	-SRR33939694.85189/1 1 1187 1299 +edge_5_0_+disjointig_2_3588_44283 6748 7953 40695 -1 -1 1085 0.0223627
Chain
	Aln	8	+SRR33939694.85220/1 113 1348 1350 +edge_5_0_+disjointig_2_3588_44283 27118 28362 40695 -1 -1 1088 0.0305692
Chain
	Aln	9	-SRR33939694.85220/1 1 1236 1350 -edge_5_0_+disjointig_2_3588_44283 12332 13576 40695 -1 -1 1088 0.0305692
Chain
	Aln	7	+SRR33939694.85252/1 218 1861 1863 -edge_4_0_+disjointig_1_22059_47419 13259 14905 25360 -1 -1 1467 0.0199634
Chain
	Aln	6	-SRR33939694.85252/1 1 1644 1863 +edge_4_0_+disjointig_1_22059_47419 10454 12100 25360 -1 -1 1467 0.0199634
Chain
	Aln	9	+SRR33939694.85258/1 119 1190 1192 -edge_5_0_+disjointig_2_3588_44283 20257 21335 40695 -1 -1 1004 0.0176997
Chain
	Aln	8	-SRR33939694.85258/1 1 1072 1192 +edge_5_0_+disjointig_2_3588_44283 19359 20437 40695 -1 -1 1004 0.0176997
Chain
	Aln	9	+SRR33939694.85271/1 105 1564 1566 -edge_5_0_+disjointig_2_3588_44283 4415 5882 40695 -1 -1 1209 0.0349449
Chain
	Aln	8	-SRR33939694.85271/1 1 1460 1566 +edge_5_0_+disjointig_2_3588_44283 34812 36279 40695 -1 -1 1209 0.0349449
Chain
	Aln	8	+SRR33939694.85368/1 110 1153 1155 +edge_5_0_+disjointig_2_3588_44283 34427 35476 40695 -1 -1 963 0.0201434
Chain
	Aln	9	-SRR33939694.85368/1 1 1044 1155 -edge_5_0_+disjointig_2_3588_44283 5218 6267 40695 -1 -1 963 0.0201434
Chain
	Aln	8	+SRR33939694.85445/1 109 1171 1175 +edge_5_0_+disjointig_2_3588_44283 36494 37543 40695 -1 -1 803 0.0467703
Chain
	Aln	9	-SRR33939694.85445/1 3 1065 1175 -edge_5_0_+disjointig_2_3588_44283 3151 4200 40695 -1 -1 803 0.0467703
Chain
	Aln	8	+SRR33939694.85470/1 116 1126 1129 +edge_5_0_+disjointig_2_3588_44283 14970 15996 40695 -1 -1 966 0.0164381
Chain
	Aln	9	-SRR33939694.85470/1 2 1012 1129 -edge_5_0_+disjointig_2_3588_44283 24698 25724 40695 -1 -1 966 0.0164381
Chain
	Aln	9	+SRR33939694.85474/1 110 1526 1539 -edge_5_0_+disjointig_2_3588_44283 30799 32219 40695 -1 -1 1341 0.02157
Chain
	Aln	8	-SRR33939694.85474/1 12 1428 1539 +edge_5_0_+disjointig_2_3588_44283 8475 9895 40695 -1 -1 1341 0.02157
Chain
	Aln	9	+SRR33939694.85519/1 109 1202 1216 -edge_5_0_+disjointig_2_3588_44283 27178 28308 40695 -1 -1 871 0.0415468
Chain
	Aln	8	-SRR33939694.85519/1 13 1106 1216 +edge_5_0_+disjointig_2_3588_44283 12386 13516 40695 -1 -1 871 0.0415468
Chain
	Aln	5	+SRR33939694.85574/1 128 1327 1334 -edge_3_0_-disjointig_2_41855_44283 527 1735 2428 -1 -1 817 0.0475147
Chain
	Aln	4	-SRR33939694.85574/1 6 1205 1334 +edge_3_0_-disjointig_2_41855_44283 692 1900 2428 -1 -1 817 0.0475147
Chain
	Aln	8	+SRR33939694.85583/1 132 1154 1156 +edge_5_0_+disjointig_2_3588_44283 7349 8385 40695 -1 -1 830 0.042203
Chain
	Aln	9	-SRR33939694.85583/1 1 1023 1156 -edge_5_0_+disjointig_2_3588_44283 32309 33345 40695 -1 -1 830 0.042203
Chain
	Aln	9	+SRR33939694.85570/1 110 2603 2605 -edge_5_0_+disjointig_2_3588_44283 991 3500 40695 -1 -1 2216 0.0254499
Chain
	Aln	8	-SRR33939694.85570/1 1 2494 2605 +edge_5_0_+disjointig_2_3588_44283 37194 39703 40695 -1 -1 2216 0.0254499
Chain
	Aln	6	+SRR33939694.85482/1 112 3576 3578 +edge_4_0_+disjointig_1_22059_47419 12802 16254 25360 -1 -1 3033 0.0250817
Chain
	Aln	7	-SRR33939694.85482/1 1 3465 3578 -edge_4_0_+disjointig_1_22059_47419 9105 12557 25360 -1 -1 3033 0.0250817
Chain
	Aln	9	+SRR33939694.83938/1 140 17817 18712 -edge_5_0_+disjointig_2_3588_44283 3794 21524 40695 -1 -1 16535 0.0149571
Chain
	Aln	8	-SRR33939694.83938/1 894 18571 18712 +edge_5_0_+disjointig_2_3588_44283 19170 36900 40695 -1 -1 16535 0.0149571
Chain
	Aln	9	+SRR33939694.85697/1 114 1159 1196 -edge_5_0_+disjointig_2_3588_44283 26071 27123 40695 -1 -1 903 0.0324769
Chain
	Aln	8	-SRR33939694.85697/1 36 1081 1196 +edge_5_0_+disjointig_2_3588_44283 13571 14623 40695 -1 -1 903 0.0324769
Chain
	Aln	9	+SRR33939694.85719/1 214 1545 1548 -edge_5_0_+disjointig_2_3588_44283 3849 5186 40695 -1 -1 1159 0.0322404
Chain
	Aln	8	-SRR33939694.85719/1 2 1333 1548 +edge_5_0_+disjointig_2_3588_44283 35508 36845 40695 -1 -1 1159 0.0322404
Chain
	Aln	8	+SRR33939694.85788/1 134 1158 1170 +edge_5_0_+disjointig_2_3588_44283 33210 34238 40695 -1 -1 759 0.0510676
Chain
	Aln	9	-SRR33939694.85788/1 11 1035 1170 -edge_5_0_+disjointig_2_3588_44283 6456 7484 40695 -1 -1 759 0.0510676
Chain
	Aln	8	+SRR33939694.85845/1 108 1227 1229 +edge_5_0_+disjointig_2_3588_44283 13385 14536 40695 -1 -1 719 0.0602251
Chain
	Aln	9	-SRR33939694.85845/1 1 1120 1229 -edge_5_0_+disjointig_2_3588_44283 26158 27309 40695 -1 -1 719 0.0602251
Chain
	Aln	9	+SRR33939694.85870/1 106 1452 1454 -edge_5_0_+disjointig_2_3588_44283 24513 25873 40695 -1 -1 1255 0.0188512
Chain
	Aln	8	-SRR33939694.85870/1 1 1347 1454 +edge_5_0_+disjointig_2_3588_44283 14821 16181 40695 -1 -1 1255 0.0188512
Chain
	Aln	4	+SRR33939694.85931/1 103 1251 1263 +edge_3_0_-disjointig_2_41855_44283 738 1891 2428 -1 -1 1015 0.0236071
Chain
	Aln	5	-SRR33939694.85931/1 11 1159 1263 -edge_3_0_-disjointig_2_41855_44283 536 1689 2428 -1 -1 1015 0.0236071
Chain
	Aln	9	+SRR33939694.86028/1 117 1190 1192 -edge_5_0_+disjointig_2_3588_44283 13727 14798 40695 -1 -1 932 0.0243916
Chain
	Aln	8	-SRR33939694.86028/1 1 1074 1192 +edge_5_0_+disjointig_2_3588_44283 25896 26967 40695 -1 -1 932 0.0243916
Chain
	Aln	9	+SRR33939694.86034/1 111 1203 1205 -edge_5_0_+disjointig_2_3588_44283 37871 38992 40695 -1 -1 791 0.0510665
Chain
	Aln	8	-SRR33939694.86034/1 1 1093 1205 +edge_5_0_+disjointig_2_3588_44283 1702 2823 40695 -1 -1 791 0.0510665
Chain
	Aln	8	+SRR33939694.86052/1 118 1209 1211 +edge_5_0_+disjointig_2_3588_44283 20846 21929 40695 -1 -1 989 0.0195978
Chain
	Aln	9	-SRR33939694.86052/1 1 1092 1211 -edge_5_0_+disjointig_2_3588_44283 18765 19848 40695 -1 -1 989 0.0195978
Chain
	Aln	9	+SRR33939694.86106/1 128 1811 1814 -edge_5_0_+disjointig_2_3588_44283 37327 39053 40695 -1 -1 1203 0.0531058
Chain
	Aln	8	-SRR33939694.86106/1 2 1685 1814 +edge_5_0_+disjointig_2_3588_44283 1641 3367 40695 -1 -1 1203 0.0531058
Chain
	Aln	1	+SRR33939694.86178/1 223 1315 1318 -edge_1_0_+disjointig_1_0_20896 13334 14446 20896 -1 -1 942 0.035837
Chain
	Aln	0	-SRR33939694.86178/1 2 1094 1318 +edge_1_0_+disjointig_1_0_20896 6449 7561 20896 -1 -1 942 0.035837
Chain
	Aln	9	+SRR33939694.86188/1 119 1232 1236 -edge_5_0_+disjointig_2_3588_44283 20015 21139 40695 -1 -1 1067 0.0184125
Chain
	Aln	8	-SRR33939694.86188/1 3 1116 1236 +edge_5_0_+disjointig_2_3588_44283 19555 20679 40695 -1 -1 1067 0.0184125
Chain
	Aln	1	+SRR33939694.86089/1 217 2288 2306 -edge_1_0_+disjointig_1_0_20896 5130 7210 20896 -1 -1 1795 0.0274011
Chain
	Aln	0	-SRR33939694.86089/1 17 2088 2306 +edge_1_0_+disjointig_1_0_20896 13685 15765 20896 -1 -1 1795 0.0274011
Chain
	Aln	8	+SRR33939694.86253/1 116 1141 1152 +edge_5_0_+disjointig_2_3588_44283 24268 25295 40695 -1 -1 829 0.0387366
Chain
	Aln	9	-SRR33939694.86253/1 10 1035 1152 -edge_5_0_+disjointig_2_3588_44283 15399 16426 40695 -1 -1 829 0.0387366
Chain
	Aln	9	+SRR33939694.86256/1 111 1304 1306 -edge_5_0_+disjointig_2_3588_44283 21807 23017 40695 -1 -1 1016 0.0296599
Chain
	Aln	8	-SRR33939694.86256/1 1 1194 1306 +edge_5_0_+disjointig_2_3588_44283 17677 18887 40695 -1 -1 1016 0.0296599
Chain
	Aln	8	+SRR33939694.85524/1 109 8140 8155 +edge_5_0_+disjointig_2_3588_44283 28100 36151 40695 -1 -1 7344 0.0157305
Chain
	Aln	9	-SRR33939694.85524/1 14 8045 8155 -edge_5_0_+disjointig_2_3588_44283 4543 12594 40695 -1 -1 7344 0.0157305
Chain
	Aln	8	+SRR33939694.86261/1 111 1587 1605 +edge_5_0_+disjointig_2_3588_44283 432 1928 40695 -1 -1 1343 0.0227525
Chain
	Aln	9	-SRR33939694.86261/1 17 1493 1605 -edge_5_0_+disjointig_2_3588_44283 38766 40262 40695 -1 -1 1343 0.0227525
Chain
	Aln	8	+SRR33939694.86290/1 108 1118 1120 +edge_5_0_+disjointig_2_3588_44283 2137 3161 40695 -1 -1 850 0.0258609
Chain
	Aln	9	-SRR33939694.86290/1 1 1011 1120 -edge_5_0_+disjointig_2_3588_44283 37533 38557 40695 -1 -1 850 0.0258609
Chain
	Aln	7	+SRR33939694.86205/1 869 2599 2603 -edge_4_0_+disjointig_1_22059_47419 4561 6297 25360 -1 -1 1512 0.0259774
Chain
	Aln	6	-SRR33939694.86205/1 3 1733 2603 +edge_4_0_+disjointig_1_22059_47419 19062 20798 25360 -1 -1 1512 0.0259774
Chain
	Aln	9	+SRR33939694.86268/1 114 1499 1521 -edge_5_0_+disjointig_2_3588_44283 18865 20238 40695 -1 -1 1264 0.0210065
Chain
	Aln	8	-SRR33939694.86268/1 21 1406 1521 +edge_5_0_+disjointig_2_3588_44283 20456 21829 40695 -1 -1 1264 0.0210065
Chain
	Aln	8	+SRR33939694.86330/1 127 1231 1244 +edge_5_0_+disjointig_2_3588_44283 25104 26213 40695 -1 -1 983 0.0283614
Chain
	Aln	9	-SRR33939694.86330/1 12 1116 1244 -edge_5_0_+disjointig_2_3588_44283 14481 15590 40695 -1 -1 983 0.0283614
Chain
	Aln	9	+SRR33939694.86339/1 110 1297 1299 -edge_5_0_+disjointig_2_3588_44283 27599 28786 40695 -1 -1 1048 0.025546
Chain
	Aln	8	-SRR33939694.86339/1 1 1188 1299 +edge_5_0_+disjointig_2_3588_44283 11908 13095 40695 -1 -1 1048 0.025546
Chain
	Aln	8	+SRR33939694.86293/1 111 1977 1979 +edge_5_0_+disjointig_2_3588_44283 22555 24418 40695 -1 -1 1744 0.0188447
Chain
	Aln	9	-SRR33939694.86293/1 1 1867 1979 -edge_5_0_+disjointig_2_3588_44283 16276 18139 40695 -1 -1 1744 0.0188447
Chain
	Aln	8	+SRR33939694.86343/1 111 1741 1804 +edge_5_0_+disjointig_2_3588_44283 22975 24637 40695 -1 -1 1278 0.0506312
Chain
	Aln	9	-SRR33939694.86343/1 62 1692 1804 -edge_5_0_+disjointig_2_3588_44283 16057 17719 40695 -1 -1 1278 0.0506312
Chain
	Aln	9	+SRR33939694.86422/1 103 1198 1201 -edge_5_0_+disjointig_2_3588_44283 112 1219 40695 -1 -1 1050 0.0217487
Chain
	Aln	8	-SRR33939694.86422/1 2 1097 1201 +edge_5_0_+disjointig_2_3588_44283 39475 40582 40695 -1 -1 1050 0.0217487
Chain
	Aln	9	+SRR33939694.86509/1 115 1225 1227 -edge_5_0_+disjointig_2_3588_44283 25272 26379 40695 -1 -1 1005 0.022605
Chain
	Aln	8	-SRR33939694.86509/1 1 1111 1227 +edge_5_0_+disjointig_2_3588_44283 14315 15422 40695 -1 -1 1005 0.022605
Chain
	Aln	9	+SRR33939694.86332/1 114 2619 2667 -edge_5_0_+disjointig_2_3588_44283 33518 36008 40695 -1 -1 1880 0.0383827
Chain
	Aln	8	-SRR33939694.86332/1 47 2552 2667 +edge_5_0_+disjointig_2_3588_44283 4686 7176 40695 -1 -1 1880 0.0383827
Chain
	Aln	8	+SRR33939694.86514/1 110 1258 1261 +edge_5_0_+disjointig_2_3588_44283 4745 5928 40695 -1 -1 1051 0.0265859
Chain
	Aln	9	-SRR33939694.86514/1 2 1150 1261 -edge_5_0_+disjointig_2_3588_44283 34766 35949 40695 -1 -1 1051 0.0265859
Chain
	Aln	9	+SRR33939694.86550/1 118 1376 1380 -edge_5_0_+disjointig_2_3588_44283 34848 36123 40695 -1 -1 912 0.0404777
Chain
	Aln	8	-SRR33939694.86550/1 3 1261 1380 +edge_5_0_+disjointig_2_3588_44283 4571 5846 40695 -1 -1 912 0.0404777
Chain
	Aln	9	+SRR33939694.86521/1 109 1754 1756 -edge_5_0_+disjointig_2_3588_44283 1633 3289 40695 -1 -1 1340 0.0363943
Chain
	Aln	8	-SRR33939694.86521/1 1 1646 1756 +edge_5_0_+disjointig_2_3588_44283 37405 39061 40695 -1 -1 1340 0.0363943
Chain
	Aln	9	+SRR33939694.86599/1 100 1352 1355 -edge_5_0_+disjointig_2_3588_44283 9294 10541 40695 -1 -1 1116 0.0296863
Chain
	Aln	8	-SRR33939694.86599/1 2 1254 1355 +edge_5_0_+disjointig_2_3588_44283 30153 31400 40695 -1 -1 1116 0.0296863
Chain
	Aln	8	+SRR33939694.86593/1 85 1707 1710 +edge_5_0_+disjointig_2_3588_44283 4623 6256 40695 -1 -1 1566 0.0124069
Chain
	Aln	9	-SRR33939694.86593/1 2 1624 1710 -edge_5_0_+disjointig_2_3588_44283 34438 36071 40695 -1 -1 1566 0.0124069
Chain
	Aln	9	+SRR33939694.86726/1 117 1296 1300 -edge_5_0_+disjointig_2_3588_44283 1159 2339 40695 -1 -1 1099 0.017795
Chain
	Aln	8	-SRR33939694.86726/1 3 1182 1300 +edge_5_0_+disjointig_2_3588_44283 38355 39535 40695 -1 -1 1099 0.017795
Chain
	Aln	9	+SRR33939694.86775/1 103 1234 1236 -edge_5_0_+disjointig_2_3588_44283 26811 27999 40695 -1 -1 843 0.0426202
Chain
	Aln	8	-SRR33939694.86775/1 1 1132 1236 +edge_5_0_+disjointig_2_3588_44283 12695 13883 40695 -1 -1 843 0.0426202
Chain
	Aln	4	+SRR33939694.86697/1 133 1615 1695 +edge_3_0_-disjointig_2_41855_44283 872 2370 2428 -1 -1 1164 0.0423807
Chain
	Aln	5	-SRR33939694.86697/1 79 1561 1695 -edge_3_0_-disjointig_2_41855_44283 57 1555 2428 -1 -1 1164 0.0423807
Chain
	Aln	9	+SRR33939694.86807/1 109 1631 1768 -edge_5_0_+disjointig_2_3588_44283 24453 25994 40695 -1 -1 1377 0.0218332
Chain
	Aln	8	-SRR33939694.86807/1 136 1658 1768 +edge_5_0_+disjointig_2_3588_44283 14700 16241 40695 -1 -1 1377 0.0218332
Chain
	Aln	9	+SRR33939694.86841/1 110 1235 1237 -edge_5_0_+disjointig_2_3588_44283 5323 6463 40695 -1 -1 1027 0.0177583
Chain
	Aln	8	-SRR33939694.86841/1 1 1126 1237 +edge_5_0_+disjointig_2_3588_44283 34231 35371 40695 -1 -1 1027 0.0177583
Chain
	Aln	9	+SRR33939694.86846/1 108 1952 1957 -edge_5_0_+disjointig_2_3588_44283 25549 27395 40695 -1 -1 1718 0.0157834
Chain
	Aln	8	-SRR33939694.86846/1 4 1848 1957 +edge_5_0_+disjointig_2_3588_44283 13299 15145 40695 -1 -1 1718 0.0157834
Chain
	Aln	8	+SRR33939694.86850/1 113 1287 1297 +edge_5_0_+disjointig_2_3588_44283 31144 32190 40695 -1 -1 822 0.0377759
Chain
	Aln	9	-SRR33939694.86850/1 9 1183 1297 -edge_5_0_+disjointig_2_3588_44283 8504 9550 40695 -1 -1 822 0.0377759
Chain
	Aln	9	+SRR33939694.86873/1 107 1264 1266 -edge_5_0_+disjointig_2_3588_44283 14253 15411 40695 -1 -1 1100 0.0172307
Chain
	Aln	8	-SRR33939694.86873/1 1 1158 1266 +edge_5_0_+disjointig_2_3588_44283 25283 26441 40695 -1 -1 1100 0.0172307
Chain
	Aln	9	+SRR33939694.86899/1 114 1142 1144 -edge_5_0_+disjointig_2_3588_44283 26424 27461 40695 -1 -1 964 0.0221354
Chain
	Aln	8	-SRR33939694.86899/1 1 1029 1144 +edge_5_0_+disjointig_2_3588_44283 13233 14270 40695 -1 -1 964 0.0221354
Chain
	Aln	8	+SRR33939694.86929/1 114 1406 1422 +edge_5_0_+disjointig_2_3588_44283 26624 27924 40695 -1 -1 1236 0.0138579
Chain
	Aln	9	-SRR33939694.86929/1 15 1307 1422 -edge_5_0_+disjointig_2_3588_44283 12770 14070 40695 -1 -1 1236 0.0138579
Chain
	Aln	8	+SRR33939694.86924/1 114 1707 1709 +edge_5_0_+disjointig_2_3588_44283 27741 29347 40695 -1 -1 1178 0.0473714
Chain
	Aln	9	-SRR33939694.86924/1 1 1594 1709 -edge_5_0_+disjointig_2_3588_44283 11347 12953 40695 -1 -1 1178 0.0473714
Chain
	Aln	3	+SRR33939694.86936/1 442 1601 1736 -edge_2_1_+disjointig_2_2428_3588 2 1159 1160 -1 -1 1034 0.0242184
Chain
	Aln	2	-SRR33939694.86936/1 134 1293 1736 +edge_2_1_+disjointig_2_2428_3588 0 1157 1160 -1 -1 1034 0.0242184
Chain
	Aln	9	+SRR33939694.87045/1 111 1180 1182 -edge_5_0_+disjointig_2_3588_44283 32296 33377 40695 -1 -1 724 0.0533463
Chain
	Aln	8	-SRR33939694.87045/1 1 1070 1182 +edge_5_0_+disjointig_2_3588_44283 7317 8398 40695 -1 -1 724 0.0533463
Chain
	Aln	0	+SRR33939694.86973/1 271 2262 2280 +edge_1_0_+disjointig_1_0_20896 6286 8287 20896 -1 -1 1736 0.0296217
Chain
	Aln	1	-SRR33939694.86973/1 17 2008 2280 -edge_1_0_+disjointig_1_0_20896 12608 14609 20896 -1 -1 1736 0.0296217
Chain
	Aln	8	+SRR33939694.87060/1 106 1584 1586 +edge_5_0_+disjointig_2_3588_44283 25337 26814 40695 -1 -1 1208 0.0423218
Chain
	Aln	9	-SRR33939694.87060/1 1 1479 1586 -edge_5_0_+disjointig_2_3588_44283 13880 15357 40695 -1 -1 1208 0.0423218
Chain
	Aln	9	+SRR33939694.87046/1 100 1887 1918 -edge_5_0_+disjointig_2_3588_44283 31381 33202 40695 -1 -1 1624 0.0258064
Chain
	Aln	8	-SRR33939694.87046/1 30 1817 1918 +edge_5_0_+disjointig_2_3588_44283 7492 9313 40695 -1 -1 1624 0.0258064
Chain
	Aln	8	+SRR33939694.87237/1 105 1168 1176 +edge_5_0_+disjointig_2_3588_44283 10605 11671 40695 -1 -1 990 0.0236752
Chain
	Aln	9	-SRR33939694.87237/1 7 1070 1176 -edge_5_0_+disjointig_2_3588_44283 29023 30089 40695 -1 -1 990 0.0236752
Chain
	Aln	8	+SRR33939694.87223/1 129 1869 1871 +edge_5_0_+disjointig_2_3588_44283 6385 8120 40695 -1 -1 1423 0.0326928
Chain
	Aln	9	-SRR33939694.87223/1 1 1741 1871 -edge_5_0_+disjointig_2_3588_44283 32574 34309 40695 -1 -1 1423 0.0326928
Chain
	Aln	8	+SRR33939694.87260/1 123 1771 1774 +edge_5_0_+disjointig_2_3588_44283 28171 29842 40695 -1 -1 1192 0.0451295
Chain
	Aln	9	-SRR33939694.87260/1 2 1650 1774 -edge_5_0_+disjointig_2_3588_44283 10852 12523 40695 -1 -1 1192 0.0451295
Chain
	Aln	9	+SRR33939694.87222/1 111 2238 2241 -edge_5_0_+disjointig_2_3588_44283 23685 25799 40695 -1 -1 1700 0.0386161
Chain
	Aln	8	-SRR33939694.87222/1 2 2129 2241 +edge_5_0_+disjointig_2_3588_44283 14895 17009 40695 -1 -1 1700 0.0386161
Chain
	Aln	8	+SRR33939694.87284/1 116 1301 1303 +edge_5_0_+disjointig_2_3588_44283 135 1329 40695 -1 -1 948 0.0384842
Chain
	Aln	9	-SRR33939694.87284/1 1 1186 1303 -edge_5_0_+disjointig_2_3588_44283 39365 40559 40695 -1 -1 948 0.0384842
Chain
	Aln	8	+SRR33939694.87309/1 136 1402 1404 +edge_5_0_+disjointig_2_3588_44283 22766 24044 40695 -1 -1 1129 0.0219502
Chain
	Aln	9	-SRR33939694.87309/1 1 1267 1404 -edge_5_0_+disjointig_2_3588_44283 16650 17928 40695 -1 -1 1129 0.0219502
Chain
	Aln	9	+SRR33939694.87328/1 116 1327 1342 -edge_5_0_+disjointig_2_3588_44283 21469 22667 40695 -1 -1 990 0.0366268
Chain
	Aln	8	-SRR33939694.87328/1 14 1225 1342 +edge_5_0_+disjointig_2_3588_44283 18027 19225 40695 -1 -1 990 0.0366268
Chain
	Aln	8	+SRR33939694.87301/1 108 2614 2617 +edge_5_0_+disjointig_2_3588_44283 13246 15774 40695 -1 -1 2182 0.0303254
Chain
	Aln	9	-SRR33939694.87301/1 2 2508 2617 -edge_5_0_+disjointig_2_3588_44283 24920 27448 40695 -1 -1 2182 0.0303254
Chain
	Aln	8	+SRR33939694.87332/1 102 1942 1959 +edge_5_0_+disjointig_2_3588_44283 32599 34500 40695 -1 -1 1239 0.0654631
Chain
	Aln	9	-SRR33939694.87332/1 16 1856 1959 -edge_5_0_+disjointig_2_3588_44283 6194 8095 40695 -1 -1 1239 0.0654631
Chain
	Aln	7	+SRR33939694.87285/1 1168 3457 3486 -edge_4_0_+disjointig_1_22059_47419 20769 23126 25360 -1 -1 1714 0.0458966
Chain
	Aln	6	-SRR33939694.87285/1 28 2317 3486 +edge_4_0_+disjointig_1_22059_47419 2233 4590 25360 -1 -1 1714 0.0458966
Chain
	Aln	9	+SRR33939694.87419/1 120 1143 1147 -edge_5_0_+disjointig_2_3588_44283 20024 21065 40695 -1 -1 863 0.0360909
Chain
	Aln	8	-SRR33939694.87419/1 3 1026 1147 +edge_5_0_+disjointig_2_3588_44283 19629 20670 40695 -1 -1 863 0.0360909
Chain
	Aln	8	+SRR33939694.87371/1 118 1669 1674 +edge_5_0_+disjointig_2_3588_44283 39126 40688 40695 -1 -1 1384 0.0262267
Chain
	Aln	9	-SRR33939694.87371/1 4 1555 1674 -edge_5_0_+disjointig_2_3588_44283 6 1568 40695 -1 -1 1384 0.0262267
Chain
	Aln	8	+SRR33939694.87490/1 118 1496 1498 +edge_5_0_+disjointig_2_3588_44283 7121 8505 40695 -1 -1 1286 0.0179437
Chain
	Aln	9	-SRR33939694.87490/1 1 1379 1498 -edge_5_0_+disjointig_2_3588_44283 32189 33573 40695 -1 -1 1286 0.0179437
Chain
	Aln	9	+SRR33939694.87487/1 113 1600 1602 -edge_5_0_+disjointig_2_3588_44283 28527 30028 40695 -1 -1 1213 0.0314781
Chain
	Aln	8	-SRR33939694.87487/1 1 1488 1602 +edge_5_0_+disjointig_2_3588_44283 10666 12167 40695 -1 -1 1213 0.0314781
Chain
	Aln	8	+SRR33939694.87574/1 117 1318 1351 +edge_5_0_+disjointig_2_3588_44283 34946 36188 40695 -1 -1 1121 0.0190115
Chain
	Aln	9	-SRR33939694.87574/1 32 1233 1351 -edge_5_0_+disjointig_2_3588_44283 4506 5748 40695 -1 -1 1121 0.0190115
Chain
	Aln	8	+SRR33939694.87581/1 110 1401 1403 +edge_5_0_+disjointig_2_3588_44283 17896 19212 40695 -1 -1 1149 0.0256472
Chain
	Aln	9	-SRR33939694.87581/1 1 1292 1403 -edge_5_0_+disjointig_2_3588_44283 21482 22798 40695 -1 -1 1149 0.0256472
Chain
	Aln	9	+SRR33939694.87627/1 111 1363 1383 -edge_5_0_+disjointig_2_3588_44283 7334 8589 40695 -1 -1 1121 0.0256908
Chain
	Aln	8	-SRR33939694.87627/1 19 1271 1383 +edge_5_0_+disjointig_2_3588_44283 32105 33360 40695 -1 -1 1121 0.0256908
Chain
	Aln	8	+SRR33939694.87600/1 105 1378 1380 +edge_5_0_+disjointig_2_3588_44283 31350 32624 40695 -1 -1 1254 0.00657507
Chain
	Aln	9	-SRR33939694.87600/1 1 1274 1380 -edge_5_0_+disjointig_2_3588_44283 8070 9344 40695 -1 -1 1254 0.00657507
Chain
	Aln	8	+SRR33939694.87658/1 125 1131 1147 +edge_5_0_+disjointig_2_3588_44283 37437 38445 40695 -1 -1 937 0.0185942
Chain
	Aln	9	-SRR33939694.87658/1 15 1021 1147 -edge_5_0_+disjointig_2_3588_44283 2249 3257 40695 -1 -1 937 0.0185942
Chain
	Aln	9	+SRR33939694.87656/1 113 1650 1653 -edge_5_0_+disjointig_2_3588_44283 3642 5204 40695 -1 -1 1323 0.0278384
Chain
	Aln	8	-SRR33939694.87656/1 2 1539 1653 +edge_5_0_+disjointig_2_3588_44283 35490 37052 40695 -1 -1 1323 0.0278384
Chain
	Aln	9	+SRR33939694.87715/1 87 1198 1210 -edge_5_0_+disjointig_2_3588_44283 2141 3255 40695 -1 -1 1007 0.0212028
Chain
	Aln	8	-SRR33939694.87715/1 11 1122 1210 +edge_5_0_+disjointig_2_3588_44283 37439 38553 40695 -1 -1 1007 0.0212028
Chain
	Aln	8	+SRR33939694.87757/1 130 1247 1249 +edge_5_0_+disjointig_2_3588_44283 10622 11716 40695 -1 -1 1032 0.0236802
Chain
	Aln	9	-SRR33939694.87757/1 1 1118 1249 -edge_5_0_+disjointig_2_3588_44283 28978 30072 40695 -1 -1 1032 0.0236802
Chain
	Aln	9	+SRR33939694.87748/1 128 1200 1204 -edge_5_0_+disjointig_2_3588_44283 32927 34001 40695 -1 -1 939 0.0281321
Chain
	Aln	8	-SRR33939694.87748/1 3 1075 1204 +edge_5_0_+disjointig_2_3588_44283 6693 7767 40695 -1 -1 939 0.0281321
Chain
	Aln	9	+SRR33939694.87834/1 120 1368 1372 -edge_5_0_+disjointig_2_3588_44283 15841 17101 40695 -1 -1 1151 0.0166706
Chain
	Aln	8	-SRR33939694.87834/1 3 1251 1372 +edge_5_0_+disjointig_2_3588_44283 23593 24853 40695 -1 -1 1151 0.0166706
Chain
	Aln	9	+SRR33939694.87965/1 113 1214 1221 -edge_5_0_+disjointig_2_3588_44283 26691 27797 40695 -1 -1 1070 0.0107658
Chain
	Aln	8	-SRR33939694.87965/1 6 1107 1221 +edge_5_0_+disjointig_2_3588_44283 12897 14003 40695 -1 -1 1070 0.0107658
Chain
	Aln	8	+SRR33939694.87943/1 129 2179 2184 +edge_5_0_+disjointig_2_3588_44283 13491 15559 40695 -1 -1 1759 0.0312191
Chain
	Aln	9	-SRR33939694.87943/1 4 2054 2184 -edge_5_0_+disjointig_2_3588_44283 25135 27203 40695 -1 -1 1759 0.0312191
Chain
	Aln	9	+SRR33939694.87907/1 110 2055 2078 -edge_5_0_+disjointig_2_3588_44283 28528 30473 40695 -1 -1 1734 0.0212838
Chain
	Aln	8	-SRR33939694.87907/1 22 1967 2078 +edge_5_0_+disjointig_2_3588_44283 10221 12166 40695 -1 -1 1734 0.0212838
Chain
	Aln	9	+SRR33939694.88090/1 113 1117 1126 -edge_5_0_+disjointig_2_3588_44283 33986 34998 40695 -1 -1 927 0.0204522
Chain
	Aln	8	-SRR33939694.88090/1 8 1012 1126 +edge_5_0_+disjointig_2_3588_44283 5696 6708 40695 -1 -1 927 0.0204522
Chain
	Aln	9	+SRR33939694.88075/1 127 1451 1467 -edge_5_0_+disjointig_2_3588_44283 7401 8728 40695 -1 -1 1209 0.0288272
Chain
	Aln	8	-SRR33939694.88075/1 15 1339 1467 +edge_5_0_+disjointig_2_3588_44283 31966 33293 40695 -1 -1 1209 0.0288272
Chain
	Aln	8	+SRR33939694.88152/1 112 1176 1181 +edge_5_0_+disjointig_2_3588_44283 13758 14837 40695 -1 -1 988 0.0158659
Chain
	Aln	9	-SRR33939694.88152/1 4 1068 1181 -edge_5_0_+disjointig_2_3588_44283 25857 26936 40695 -1 -1 988 0.0158659
Chain
	Aln	9	+SRR33939694.88134/1 121 1317 1321 -edge_5_0_+disjointig_2_3588_44283 1394 2621 40695 -1 -1 1085 0.022646
Chain
	Aln	8	-SRR33939694.88134/1 3 1199 1321 +edge_5_0_+disjointig_2_3588_44283 38073 39300 40695 -1 -1 1085 0.022646
Chain
	Aln	9	+SRR33939694.88197/1 110 1182 1191 -edge_5_0_+disjointig_2_3588_44283 17747 18828 40695 -1 -1 978 0.0305847
Chain
	Aln	8	-SRR33939694.88197/1 8 1080 1191 +edge_5_0_+disjointig_2_3588_44283 21866 22947 40695 -1 -1 978 0.0305847
Chain
	Aln	9	+SRR33939694.88162/1 102 1539 1545 -edge_5_0_+disjointig_2_3588_44283 15225 16697 40695 -1 -1 1244 0.033496
Chain
	Aln	8	-SRR33939694.88162/1 5 1442 1545 +edge_5_0_+disjointig_2_3588_44283 23997 25469 40695 -1 -1 1244 0.033496
Chain
	Aln	9	+SRR33939694.88210/1 108 1371 1373 -edge_5_0_+disjointig_2_3588_44283 21423 22680 40695 -1 -1 1172 0.0183825
Chain
	Aln	8	-SRR33939694.88210/1 1 1264 1373 +edge_5_0_+disjointig_2_3588_44283 18014 19271 40695 -1 -1 1172 0.0183825
Chain
	Aln	8	+SRR33939694.88221/1 117 1874 1876 +edge_5_0_+disjointig_2_3588_44283 1 1783 40695 -1 -1 1490 0.0318386
Chain
	Aln	9	-SRR33939694.88221/1 1 1758 1876 -edge_5_0_+disjointig_2_3588_44283 38911 40693 40695 -1 -1 1490 0.0318386
Chain
	Aln	9	+SRR33939694.88233/1 115 1606 1611 -edge_5_0_+disjointig_2_3588_44283 8198 9694 40695 -1 -1 1362 0.0221758
Chain
	Aln	8	-SRR33939694.88233/1 4 1495 1611 +edge_5_0_+disjointig_2_3588_44283 31000 32496 40695 -1 -1 1362 0.0221758
Chain
	Aln	9	+SRR33939694.88311/1 112 1395 1397 -edge_5_0_+disjointig_2_3588_44283 2469 3772 40695 -1 -1 1104 0.0308014
Chain
	Aln	8	-SRR33939694.88311/1 1 1284 1397 +edge_5_0_+disjointig_2_3588_44283 36922 38225 40695 -1 -1 1104 0.0308014
Chain
	Aln	9	+SRR33939694.88426/1 107 1147 1152 -edge_5_0_+disjointig_2_3588_44283 17178 18235 40695 -1 -1 856 0.037936
Chain
	Aln	8	-SRR33939694.88426/1 4 1044 1152 +edge_5_0_+disjointig_2_3588_44283 22459 23516 40695 -1 -1 856 0.037936
Chain
	Aln	9	+SRR33939694.88420/1 121 1723 1725 -edge_5_0_+disjointig_2_3588_44283 28073 29688 40695 -1 -1 1490 0.0231695
Chain
	Aln	8	-SRR33939694.88420/1 1 1603 1725 +edge_5_0_+disjointig_2_3588_44283 11006 12621 40695 -1 -1 1490 0.0231695
Chain
	Aln	8	+SRR33939694.88507/1 128 1180 1182 +edge_5_0_+disjointig_2_3588_44283 5556 6616 40695 -1 -1 1013 0.0209154
Chain
	Aln	9	-SRR33939694.88507/1 1 1053 1182 -edge_5_0_+disjointig_2_3588_44283 34078 35138 40695 -1 -1 1013 0.0209154
Chain
	Aln	8	+SRR33939694.88438/1 112 1362 1374 +edge_5_0_+disjointig_2_3588_44283 20961 22233 40695 -1 -1 1141 0.0180404
Chain
	Aln	9	-SRR33939694.88438/1 11 1261 1374 -edge_5_0_+disjointig_2_3588_44283 18461 19733 40695 -1 -1 1141 0.0180404
Chain
	Aln	9	+SRR33939694.88512/1 122 1220 1224 -edge_5_0_+disjointig_2_3588_44283 37083 38193 40695 -1 -1 975 0.0296309
Chain
	Aln	8	-SRR33939694.88512/1 3 1101 1224 +edge_5_0_+disjointig_2_3588_44283 2501 3611 40695 -1 -1 975 0.0296309
Chain
	Aln	8	+SRR33939694.88517/1 109 1245 1248 +edge_5_0_+disjointig_2_3588_44283 17145 18283 40695 -1 -1 1076 0.0190691
Chain
	Aln	9	-SRR33939694.88517/1 2 1138 1248 -edge_5_0_+disjointig_2_3588_44283 22411 23549 40695 -1 -1 1076 0.0190691
Chain
	Aln	9	+SRR33939694.88553/1 124 1915 1917 -edge_5_0_+disjointig_2_3588_44283 389 2195 40695 -1 -1 1250 0.054522
Chain
	Aln	8	-SRR33939694.88553/1 1 1792 1917 +edge_5_0_+disjointig_2_3588_44283 38499 40305 40695 -1 -1 1250 0.054522
Chain
	Aln	8	+SRR33939694.88681/1 112 1113 1115 +edge_5_0_+disjointig_2_3588_44283 36354 37357 40695 -1 -1 854 0.0259052
Chain
	Aln	9	-SRR33939694.88681/1 1 1002 1115 -edge_5_0_+disjointig_2_3588_44283 3337 4340 40695 -1 -1 854 0.0259052
Chain
	Aln	8	+SRR33939694.88693/1 118 1128 1130 +edge_5_0_+disjointig_2_3588_44283 27313 28347 40695 -1 -1 922 0.0267907
Chain
	Aln	9	-SRR33939694.88693/1 1 1011 1130 -edge_5_0_+disjointig_2_3588_44283 12347 13381 40695 -1 -1 922 0.0267907
Chain
	Aln	9	+SRR33939694.88301/1 115 5258 5264 -edge_5_0_+disjointig_2_3588_44283 28999 34188 40695 -1 -1 4078 0.0290534
Chain
	Aln	8	-SRR33939694.88301/1 5 5148 5264 +edge_5_0_+disjointig_2_3588_44283 6506 11695 40695 -1 -1 4078 0.0290534
Chain
	Aln	8	+SRR33939694.88663/1 113 1546 1549 +edge_5_0_+disjointig_2_3588_44283 17009 18457 40695 -1 -1 1347 0.0192899
Chain
	Aln	9	-SRR33939694.88663/1 2 1435 1549 -edge_5_0_+disjointig_2_3588_44283 22237 23685 40695 -1 -1 1347 0.0192899
Chain
	Aln	9	+SRR33939694.88799/1 110 1169 1172 -edge_5_0_+disjointig_2_3588_44283 35911 36967 40695 -1 -1 955 0.0253902
Chain
	Aln	8	-SRR33939694.88799/1 2 1061 1172 +edge_5_0_+disjointig_2_3588_44283 3727 4783 40695 -1 -1 955 0.0253902
Chain
	Aln	9	+SRR33939694.88816/1 113 1187 1191 -edge_5_0_+disjointig_2_3588_44283 31088 32164 40695 -1 -1 1024 0.0162767
Chain
	Aln	8	-SRR33939694.88816/1 3 1077 1191 +edge_5_0_+disjointig_2_3588_44283 8530 9606 40695 -1 -1 1024 0.0162767
Chain
	Aln	8	+SRR33939694.88817/1 132 1232 1252 +edge_5_0_+disjointig_2_3588_44283 24506 25612 40695 -1 -1 1003 0.0198761
Chain
	Aln	9	-SRR33939694.88817/1 19 1119 1252 -edge_5_0_+disjointig_2_3588_44283 15082 16188 40695 -1 -1 1003 0.0198761
Chain
	Aln	8	+SRR33939694.88856/1 119 1302 1307 +edge_5_0_+disjointig_2_3588_44283 8834 10043 40695 -1 -1 975 0.0290499
Chain
	Aln	9	-SRR33939694.88856/1 4 1187 1307 -edge_5_0_+disjointig_2_3588_44283 30651 31860 40695 -1 -1 975 0.0290499
Chain
	Aln	8	+SRR33939694.88885/1 108 1191 1207 +edge_5_0_+disjointig_2_3588_44283 36985 38072 40695 -1 -1 906 0.0289283
Chain
	Aln	9	-SRR33939694.88885/1 15 1098 1207 -edge_5_0_+disjointig_2_3588_44283 2622 3709 40695 -1 -1 906 0.0289283
Chain
	Aln	9	+SRR33939694.88917/1 114 1265 1268 -edge_5_0_+disjointig_2_3588_44283 1644 2786 40695 -1 -1 1116 0.0104247
Chain
	Aln	8	-SRR33939694.88917/1 2 1153 1268 +edge_5_0_+disjointig_2_3588_44283 37908 39050 40695 -1 -1 1116 0.0104247
Chain
	Aln	9	+SRR33939694.88926/1 120 1305 1314 -edge_5_0_+disjointig_2_3588_44283 28693 29884 40695 -1 -1 870 0.0451699
Chain
	Aln	8	-SRR33939694.88926/1 8 1193 1314 +edge_5_0_+disjointig_2_3588_44283 10810 12001 40695 -1 -1 870 0.0451699
Chain
	Aln	8	+SRR33939694.88949/1 117 1297 1327 +edge_5_0_+disjointig_2_3588_44283 29865 31066 40695 -1 -1 846 0.036594
Chain
	Aln	9	-SRR33939694.88949/1 29 1209 1327 -edge_5_0_+disjointig_2_3588_44283 9628 10829 40695 -1 -1 846 0.036594
Chain
	Aln	8	+SRR33939694.89005/1 112 1428 1430 +edge_5_0_+disjointig_2_3588_44283 15210 16533 40695 -1 -1 1066 0.030564
Chain
	Aln	9	-SRR33939694.89005/1 1 1317 1430 -edge_5_0_+disjointig_2_3588_44283 24161 25484 40695 -1 -1 1066 0.030564
Chain
	Aln	9	+SRR33939694.89023/1 130 1271 1273 -edge_5_0_+disjointig_2_3588_44283 29885 31027 40695 -1 -1 1120 0.00971911
Chain
	Aln	8	-SRR33939694.89023/1 1 1142 1273 +edge_5_0_+disjointig_2_3588_44283 9667 10809 40695 -1 -1 1120 0.00971911
Chain
	Aln	9	+SRR33939694.88928/1 120 1845 1847 -edge_5_0_+disjointig_2_3588_44283 2442 4164 40695 -1 -1 1654 0.0148787
Chain
	Aln	8	-SRR33939694.88928/1 1 1726 1847 +edge_5_0_+disjointig_2_3588_44283 36530 38252 40695 -1 -1 1654 0.0148787
Chain
	Aln	8	+SRR33939694.89028/1 125 1415 1424 +edge_5_0_+disjointig_2_3588_44283 23397 24697 40695 -1 -1 1131 0.0321335
Chain
	Aln	9	-SRR33939694.89028/1 8 1298 1424 -edge_5_0_+disjointig_2_3588_44283 15997 17297 40695 -1 -1 1131 0.0321335
Chain
	Aln	9	+SRR33939694.89142/1 109 1270 1285 -edge_5_0_+disjointig_2_3588_44283 36209 37382 40695 -1 -1 1124 0.0135263
Chain
	Aln	8	-SRR33939694.89142/1 14 1175 1285 +edge_5_0_+disjointig_2_3588_44283 3312 4485 40695 -1 -1 1124 0.0135263
Chain
	Aln	9	+SRR33939694.89055/1 114 1806 1819 -edge_5_0_+disjointig_2_3588_44283 32475 34173 40695 -1 -1 1503 0.0222974
Chain
	Aln	8	-SRR33939694.89055/1 12 1704 1819 +edge_5_0_+disjointig_2_3588_44283 6521 8219 40695 -1 -1 1503 0.0222974
Chain
	Aln	9	+SRR33939694.89145/1 105 1555 1570 -edge_5_0_+disjointig_2_3588_44283 18121 19592 40695 -1 -1 1201 0.0350324
Chain
	Aln	8	-SRR33939694.89145/1 14 1464 1570 +edge_5_0_+disjointig_2_3588_44283 21102 22573 40695 -1 -1 1201 0.0350324
Chain
	Aln	9	+SRR33939694.89155/1 113 1271 1301 -edge_5_0_+disjointig_2_3588_44283 14957 16113 40695 -1 -1 951 0.0331842
Chain
	Aln	8	-SRR33939694.89155/1 29 1187 1301 +edge_5_0_+disjointig_2_3588_44283 24581 25737 40695 -1 -1 951 0.0331842
Chain
	Aln	8	+SRR33939694.89159/1 117 1123 1125 +edge_5_0_+disjointig_2_3588_44283 24061 25056 40695 -1 -1 975 0.014676
Chain
	Aln	9	-SRR33939694.89159/1 1 1007 1125 -edge_5_0_+disjointig_2_3588_44283 15638 16633 40695 -1 -1 975 0.014676
Chain
	Aln	8	+SRR33939694.89334/1 115 1320 1323 +edge_5_0_+disjointig_2_3588_44283 7554 8773 40695 -1 -1 1106 0.0211433
Chain
	Aln	9	-SRR33939694.89334/1 2 1207 1323 -edge_5_0_+disjointig_2_3588_44283 31921 33140 40695 -1 -1 1106 0.0211433
Chain
	Aln	9	+SRR33939694.89336/1 111 1386 1435 -edge_5_0_+disjointig_2_3588_44283 39410 40694 40695 -1 -1 1050 0.0374118
Chain
	Aln	8	-SRR33939694.89336/1 48 1323 1435 +edge_5_0_+disjointig_2_3588_44283 0 1284 40695 -1 -1 1050 0.0374118
Chain
	Aln	9	+SRR33939694.89444/1 166 1247 1249 -edge_5_0_+disjointig_2_3588_44283 28541 29632 40695 -1 -1 998 0.0186267
Chain
	Aln	8	-SRR33939694.89444/1 1 1082 1249 +edge_5_0_+disjointig_2_3588_44283 11062 12153 40695 -1 -1 998 0.0186267
Chain
	Aln	8	+SRR33939694.89509/1 142 1316 1325 +edge_5_0_+disjointig_2_3588_44283 13356 14536 40695 -1 -1 919 0.0340237
Chain
	Aln	9	-SRR33939694.89509/1 8 1182 1325 -edge_5_0_+disjointig_2_3588_44283 26158 27338 40695 -1 -1 919 0.0340237
Chain
	Aln	9	+SRR33939694.89630/1 112 1312 1316 -edge_5_0_+disjointig_2_3588_44283 36934 38154 40695 -1 -1 980 0.0370624
Chain
	Aln	8	-SRR33939694.89630/1 3 1203 1316 +edge_5_0_+disjointig_2_3588_44283 2540 3760 40695 -1 -1 980 0.0370624
Chain
	Aln	8	+SRR33939694.89672/1 114 1191 1194 +edge_5_0_+disjointig_2_3588_44283 35479 36553 40695 -1 -1 708 0.0623084
Chain
	Aln	9	-SRR33939694.89672/1 2 1079 1194 -edge_5_0_+disjointig_2_3588_44283 4141 5215 40695 -1 -1 708 0.0623084
Chain
	Aln	4	+SRR33939694.89616/1 116 1987 2018 +edge_3_0_-disjointig_2_41855_44283 553 2414 2428 -1 -1 1800 0.0120785
Chain
	Aln	5	-SRR33939694.89616/1 30 1901 2018 -edge_3_0_-disjointig_2_41855_44283 13 1874 2428 -1 -1 1800 0.0120785
Chain
	Aln	8	+SRR33939694.89661/1 116 1153 1155 +edge_5_0_+disjointig_2_3588_44283 25218 26258 40695 -1 -1 996 0.014275
Chain
	Aln	9	-SRR33939694.89661/1 1 1038 1155 -edge_5_0_+disjointig_2_3588_44283 14436 15476 40695 -1 -1 996 0.014275
Chain
	Aln	8	+SRR33939694.89564/1 107 2503 2505 +edge_5_0_+disjointig_2_3588_44283 34704 37144 40695 -1 -1 2000 0.0282022
Chain
	Aln	9	-SRR33939694.89564/1 1 2397 2505 -edge_5_0_+disjointig_2_3588_44283 3550 5990 40695 -1 -1 2000 0.0282022
Chain
	Aln	9	+SRR33939694.89683/1 113 1316 1325 -edge_5_0_+disjointig_2_3588_44283 2778 3996 40695 -1 -1 1136 0.0181921
Chain
	Aln	8	-SRR33939694.89683/1 8 1211 1325 +edge_5_0_+disjointig_2_3588_44283 36698 37916 40695 -1 -1 1136 0.0181921
Chain
	Aln	8	+SRR33939694.89498/1 114 3431 3433 +edge_5_0_+disjointig_2_3588_44283 11248 14584 40695 -1 -1 3110 0.019012
Chain
	Aln	9	-SRR33939694.89498/1 1 3318 3433 -edge_5_0_+disjointig_2_3588_44283 26110 29446 40695 -1 -1 3110 0.019012
Chain
	Aln	9	+SRR33939694.89710/1 115 1158 1175 -edge_5_0_+disjointig_2_3588_44283 6639 7688 40695 -1 -1 988 0.0175149
Chain
	Aln	8	-SRR33939694.89710/1 16 1059 1175 +edge_5_0_+disjointig_2_3588_44283 33006 34055 40695 -1 -1 988 0.0175149
Chain
	Aln	9	+SRR33939694.89897/1 122 1895 1907 -edge_5_0_+disjointig_2_3588_44283 28998 30773 40695 -1 -1 1653 0.0170451
Chain
	Aln	8	-SRR33939694.89897/1 11 1784 1907 +edge_5_0_+disjointig_2_3588_44283 9921 11696 40695 -1 -1 1653 0.0170451
Chain
	Aln	8	+SRR33939694.89972/1 125 1413 1416 +edge_5_0_+disjointig_2_3588_44283 23075 24368 40695 -1 -1 1153 0.0316597
Chain
	Aln	9	-SRR33939694.89972/1 2 1290 1416 -edge_5_0_+disjointig_2_3588_44283 16326 17619 40695 -1 -1 1153 0.0316597
Chain
	Aln	8	+SRR33939694.89965/1 112 2041 2044 +edge_5_0_+disjointig_2_3588_44283 19645 21577 40695 -1 -1 1877 0.00798101
Chain
	Aln	9	-SRR33939694.89965/1 2 1931 2044 -edge_5_0_+disjointig_2_3588_44283 19117 21049 40695 -1 -1 1877 0.00798101
Chain
	Aln	8	+SRR33939694.89909/1 113 2531 2534 +edge_5_0_+disjointig_2_3588_44283 25925 28346 40695 -1 -1 2357 0.00963327
Chain
	Aln	9	-SRR33939694.89909/1 2 2420 2534 -edge_5_0_+disjointig_2_3588_44283 12348 14769 40695 -1 -1 2357 0.00963327
Chain
	Aln	0	+SRR33939694.89816/1 453 2900 2903 +edge_1_0_+disjointig_1_0_20896 1428 3872 20896 -1 -1 2205 0.0189865
Chain
	Aln	1	-SRR33939694.89816/1 2 2449 2903 -edge_1_0_+disjointig_1_0_20896 17023 19467 20896 -1 -1 2205 0.0189865
Chain
	Aln	8	+SRR33939694.90000/1 119 1142 1144 +edge_5_0_+disjointig_2_3588_44283 2585 3610 40695 -1 -1 964 0.0233851
Chain
	Aln	9	-SRR33939694.90000/1 1 1024 1144 -edge_5_0_+disjointig_2_3588_44283 37084 38109 40695 -1 -1 964 0.0233851
Chain
	Aln	8	+SRR33939694.89980/1 111 2127 2131 +edge_5_0_+disjointig_2_3588_44283 4316 6360 40695 -1 -1 1816 0.0267815
Chain
	Aln	9	-SRR33939694.89980/1 3 2019 2131 -edge_5_0_+disjointig_2_3588_44283 34334 36378 40695 -1 -1 1816 0.0267815
Chain
	Aln	9	+SRR33939694.90033/1 140 1749 1751 -edge_5_0_+disjointig_2_3588_44283 27659 29265 40695 -1 -1 1299 0.0344371
Chain
	Aln	8	-SRR33939694.90033/1 1 1610 1751 +edge_5_0_+disjointig_2_3588_44283 11429 13035 40695 -1 -1 1299 0.0344371
Chain
	Aln	9	+SRR33939694.90125/1 117 1584 1586 -edge_5_0_+disjointig_2_3588_44283 33599 35065 40695 -1 -1 1335 0.0242686
Chain
	Aln	8	-SRR33939694.90125/1 1 1468 1586 +edge_5_0_+disjointig_2_3588_44283 5629 7095 40695 -1 -1 1335 0.0242686
Chain
	Aln	9	+SRR33939694.90167/1 130 1174 1196 -edge_5_0_+disjointig_2_3588_44283 29244 30291 40695 -1 -1 962 0.0224523
Chain
	Aln	8	-SRR33939694.90167/1 21 1065 1196 +edge_5_0_+disjointig_2_3588_44283 10403 11450 40695 -1 -1 962 0.0224523
Chain
	Aln	9	+SRR33939694.90223/1 114 1233 1235 -edge_5_0_+disjointig_2_3588_44283 24094 25220 40695 -1 -1 1044 0.0174521
Chain
	Aln	8	-SRR33939694.90223/1 1 1120 1235 +edge_5_0_+disjointig_2_3588_44283 15474 16600 40695 -1 -1 1044 0.0174521
Chain
	Aln	8	+SRR33939694.90286/1 125 1285 1288 +edge_5_0_+disjointig_2_3588_44283 21429 22584 40695 -1 -1 1073 0.0124929
Chain
	Aln	9	-SRR33939694.90286/1 2 1162 1288 -edge_5_0_+disjointig_2_3588_44283 18110 19265 40695 -1 -1 1073 0.0124929
Chain
	Aln	1	+SRR33939694.90328/1 312 1501 1517 -edge_1_0_+disjointig_1_0_20896 11271 12439 20896 -1 -1 1016 0.0261064
Chain
	Aln	0	-SRR33939694.90328/1 15 1204 1517 +edge_1_0_+disjointig_1_0_20896 8456 9624 20896 -1 -1 1016 0.0261064
Chain
	Aln	8	+SRR33939694.90426/1 116 1151 1153 +edge_5_0_+disjointig_2_3588_44283 21718 22755 40695 -1 -1 1014 0.0149776
Chain
	Aln	9	-SRR33939694.90426/1 1 1036 1153 -edge_5_0_+disjointig_2_3588_44283 17939 18976 40695 -1 -1 1014 0.0149776
Chain
	Aln	9	+SRR33939694.90245/1 115 1947 1949 -edge_5_0_+disjointig_2_3588_44283 15240 17084 40695 -1 -1 1741 0.0150147
Chain
	Aln	8	-SRR33939694.90245/1 1 1833 1949 +edge_5_0_+disjointig_2_3588_44283 23610 25454 40695 -1 -1 1741 0.0150147
Chain
	Aln	8	+SRR33939694.90444/1 107 1604 1606 +edge_5_0_+disjointig_2_3588_44283 21500 23019 40695 -1 -1 1179 0.0399002
Chain
	Aln	9	-SRR33939694.90444/1 1 1498 1606 -edge_5_0_+disjointig_2_3588_44283 17675 19194 40695 -1 -1 1179 0.0399002
Chain
	Aln	8	+SRR33939694.90464/1 108 1109 1111 +edge_5_0_+disjointig_2_3588_44283 35653 36654 40695 -1 -1 943 0.0221626
Chain
	Aln	9	-SRR33939694.90464/1 1 1002 1111 -edge_5_0_+disjointig_2_3588_44283 4040 5041 40695 -1 -1 943 0.0221626
Chain
	Aln	9	+SRR33939694.90615/1 161 1207 1209 -edge_5_0_+disjointig_2_3588_44283 22630 23683 40695 -1 -1 970 0.0258317
Chain
	Aln	8	-SRR33939694.90615/1 1 1047 1209 +edge_5_0_+disjointig_2_3588_44283 17011 18064 40695 -1 -1 970 0.0258317
Chain
	Aln	8	+SRR33939694.90656/1 118 1137 1148 +edge_5_0_+disjointig_2_3588_44283 10110 11129 40695 -1 -1 823 0.0474922
Chain
	Aln	9	-SRR33939694.90656/1 10 1029 1148 -edge_5_0_+disjointig_2_3588_44283 29565 30584 40695 -1 -1 823 0.0474922
Chain
	Aln	8	+SRR33939694.90446/1 105 2269 2279 +edge_5_0_+disjointig_2_3588_44283 26380 28544 40695 -1 -1 2053 0.0154248
Chain
	Aln	9	-SRR33939694.90446/1 9 2173 2279 -edge_5_0_+disjointig_2_3588_44283 12150 14314 40695 -1 -1 2053 0.0154248
Chain
	Aln	9	+SRR33939694.90570/1 109 1925 1927 -edge_5_0_+disjointig_2_3588_44283 19696 21534 40695 -1 -1 1631 0.0292305
Chain
	Aln	8	-SRR33939694.90570/1 1 1817 1927 +edge_5_0_+disjointig_2_3588_44283 19160 20998 40695 -1 -1 1631 0.0292305
Chain
	Aln	9	+SRR33939694.90525/1 139 2749 2751 -edge_5_0_+disjointig_2_3588_44283 2394 5012 40695 -1 -1 2260 0.0287161
Chain
	Aln	8	-SRR33939694.90525/1 1 2611 2751 +edge_5_0_+disjointig_2_3588_44283 35682 38300 40695 -1 -1 2260 0.0287161
Chain
	Aln	8	+SRR33939694.90759/1 117 1164 1166 +edge_5_0_+disjointig_2_3588_44283 32098 33157 40695 -1 -1 988 0.0192182
Chain
	Aln	9	-SRR33939694.90759/1 1 1048 1166 -edge_5_0_+disjointig_2_3588_44283 7537 8596 40695 -1 -1 988 0.0192182
Chain
	Aln	8	+SRR33939694.90718/1 123 1527 1529 +edge_5_0_+disjointig_2_3588_44283 21831 23245 40695 -1 -1 1373 0.0105762
Chain
	Aln	9	-SRR33939694.90718/1 1 1405 1529 -edge_5_0_+disjointig_2_3588_44283 17449 18863 40695 -1 -1 1373 0.0105762
Chain
	Aln	9	+SRR33939694.90799/1 101 1225 1242 -edge_5_0_+disjointig_2_3588_44283 335 1461 40695 -1 -1 1077 0.0146357
Chain
	Aln	8	-SRR33939694.90799/1 16 1140 1242 +edge_5_0_+disjointig_2_3588_44283 39233 40359 40695 -1 -1 1077 0.0146357
Chain
	Aln	9	+SRR33939694.90958/1 109 1165 1167 -edge_5_0_+disjointig_2_3588_44283 2344 3429 40695 -1 -1 906 0.0285548
Chain
	Aln	8	-SRR33939694.90958/1 1 1057 1167 +edge_5_0_+disjointig_2_3588_44283 37265 38350 40695 -1 -1 906 0.0285548
Chain
	Aln	9	+SRR33939694.91011/1 147 1510 1515 -edge_5_0_+disjointig_2_3588_44283 24527 25920 40695 -1 -1 1032 0.0503698
Chain
	Aln	8	-SRR33939694.91011/1 4 1367 1515 +edge_5_0_+disjointig_2_3588_44283 14774 16167 40695 -1 -1 1032 0.0503698
Chain
	Aln	8	+SRR33939694.90867/1 119 2128 2130 +edge_5_0_+disjointig_2_3588_44283 19006 21037 40695 -1 -1 1887 0.0206965
Chain
	Aln	9	-SRR33939694.90867/1 1 2010 2130 -edge_5_0_+disjointig_2_3588_44283 19657 21688 40695 -1 -1 1887 0.0206965
Chain
	Aln	9	+SRR33939694.90877/1 125 2830 2832 -edge_5_0_+disjointig_2_3588_44283 27799 30553 40695 -1 -1 1915 0.0404521
Chain
	Aln	8	-SRR33939694.90877/1 1 2706 2832 +edge_5_0_+disjointig_2_3588_44283 10141 12895 40695 -1 -1 1915 0.0404521
Chain
	Aln	9	+SRR33939694.91031/1 112 1603 1605 -edge_5_0_+disjointig_2_3588_44283 34914 36418 40695 -1 -1 1416 0.0136601
Chain
	Aln	8	-SRR33939694.91031/1 1 1492 1605 +edge_5_0_+disjointig_2_3588_44283 4276 5780 40695 -1 -1 1416 0.0136601
Chain
	Aln	8	+SRR33939694.91105/1 111 1356 1359 +edge_5_0_+disjointig_2_3588_44283 32150 33400 40695 -1 -1 1204 0.0145499
Chain
	Aln	9	-SRR33939694.91105/1 2 1247 1359 -edge_5_0_+disjointig_2_3588_44283 7294 8544 40695 -1 -1 1204 0.0145499
Chain
	Aln	9	+SRR33939694.91096/1 142 1665 1681 -edge_5_0_+disjointig_2_3588_44283 4990 6502 40695 -1 -1 1240 0.0355703
Chain
	Aln	8	-SRR33939694.91096/1 15 1538 1681 +edge_5_0_+disjointig_2_3588_44283 34192 35704 40695 -1 -1 1240 0.0355703
Chain
	Aln	9	+SRR33939694.91126/1 109 1178 1181 -edge_5_0_+disjointig_2_3588_44283 19447 20522 40695 -1 -1 975 0.0241697
Chain
	Aln	8	-SRR33939694.91126/1 2 1071 1181 +edge_5_0_+disjointig_2_3588_44283 20172 21247 40695 -1 -1 975 0.0241697
Chain
	Aln	9	+SRR33939694.91112/1 118 1648 1662 -edge_5_0_+disjointig_2_3588_44283 10990 12510 40695 -1 -1 1041 0.0523159
Chain
	Aln	8	-SRR33939694.91112/1 13 1543 1662 +edge_5_0_+disjointig_2_3588_44283 28184 29704 40695 -1 -1 1041 0.0523159
Chain
	Aln	9	+SRR33939694.91190/1 126 1661 1676 -edge_5_0_+disjointig_2_3588_44283 1983 3526 40695 -1 -1 1425 0.0187291
Chain
	Aln	8	-SRR33939694.91190/1 14 1549 1676 +edge_5_0_+disjointig_2_3588_44283 37168 38711 40695 -1 -1 1425 0.0187291
Chain
	Aln	8	+SRR33939694.91209/1 132 1536 1539 +edge_5_0_+disjointig_2_3588_44283 24201 25619 40695 -1 -1 1362 0.0106427
Chain
	Aln	9	-SRR33939694.91209/1 2 1406 1539 -edge_5_0_+disjointig_2_3588_44283 15075 16493 40695 -1 -1 1362 0.0106427
Chain
	Aln	9	+SRR33939694.91108/1 110 2630 2639 -edge_5_0_+disjointig_2_3588_44283 28578 31110 40695 -1 -1 2382 0.0149972
Chain
	Aln	8	-SRR33939694.91108/1 8 2528 2639 +edge_5_0_+disjointig_2_3588_44283 9584 12116 40695 -1 -1 2382 0.0149972
Chain
	Aln	8	+SRR33939694.91271/1 129 1396 1398 +edge_5_0_+disjointig_2_3588_44283 33099 34369 40695 -1 -1 1045 0.0333999
Chain
	Aln	9	-SRR33939694.91271/1 1 1268 1398 -edge_5_0_+disjointig_2_3588_44283 6325 7595 40695 -1 -1 1045 0.0333999
Chain
	Aln	8	+SRR33939694.91167/1 109 2281 2283 +edge_5_0_+disjointig_2_3588_44283 22852 25076 40695 -1 -1 1782 0.0371666
Chain
	Aln	9	-SRR33939694.91167/1 1 2173 2283 -edge_5_0_+disjointig_2_3588_44283 15618 17842 40695 -1 -1 1782 0.0371666
Chain
	Aln	8	+SRR33939694.91301/1 106 1496 1544 +edge_5_0_+disjointig_2_3588_44283 1247 2630 40695 -1 -1 1064 0.0384659
Chain
	Aln	9	-SRR33939694.91301/1 47 1437 1544 -edge_5_0_+disjointig_2_3588_44283 38064 39447 40695 -1 -1 1064 0.0384659
Chain
	Aln	4	+SRR33939694.91331/1 115 1222 1247 +edge_3_0_-disjointig_2_41855_44283 1208 2312 2428 -1 -1 954 0.0269791
Chain
	Aln	5	-SRR33939694.91331/1 24 1131 1247 -edge_3_0_-disjointig_2_41855_44283 115 1219 2428 -1 -1 954 0.0269791
Chain
	Aln	8	+SRR33939694.91344/1 117 1252 1265 +edge_5_0_+disjointig_2_3588_44283 31776 32929 40695 -1 -1 1046 0.0233027
Chain
	Aln	9	-SRR33939694.91344/1 12 1147 1265 -edge_5_0_+disjointig_2_3588_44283 7765 8918 40695 -1 -1 1046 0.0233027
Chain
	Aln	8	+SRR33939694.91353/1 110 1226 1232 +edge_5_0_+disjointig_2_3588_44283 36377 37505 40695 -1 -1 954 0.0274984
Chain
	Aln	9	-SRR33939694.91353/1 5 1121 1232 -edge_5_0_+disjointig_2_3588_44283 3189 4317 40695 -1 -1 954 0.0274984
Chain
	Aln	9	+SRR33939694.91374/1 108 1291 1293 -edge_5_0_+disjointig_2_3588_44283 18831 20016 40695 -1 -1 1172 0.00881224
Chain
	Aln	8	-SRR33939694.91374/1 1 1184 1293 +edge_5_0_+disjointig_2_3588_44283 20678 21863 40695 -1 -1 1172 0.00881224
Chain
	Aln	8	+SRR33939694.91375/1 151 1328 1330 +edge_5_0_+disjointig_2_3588_44283 22823 23995 40695 -1 -1 1034 0.0221346
Chain
	Aln	9	-SRR33939694.91375/1 1 1178 1330 -edge_5_0_+disjointig_2_3588_44283 16699 17871 40695 -1 -1 1034 0.0221346
Chain
	Aln	4	+SRR33939694.91396/1 115 1250 1282 +edge_3_0_-disjointig_2_41855_44283 1278 2412 2428 -1 -1 1075 0.0208045
Chain
	Aln	5	-SRR33939694.91396/1 31 1166 1282 -edge_3_0_-disjointig_2_41855_44283 15 1149 2428 -1 -1 1075 0.0208045
Chain
	Aln	9	+SRR33939694.91417/1 110 1367 1369 -edge_5_0_+disjointig_2_3588_44283 5528 6805 40695 -1 -1 918 0.0492711
Chain
	Aln	8	-SRR33939694.91417/1 1 1258 1369 +edge_5_0_+disjointig_2_3588_44283 33889 35166 40695 -1 -1 918 0.0492711
Chain
	Aln	9	+SRR33939694.91479/1 114 1487 1489 -edge_5_0_+disjointig_2_3588_44283 10534 11906 40695 -1 -1 1286 0.0182881
Chain
	Aln	8	-SRR33939694.91479/1 1 1374 1489 +edge_5_0_+disjointig_2_3588_44283 28788 30160 40695 -1 -1 1286 0.0182881
Chain
	Aln	9	+SRR33939694.91421/1 121 2120 2122 -edge_5_0_+disjointig_2_3588_44283 2162 4187 40695 -1 -1 1764 0.0254201
Chain
	Aln	8	-SRR33939694.91421/1 1 2000 2122 +edge_5_0_+disjointig_2_3588_44283 36507 38532 40695 -1 -1 1764 0.0254201
Chain
	Aln	9	+SRR33939694.91531/1 112 1713 1718 -edge_5_0_+disjointig_2_3588_44283 33686 35286 40695 -1 -1 1469 0.018635
Chain
	Aln	8	-SRR33939694.91531/1 4 1605 1718 +edge_5_0_+disjointig_2_3588_44283 5408 7008 40695 -1 -1 1469 0.018635
Chain
	Aln	0	+SRR33939694.91525/1 218 1969 1973 +edge_1_0_+disjointig_1_0_20896 11702 13465 20896 -1 -1 1674 0.0187214
Chain
	Aln	1	-SRR33939694.91525/1 3 1754 1973 -edge_1_0_+disjointig_1_0_20896 7430 9193 20896 -1 -1 1674 0.0187214
Chain
	Aln	8	+SRR33939694.91541/1 147 1909 1921 +edge_5_0_+disjointig_2_3588_44283 15003 16789 40695 -1 -1 1218 0.0516835
Chain
	Aln	9	-SRR33939694.91541/1 11 1773 1921 -edge_5_0_+disjointig_2_3588_44283 23905 25691 40695 -1 -1 1218 0.0516835
Chain
	Aln	9	+SRR33939694.91686/1 122 1534 1536 -edge_5_0_+disjointig_2_3588_44283 30186 31613 40695 -1 -1 1253 0.0230074
Chain
	Aln	8	-SRR33939694.91686/1 1 1413 1536 +edge_5_0_+disjointig_2_3588_44283 9081 10508 40695 -1 -1 1253 0.0230074
Chain
	Aln	8	+SRR33939694.91724/1 111 1269 1344 +edge_5_0_+disjointig_2_3588_44283 39434 40612 40695 -1 -1 936 0.0399143
Chain
	Aln	9	-SRR33939694.91724/1 74 1232 1344 -edge_5_0_+disjointig_2_3588_44283 82 1260 40695 -1 -1 936 0.0399143
Chain
	Aln	8	+SRR33939694.91776/1 153 1159 1161 +edge_5_0_+disjointig_2_3588_44283 23976 24996 40695 -1 -1 898 0.0295045
Chain
	Aln	9	-SRR33939694.91776/1 1 1007 1161 -edge_5_0_+disjointig_2_3588_44283 15698 16718 40695 -1 -1 898 0.0295045
Chain
	Aln	8	+SRR33939694.91797/1 134 1230 1242 +edge_5_0_+disjointig_2_3588_44283 9352 10409 40695 -1 -1 904 0.030939
Chain
	Aln	9	-SRR33939694.91797/1 11 1107 1242 -edge_5_0_+disjointig_2_3588_44283 30285 31342 40695 -1 -1 904 0.030939
Chain
	Aln	8	+SRR33939694.91774/1 129 1261 1264 +edge_5_0_+disjointig_2_3588_44283 12464 13615 40695 -1 -1 1002 0.0276125
Chain
	Aln	9	-SRR33939694.91774/1 2 1134 1264 -edge_5_0_+disjointig_2_3588_44283 27079 28230 40695 -1 -1 1002 0.0276125
Chain
	Aln	8	+SRR33939694.91719/1 111 1423 1430 +edge_5_0_+disjointig_2_3588_44283 17210 18528 40695 -1 -1 1251 0.0129158
Chain
	Aln	9	-SRR33939694.91719/1 6 1318 1430 -edge_5_0_+disjointig_2_3588_44283 22166 23484 40695 -1 -1 1251 0.0129158
Chain
	Aln	9	+SRR33939694.91814/1 122 1581 1583 -edge_5_0_+disjointig_2_3588_44283 22372 23845 40695 -1 -1 1243 0.0268595
Chain
	Aln	8	-SRR33939694.91814/1 1 1460 1583 +edge_5_0_+disjointig_2_3588_44283 16849 18322 40695 -1 -1 1243 0.0268595
Chain
	Aln	8	+SRR33939694.91836/1 160 1239 1245 +edge_5_0_+disjointig_2_3588_44283 3639 4720 40695 -1 -1 952 0.0187556
Chain
	Aln	9	-SRR33939694.91836/1 5 1084 1245 -edge_5_0_+disjointig_2_3588_44283 35974 37055 40695 -1 -1 952 0.0187556
Chain
	Aln	9	+SRR33939694.91860/1 120 1405 1409 -edge_5_0_+disjointig_2_3588_44283 11980 13271 40695 -1 -1 1122 0.0253554
Chain
	Aln	8	-SRR33939694.91860/1 3 1288 1409 +edge_5_0_+disjointig_2_3588_44283 27423 28714 40695 -1 -1 1122 0.0253554
Chain
	Aln	8	+SRR33939694.91869/1 113 1290 1292 +edge_5_0_+disjointig_2_3588_44283 30265 31442 40695 -1 -1 1066 0.0189426
Chain
	Aln	9	-SRR33939694.91869/1 1 1178 1292 -edge_5_0_+disjointig_2_3588_44283 9252 10429 40695 -1 -1 1066 0.0189426
Chain
	Aln	9	+SRR33939694.91821/1 117 1474 1496 -edge_5_0_+disjointig_2_3588_44283 37279 38638 40695 -1 -1 1213 0.0243727
Chain
	Aln	8	-SRR33939694.91821/1 21 1378 1496 +edge_5_0_+disjointig_2_3588_44283 2056 3415 40695 -1 -1 1213 0.0243727
Chain
	Aln	9	+SRR33939694.91898/1 152 1310 1315 -edge_5_0_+disjointig_2_3588_44283 35529 36710 40695 -1 -1 782 0.0522856
Chain
	Aln	8	-SRR33939694.91898/1 4 1162 1315 +edge_5_0_+disjointig_2_3588_44283 3984 5165 40695 -1 -1 782 0.0522856
Chain
	Aln	9	+SRR33939694.91904/1 138 1441 1448 -edge_5_0_+disjointig_2_3588_44283 17312 18615 40695 -1 -1 1153 0.0253407
Chain
	Aln	8	-SRR33939694.91904/1 6 1309 1448 +edge_5_0_+disjointig_2_3588_44283 22079 23382 40695 -1 -1 1153 0.0253407
Chain
	Aln	9	+SRR33939694.91995/1 114 1119 1126 -edge_5_0_+disjointig_2_3588_44283 27699 28691 40695 -1 -1 869 0.028824
Chain
	Aln	8	-SRR33939694.91995/1 6 1011 1126 +edge_5_0_+disjointig_2_3588_44283 12003 12995 40695 -1 -1 869 0.028824
Chain
	Aln	8	+SRR33939694.91976/1 111 1438 1440 +edge_5_0_+disjointig_2_3588_44283 21832 23168 40695 -1 -1 1175 0.0198063
Chain
	Aln	9	-SRR33939694.91976/1 1 1328 1440 -edge_5_0_+disjointig_2_3588_44283 17526 18862 40695 -1 -1 1175 0.0198063
Chain
	Aln	9	+SRR33939694.92047/1 119 1221 1223 -edge_5_0_+disjointig_2_3588_44283 26098 27203 40695 -1 -1 1065 0.0181306
Chain
	Aln	8	-SRR33939694.92047/1 1 1103 1223 +edge_5_0_+disjointig_2_3588_44283 13491 14596 40695 -1 -1 1065 0.0181306
Chain
	Aln	8	+SRR33939694.92231/1 103 1219 1221 +edge_5_0_+disjointig_2_3588_44283 34703 35816 40695 -1 -1 992 0.0278777
Chain
	Aln	9	-SRR33939694.92231/1 1 1117 1221 -edge_5_0_+disjointig_2_3588_44283 4878 5991 40695 -1 -1 992 0.0278777
Chain
	Aln	8	+SRR33939694.92221/1 112 1177 1188 +edge_5_0_+disjointig_2_3588_44283 24697 25777 40695 -1 -1 941 0.0329621
Chain
	Aln	9	-SRR33939694.92221/1 10 1075 1188 -edge_5_0_+disjointig_2_3588_44283 14917 15997 40695 -1 -1 941 0.0329621
Chain
	Aln	8	+SRR33939694.92262/1 107 1245 1265 +edge_5_0_+disjointig_2_3588_44283 26165 27304 40695 -1 -1 1013 0.0253821
Chain
	Aln	9	-SRR33939694.92262/1 19 1157 1265 -edge_5_0_+disjointig_2_3588_44283 13390 14529 40695 -1 -1 1013 0.0253821
Chain
	Aln	9	+SRR33939694.92192/1 117 1966 1968 -edge_5_0_+disjointig_2_3588_44283 13050 14919 40695 -1 -1 1696 0.019992
Chain
	Aln	8	-SRR33939694.92192/1 1 1850 1968 +edge_5_0_+disjointig_2_3588_44283 25775 27644 40695 -1 -1 1696 0.019992
Chain
	Aln	9	+SRR33939694.92252/1 90 1442 1444 -edge_5_0_+disjointig_2_3588_44283 7570 8915 40695 -1 -1 1229 0.0234817
Chain
	Aln	8	-SRR33939694.92252/1 1 1353 1444 +edge_5_0_+disjointig_2_3588_44283 31779 33124 40695 -1 -1 1229 0.0234817
Chain
	Aln	8	+SRR33939694.92275/1 130 1433 1471 +edge_5_0_+disjointig_2_3588_44283 16351 17665 40695 -1 -1 906 0.058806
Chain
	Aln	9	-SRR33939694.92275/1 37 1340 1471 -edge_5_0_+disjointig_2_3588_44283 23029 24343 40695 -1 -1 906 0.058806
Chain
	Aln	8	+SRR33939694.92290/1 109 1399 1402 +edge_5_0_+disjointig_2_3588_44283 37034 38332 40695 -1 -1 1231 0.0184805
Chain
	Aln	9	-SRR33939694.92290/1 2 1292 1402 -edge_5_0_+disjointig_2_3588_44283 2362 3660 40695 -1 -1 1231 0.0184805
Chain
	Aln	9	+SRR33939694.92519/1 114 1399 1401 -edge_5_0_+disjointig_2_3588_44283 33487 34768 40695 -1 -1 1214 0.0156936
Chain
	Aln	8	-SRR33939694.92519/1 1 1286 1401 +edge_5_0_+disjointig_2_3588_44283 5926 7207 40695 -1 -1 1214 0.0156936
Chain
	Aln	8	+SRR33939694.92608/1 112 1124 1129 +edge_5_0_+disjointig_2_3588_44283 25881 26893 40695 -1 -1 958 0.0214493
Chain
	Aln	9	-SRR33939694.92608/1 4 1016 1129 -edge_5_0_+disjointig_2_3588_44283 13801 14813 40695 -1 -1 958 0.0214493
Chain
	Aln	8	+SRR33939694.92624/1 103 1842 1844 +edge_5_0_+disjointig_2_3588_44283 5513 7260 40695 -1 -1 1562 0.0221746
Chain
	Aln	9	-SRR33939694.92624/1 1 1740 1844 -edge_5_0_+disjointig_2_3588_44283 33434 35181 40695 -1 -1 1562 0.0221746
Chain
	Aln	6	+SRR33939694.92721/1 278 1817 1819 +edge_4_0_+disjointig_1_22059_47419 12455 14003 25360 -1 -1 1427 0.0179824
Chain
	Aln	7	-SRR33939694.92721/1 1 1540 1819 -edge_4_0_+disjointig_1_22059_47419 11356 12904 25360 -1 -1 1427 0.0179824
Chain
	Aln	1	+SRR33939694.92042/1 221 7163 7211 -edge_1_0_+disjointig_1_0_20896 3525 10472 20896 -1 -1 6165 0.0240825
Chain
	Aln	0	-SRR33939694.92042/1 47 6989 7211 +edge_1_0_+disjointig_1_0_20896 10423 17370 20896 -1 -1 6165 0.0240825
Chain
	Aln	9	+SRR33939694.92858/1 118 1181 1184 -edge_5_0_+disjointig_2_3588_44283 12307 13372 40695 -1 -1 957 0.0270211
Chain
	Aln	8	-SRR33939694.92858/1 2 1065 1184 +edge_5_0_+disjointig_2_3588_44283 27322 28387 40695 -1 -1 957 0.0270211
Chain
	Aln	9	+SRR33939694.92826/1 109 1608 1629 -edge_5_0_+disjointig_2_3588_44283 26440 27949 40695 -1 -1 1437 0.0149521
Chain
	Aln	8	-SRR33939694.92826/1 20 1519 1629 +edge_5_0_+disjointig_2_3588_44283 12745 14254 40695 -1 -1 1437 0.0149521
Chain
	Aln	8	+SRR33939694.92918/1 113 1152 1157 +edge_5_0_+disjointig_2_3588_44283 19670 20708 40695 -1 -1 959 0.0168759
Chain
	Aln	9	-SRR33939694.92918/1 4 1043 1157 -edge_5_0_+disjointig_2_3588_44283 19986 21024 40695 -1 -1 959 0.0168759
Chain
	Aln	9	+SRR33939694.92921/1 109 1245 1247 -edge_5_0_+disjointig_2_3588_44283 31247 32394 40695 -1 -1 1073 0.0194609
Chain
	Aln	8	-SRR33939694.92921/1 1 1137 1247 +edge_5_0_+disjointig_2_3588_44283 8300 9447 40695 -1 -1 1073 0.0194609
Chain
	Aln	0	+SRR33939694.92853/1 122 2314 2340 +edge_1_0_+disjointig_1_0_20896 15850 18066 20896 -1 -1 1881 0.031625
Chain
	Aln	1	-SRR33939694.92853/1 25 2217 2340 -edge_1_0_+disjointig_1_0_20896 2829 5045 20896 -1 -1 1881 0.031625
Chain
	Aln	8	+SRR33939694.93111/1 114 1130 1132 +edge_5_0_+disjointig_2_3588_44283 35418 36435 40695 -1 -1 992 0.0135398
Chain
	Aln	9	-SRR33939694.93111/1 1 1017 1132 -edge_5_0_+disjointig_2_3588_44283 4259 5276 40695 -1 -1 992 0.0135398
Chain
	Aln	8	+SRR33939694.93104/1 113 1148 1157 +edge_5_0_+disjointig_2_3588_44283 4313 5366 40695 -1 -1 907 0.029041
Chain
	Aln	9	-SRR33939694.93104/1 8 1043 1157 -edge_5_0_+disjointig_2_3588_44283 35328 36381 40695 -1 -1 907 0.029041
Chain
	Aln	9	+SRR33939694.93060/1 107 1157 1533 -edge_5_0_+disjointig_2_3588_44283 17003 18060 40695 -1 -1 998 0.0160281
Chain
	Aln	8	-SRR33939694.93060/1 375 1425 1533 +edge_5_0_+disjointig_2_3588_44283 22634 23691 40695 -1 -1 998 0.0160281
Chain
	Aln	8	+SRR33939694.93096/1 110 2086 2090 +edge_5_0_+disjointig_2_3588_44283 9909 11906 40695 -1 -1 1793 0.0239772
Chain
	Aln	9	-SRR33939694.93096/1 3 1979 2090 -edge_5_0_+disjointig_2_3588_44283 28788 30785 40695 -1 -1 1793 0.0239772
Chain
	Aln	9	+SRR33939694.93165/1 118 1240 1242 -edge_5_0_+disjointig_2_3588_44283 6068 7183 40695 -1 -1 1088 0.0100958
Chain
	Aln	8	-SRR33939694.93165/1 1 1123 1242 +edge_5_0_+disjointig_2_3588_44283 33511 34626 40695 -1 -1 1088 0.0100958
Chain
	Aln	8	+SRR33939694.93364/1 115 1176 1197 +edge_5_0_+disjointig_2_3588_44283 12698 13771 40695 -1 -1 955 0.0201451
Chain
	Aln	9	-SRR33939694.93364/1 20 1081 1197 -edge_5_0_+disjointig_2_3588_44283 26923 27996 40695 -1 -1 955 0.0201451
Chain
	Aln	9	+SRR33939694.93299/1 105 1740 1747 -edge_5_0_+disjointig_2_3588_44283 20008 21654 40695 -1 -1 1480 0.0258215
Chain
	Aln	8	-SRR33939694.93299/1 6 1641 1747 +edge_5_0_+disjointig_2_3588_44283 19040 20686 40695 -1 -1 1480 0.0258215
Chain
	Aln	9	+SRR33939694.93259/1 114 2427 2430 -edge_5_0_+disjointig_2_3588_44283 18192 20522 40695 -1 -1 2095 0.0250615
Chain
	Aln	8	-SRR33939694.93259/1 2 2315 2430 +edge_5_0_+disjointig_2_3588_44283 20172 22502 40695 -1 -1 2095 0.0250615
Chain
	Aln	9	+SRR33939694.93387/1 105 1684 1690 -edge_5_0_+disjointig_2_3588_44283 33486 35068 40695 -1 -1 1515 0.0158494
Chain
	Aln	8	-SRR33939694.93387/1 5 1584 1690 +edge_5_0_+disjointig_2_3588_44283 5626 7208 40695 -1 -1 1515 0.0158494
Chain
	Aln	8	+SRR33939694.93468/1 103 1138 1141 +edge_5_0_+disjointig_2_3588_44283 10239 11279 40695 -1 -1 895 0.0337795
Chain
	Aln	9	-SRR33939694.93468/1 2 1037 1141 -edge_5_0_+disjointig_2_3588_44283 29415 30455 40695 -1 -1 895 0.0337795
Chain
	Aln	8	+SRR33939694.93481/1 115 1520 1617 +edge_5_0_+disjointig_2_3588_44283 25163 26570 40695 -1 -1 1310 0.0187403
Chain
	Aln	9	-SRR33939694.93481/1 96 1501 1617 -edge_5_0_+disjointig_2_3588_44283 14124 15531 40695 -1 -1 1310 0.0187403
Chain
	Aln	9	+SRR33939694.93518/1 137 1435 1437 -edge_5_0_+disjointig_2_3588_44283 2579 3883 40695 -1 -1 1108 0.0309228
Chain
	Aln	8	-SRR33939694.93518/1 1 1299 1437 +edge_5_0_+disjointig_2_3588_44283 36811 38115 40695 -1 -1 1108 0.0309228
Chain
	Aln	8	+SRR33939694.93561/1 114 1404 1407 +edge_5_0_+disjointig_2_3588_44283 21941 23242 40695 -1 -1 1118 0.0279537
Chain
	Aln	9	-SRR33939694.93561/1 2 1292 1407 -edge_5_0_+disjointig_2_3588_44283 17452 18753 40695 -1 -1 1118 0.0279537
Chain
	Aln	8	+SRR33939694.93708/1 115 1210 1237 +edge_5_0_+disjointig_2_3588_44283 37412 38514 40695 -1 -1 921 0.0327331
Chain
	Aln	9	-SRR33939694.93708/1 26 1121 1237 -edge_5_0_+disjointig_2_3588_44283 2180 3282 40695 -1 -1 921 0.0327331
Chain
	Aln	8	+SRR33939694.93672/1 117 2011 2014 +edge_5_0_+disjointig_2_3588_44283 13956 15874 40695 -1 -1 1800 0.0178259
Chain
	Aln	9	-SRR33939694.93672/1 2 1896 2014 -edge_5_0_+disjointig_2_3588_44283 24820 26738 40695 -1 -1 1800 0.0178259
Chain
	Aln	8	+SRR33939694.93744/1 111 1498 1500 +edge_5_0_+disjointig_2_3588_44283 33718 35106 40695 -1 -1 1341 0.016127
Chain
	Aln	9	-SRR33939694.93744/1 1 1388 1500 -edge_5_0_+disjointig_2_3588_44283 5588 6976 40695 -1 -1 1341 0.016127
Chain
	Aln	9	+SRR33939694.93733/1 119 2092 2542 -edge_5_0_+disjointig_2_3588_44283 38691 40679 40695 -1 -1 1611 0.0399436
Chain
	Aln	8	-SRR33939694.93733/1 449 2422 2542 +edge_5_0_+disjointig_2_3588_44283 15 2003 40695 -1 -1 1611 0.0399436
Chain
	Aln	9	+SRR33939694.93813/1 114 1197 1201 -edge_5_0_+disjointig_2_3588_44283 30094 31199 40695 -1 -1 964 0.0380538
Chain
	Aln	8	-SRR33939694.93813/1 3 1086 1201 +edge_5_0_+disjointig_2_3588_44283 9495 10600 40695 -1 -1 964 0.0380538
Chain
	Aln	5	+SRR33939694.93850/1 109 1237 1241 -edge_3_0_-disjointig_2_41855_44283 27 1152 2428 -1 -1 1062 0.0155505
Chain
	Aln	4	-SRR33939694.93850/1 3 1131 1241 +edge_3_0_-disjointig_2_41855_44283 1275 2400 2428 -1 -1 1062 0.0155505
Chain
	Aln	8	+SRR33939694.93838/1 117 1462 1464 +edge_5_0_+disjointig_2_3588_44283 14543 15893 40695 -1 -1 1297 0.0112373
Chain
	Aln	9	-SRR33939694.93838/1 1 1346 1464 -edge_5_0_+disjointig_2_3588_44283 24801 26151 40695 -1 -1 1297 0.0112373
Chain
	Aln	8	+SRR33939694.93864/1 178 1526 1533 +edge_5_0_+disjointig_2_3588_44283 22894 24247 40695 -1 -1 1281 0.019268
Chain
	Aln	9	-SRR33939694.93864/1 6 1354 1533 -edge_5_0_+disjointig_2_3588_44283 16447 17800 40695 -1 -1 1281 0.019268
Chain
	Aln	8	+SRR33939694.93894/1 130 1197 1199 +edge_5_0_+disjointig_2_3588_44283 13277 14347 40695 -1 -1 965 0.0192889
Chain
	Aln	9	-SRR33939694.93894/1 1 1068 1199 -edge_5_0_+disjointig_2_3588_44283 26347 27417 40695 -1 -1 965 0.0192889
Chain
	Aln	9	+SRR33939694.93893/1 110 1457 1463 -edge_5_0_+disjointig_2_3588_44283 28959 30324 40695 -1 -1 1173 0.0336886
Chain
	Aln	8	-SRR33939694.93893/1 5 1352 1463 +edge_5_0_+disjointig_2_3588_44283 10370 11735 40695 -1 -1 1173 0.0336886
Chain
	Aln	8	+SRR33939694.93942/1 100 1110 1130 +edge_5_0_+disjointig_2_3588_44283 7187 8211 40695 -1 -1 743 0.0409381
Chain
	Aln	9	-SRR33939694.93942/1 19 1029 1130 -edge_5_0_+disjointig_2_3588_44283 32483 33507 40695 -1 -1 743 0.0409381
Chain
	Aln	2	+SRR33939694.93905/1 450 1455 1465 +edge_2_1_+disjointig_2_2428_3588 16 1030 1160 -1 -1 971 0.0156702
Chain
	Aln	3	-SRR33939694.93905/1 9 1014 1465 -edge_2_1_+disjointig_2_2428_3588 129 1143 1160 -1 -1 971 0.0156702
Chain
	Aln	9	+SRR33939694.94038/1 129 2525 2533 -edge_5_0_+disjointig_2_3588_44283 4058 6471 40695 -1 -1 1909 0.039621
Chain
	Aln	8	-SRR33939694.94038/1 7 2403 2533 +edge_5_0_+disjointig_2_3588_44283 34223 36636 40695 -1 -1 1909 0.039621
Chain
	Aln	9	+SRR33939694.94226/1 114 1286 1288 -edge_5_0_+disjointig_2_3588_44283 32763 33943 40695 -1 -1 1030 0.0247403
Chain
	Aln	8	-SRR33939694.94226/1 1 1173 1288 +edge_5_0_+disjointig_2_3588_44283 6751 7931 40695 -1 -1 1030 0.0247403
Chain
	Aln	9	+SRR33939694.94354/1 118 1432 1451 -edge_5_0_+disjointig_2_3588_44283 36276 37596 40695 -1 -1 1269 0.0097572
Chain
	Aln	8	-SRR33939694.94354/1 18 1332 1451 +edge_5_0_+disjointig_2_3588_44283 3098 4418 40695 -1 -1 1269 0.0097572
Chain
	Aln	9	+SRR33939694.93114/1 110 11171 11173 -edge_5_0_+disjointig_2_3588_44283 2903 14039 40695 -1 -1 10497 0.0154238
Chain
	Aln	8	-SRR33939694.93114/1 1 11062 11173 +edge_5_0_+disjointig_2_3588_44283 26655 37791 40695 -1 -1 10497 0.0154238
Chain
	Aln	8	+SRR33939694.94513/1 119 1119 1146 +edge_5_0_+disjointig_2_3588_44283 21946 22949 40695 -1 -1 850 0.0304542
Chain
	Aln	9	-SRR33939694.94513/1 26 1026 1146 -edge_5_0_+disjointig_2_3588_44283 17745 18748 40695 -1 -1 850 0.0304542
Chain
	Aln	8	+SRR33939694.94491/1 109 1596 1613 +edge_5_0_+disjointig_2_3588_44283 20624 22128 40695 -1 -1 1404 0.0159771
Chain
	Aln	9	-SRR33939694.94491/1 16 1503 1613 -edge_5_0_+disjointig_2_3588_44283 18566 20070 40695 -1 -1 1404 0.0159771
Chain
	Aln	9	+SRR33939694.94581/1 130 1154 1156 -edge_5_0_+disjointig_2_3588_44283 19301 20322 40695 -1 -1 843 0.0280432
Chain
	Aln	8	-SRR33939694.94581/1 1 1025 1156 +edge_5_0_+disjointig_2_3588_44283 20372 21393 40695 -1 -1 843 0.0280432
Chain
	Aln	6	+SRR33939694.94403/1 310 2969 2972 +edge_4_0_+disjointig_1_22059_47419 3661 6386 25360 -1 -1 2223 0.0256161
Chain
	Aln	7	-SRR33939694.94403/1 2 2661 2972 -edge_4_0_+disjointig_1_22059_47419 18973 21698 25360 -1 -1 2223 0.0256161
Chain
	Aln	9	+SRR33939694.94682/1 144 1171 1173 -edge_5_0_+disjointig_2_3588_44283 19213 20247 40695 -1 -1 985 0.0181221
Chain
	Aln	8	-SRR33939694.94682/1 1 1028 1173 +edge_5_0_+disjointig_2_3588_44283 20447 21481 40695 -1 -1 985 0.0181221
Chain
	Aln	8	+SRR33939694.94633/1 126 1465 1497 +edge_5_0_+disjointig_2_3588_44283 14571 15905 40695 -1 -1 1127 0.0324045
Chain
	Aln	9	-SRR33939694.94633/1 31 1370 1497 -edge_5_0_+disjointig_2_3588_44283 24789 26123 40695 -1 -1 1127 0.0324045
Chain
	Aln	9	+SRR33939694.94738/1 120 1192 1211 -edge_5_0_+disjointig_2_3588_44283 23120 24196 40695 -1 -1 838 0.0317027
Chain
	Aln	8	-SRR33939694.94738/1 18 1090 1211 +edge_5_0_+disjointig_2_3588_44283 16498 17574 40695 -1 -1 838 0.0317027
Chain
	Aln	9	+SRR33939694.94662/1 134 1614 1631 -edge_5_0_+disjointig_2_3588_44283 36438 37925 40695 -1 -1 1358 0.0214776
Chain
	Aln	8	-SRR33939694.94662/1 16 1496 1631 +edge_5_0_+disjointig_2_3588_44283 2769 4256 40695 -1 -1 1358 0.0214776
Chain
	Aln	8	+SRR33939694.94740/1 109 1435 1437 +edge_5_0_+disjointig_2_3588_44283 23556 24888 40695 -1 -1 1263 0.0139842
Chain
	Aln	9	-SRR33939694.94740/1 1 1327 1437 -edge_5_0_+disjointig_2_3588_44283 15806 17138 40695 -1 -1 1263 0.0139842
Chain
	Aln	9	+SRR33939694.94795/1 130 1194 1198 -edge_5_0_+disjointig_2_3588_44283 27339 28410 40695 -1 -1 883 0.0363172
Chain
	Aln	8	-SRR33939694.94795/1 3 1067 1198 +edge_5_0_+disjointig_2_3588_44283 12284 13355 40695 -1 -1 883 0.0363172
Chain
	Aln	9	+SRR33939694.94789/1 124 1251 1258 -edge_5_0_+disjointig_2_3588_44283 35393 36524 40695 -1 -1 1076 0.0187777
Chain
	Aln	8	-SRR33939694.94789/1 6 1133 1258 +edge_5_0_+disjointig_2_3588_44283 4170 5301 40695 -1 -1 1076 0.0187777
Chain
	Aln	8	+SRR33939694.94826/1 121 1154 1158 +edge_5_0_+disjointig_2_3588_44283 13891 14933 40695 -1 -1 980 0.0195129
Chain
	Aln	9	-SRR33939694.94826/1 3 1036 1158 -edge_5_0_+disjointig_2_3588_44283 25761 26803 40695 -1 -1 980 0.0195129
Chain
	Aln	8	+SRR33939694.94781/1 126 1875 1880 +edge_5_0_+disjointig_2_3588_44283 4682 6441 40695 -1 -1 1352 0.042784
Chain
	Aln	9	-SRR33939694.94781/1 4 1753 1880 -edge_5_0_+disjointig_2_3588_44283 34253 36012 40695 -1 -1 1352 0.042784
Chain
	Aln	9	+SRR33939694.94854/1 110 1411 1422 -edge_5_0_+disjointig_2_3588_44283 6381 7696 40695 -1 -1 1189 0.0210754
Chain
	Aln	8	-SRR33939694.94854/1 10 1311 1422 +edge_5_0_+disjointig_2_3588_44283 32998 34313 40695 -1 -1 1189 0.0210754
Chain
	Aln	9	+SRR33939694.94887/1 115 1302 1304 -edge_5_0_+disjointig_2_3588_44283 17466 18660 40695 -1 -1 1117 0.0204807
Chain
	Aln	8	-SRR33939694.94887/1 1 1188 1304 +edge_5_0_+disjointig_2_3588_44283 22034 23228 40695 -1 -1 1117 0.0204807
Chain
	Aln	8	+SRR33939694.95036/1 108 1139 1141 +edge_5_0_+disjointig_2_3588_44283 2423 3465 40695 -1 -1 934 0.0251272
Chain
	Aln	9	-SRR33939694.95036/1 1 1032 1141 -edge_5_0_+disjointig_2_3588_44283 37229 38271 40695 -1 -1 934 0.0251272
Chain
	Aln	8	+SRR33939694.95012/1 116 1237 1246 +edge_5_0_+disjointig_2_3588_44283 23168 24290 40695 -1 -1 1079 0.011038
Chain
	Aln	9	-SRR33939694.95012/1 8 1129 1246 -edge_5_0_+disjointig_2_3588_44283 16404 17526 40695 -1 -1 1079 0.011038
Chain
	Aln	8	+SRR33939694.94947/1 114 1747 1772 +edge_5_0_+disjointig_2_3588_44283 34661 36308 40695 -1 -1 1263 0.0384998
Chain
	Aln	9	-SRR33939694.94947/1 24 1657 1772 -edge_5_0_+disjointig_2_3588_44283 4386 6033 40695 -1 -1 1263 0.0384998
Chain
	Aln	9	+SRR33939694.95064/1 149 1235 1237 -edge_5_0_+disjointig_2_3588_44283 14770 15864 40695 -1 -1 936 0.0275603
Chain
	Aln	8	-SRR33939694.95064/1 1 1087 1237 +edge_5_0_+disjointig_2_3588_44283 24830 25924 40695 -1 -1 936 0.0275603
Chain
	Aln	8	+SRR33939694.95102/1 116 1201 1214 +edge_5_0_+disjointig_2_3588_44283 22545 23641 40695 -1 -1 987 0.0213927
Chain
	Aln	9	-SRR33939694.95102/1 12 1097 1214 -edge_5_0_+disjointig_2_3588_44283 17053 18149 40695 -1 -1 987 0.0213927
Chain
	Aln	8	+SRR33939694.95224/1 111 1445 1451 +edge_5_0_+disjointig_2_3588_44283 22857 24202 40695 -1 -1 1187 0.025629
Chain
	Aln	9	-SRR33939694.95224/1 5 1339 1451 -edge_5_0_+disjointig_2_3588_44283 16492 17837 40695 -1 -1 1187 0.025629
Chain
	Aln	9	+SRR33939694.95338/1 102 1195 1198 -edge_5_0_+disjointig_2_3588_44283 30497 31593 40695 -1 -1 1078 0.00503334
Chain
	Aln	8	-SRR33939694.95338/1 2 1095 1198 +edge_5_0_+disjointig_2_3588_44283 9101 10197 40695 -1 -1 1078 0.00503334
Chain
	Aln	8	+SRR33939694.95225/1 102 1887 1905 +edge_5_0_+disjointig_2_3588_44283 7647 9457 40695 -1 -1 1550 0.0302546
Chain
	Aln	9	-SRR33939694.95225/1 17 1802 1905 -edge_5_0_+disjointig_2_3588_44283 31237 33047 40695 -1 -1 1550 0.0302546
Chain
	Aln	8	+SRR33939694.95502/1 110 1163 1165 +edge_5_0_+disjointig_2_3588_44283 32260 33289 40695 -1 -1 759 0.0371845
Chain
	Aln	9	-SRR33939694.95502/1 1 1054 1165 -edge_5_0_+disjointig_2_3588_44283 7405 8434 40695 -1 -1 759 0.0371845
Chain
	Aln	9	+SRR33939694.95496/1 134 1334 1338 -edge_5_0_+disjointig_2_3588_44283 4995 6218 40695 -1 -1 953 0.0384897
Chain
	Aln	8	-SRR33939694.95496/1 3 1203 1338 +edge_5_0_+disjointig_2_3588_44283 34476 35699 40695 -1 -1 953 0.0384897
Chain
	Aln	3	+SRR33939694.95402/1 238 1397 1428 -edge_2_1_+disjointig_2_2428_3588 4 1154 1160 -1 -1 994 0.0308695
Chain
	Aln	2	-SRR33939694.95402/1 30 1189 1428 +edge_2_1_+disjointig_2_2428_3588 5 1155 1160 -1 -1 994 0.0308695
Chain
	Aln	9	+SRR33939694.95531/1 104 1866 1879 -edge_5_0_+disjointig_2_3588_44283 15215 16978 40695 -1 -1 1472 0.038707
Chain
	Aln	8	-SRR33939694.95531/1 12 1774 1879 +edge_5_0_+disjointig_2_3588_44283 23716 25479 40695 -1 -1 1472 0.038707
Chain
	Aln	8	+SRR33939694.95561/1 109 1194 1196 +edge_5_0_+disjointig_2_3588_44283 37669 38741 40695 -1 -1 1013 0.0193487
Chain
	Aln	9	-SRR33939694.95561/1 1 1086 1196 -edge_5_0_+disjointig_2_3588_44283 1953 3025 40695 -1 -1 1013 0.0193487
Chain
	Aln	8	+SRR33939694.95540/1 118 2213 2218 +edge_5_0_+disjointig_2_3588_44283 5382 7489 40695 -1 -1 1965 0.0138546
Chain
	Aln	9	-SRR33939694.95540/1 4 2099 2218 -edge_5_0_+disjointig_2_3588_44283 33205 35312 40695 -1 -1 1965 0.0138546
Chain
	Aln	8	+SRR33939694.95584/1 540 1965 1967 +edge_5_0_+disjointig_2_3588_44283 1 1450 40695 -1 -1 1172 0.0345833
Chain
	Aln	9	-SRR33939694.95584/1 1 1426 1967 -edge_5_0_+disjointig_2_3588_44283 39244 40693 40695 -1 -1 1172 0.0345833
Chain
	Aln	9	+SRR33939694.95649/1 104 1284 1286 -edge_5_0_+disjointig_2_3588_44283 33031 34207 40695 -1 -1 1137 0.0129361
Chain
	Aln	8	-SRR33939694.95649/1 1 1181 1286 +edge_5_0_+disjointig_2_3588_44283 6487 7663 40695 -1 -1 1137 0.0129361
Chain
	Aln	9	+SRR33939694.95612/1 113 1477 1479 -edge_5_0_+disjointig_2_3588_44283 30344 31710 40695 -1 -1 1290 0.0179289
Chain
	Aln	8	-SRR33939694.95612/1 1 1365 1479 +edge_5_0_+disjointig_2_3588_44283 8984 10350 40695 -1 -1 1290 0.0179289
Chain
	Aln	8	+SRR33939694.95660/1 117 1207 1212 +edge_5_0_+disjointig_2_3588_44283 10744 11843 40695 -1 -1 1050 0.0117506
Chain
	Aln	9	-SRR33939694.95660/1 4 1094 1212 -edge_5_0_+disjointig_2_3588_44283 28851 29950 40695 -1 -1 1050 0.0117506
Chain
	Aln	8	+SRR33939694.95717/1 108 1291 1293 +edge_5_0_+disjointig_2_3588_44283 33393 34584 40695 -1 -1 1112 0.0191569
Chain
	Aln	9	-SRR33939694.95717/1 1 1184 1293 -edge_5_0_+disjointig_2_3588_44283 6110 7301 40695 -1 -1 1112 0.0191569
Chain
	Aln	9	+SRR33939694.95809/1 120 1590 1595 -edge_5_0_+disjointig_2_3588_44283 23748 25235 40695 -1 -1 1304 0.0246421
Chain
	Aln	8	-SRR33939694.95809/1 4 1474 1595 +edge_5_0_+disjointig_2_3588_44283 15459 16946 40695 -1 -1 1304 0.0246421
Chain
	Aln	9	+SRR33939694.95812/1 122 1523 1527 -edge_5_0_+disjointig_2_3588_44283 37711 39130 40695 -1 -1 1349 0.0162111
Chain
	Aln	8	-SRR33939694.95812/1 3 1404 1527 +edge_5_0_+disjointig_2_3588_44283 1564 2983 40695 -1 -1 1349 0.0162111
Chain
	Aln	8	+SRR33939694.95919/1 120 1758 1774 +edge_5_0_+disjointig_2_3588_44283 7359 8993 40695 -1 -1 1427 0.0282609
Chain
	Aln	9	-SRR33939694.95919/1 15 1653 1774 -edge_5_0_+disjointig_2_3588_44283 31701 33335 40695 -1 -1 1427 0.0282609
Chain
	Aln	8	+SRR33939694.95923/1 107 1301 1303 +edge_5_0_+disjointig_2_3588_44283 36845 38038 40695 -1 -1 1140 0.0124602
Chain
	Aln	9	-SRR33939694.95923/1 1 1195 1303 -edge_5_0_+disjointig_2_3588_44283 2656 3849 40695 -1 -1 1140 0.0124602
Chain
	Aln	8	+SRR33939694.95987/1 132 1249 1251 +edge_5_0_+disjointig_2_3588_44283 17277 18394 40695 -1 -1 1047 0.0161417
Chain
	Aln	9	-SRR33939694.95987/1 1 1118 1251 -edge_5_0_+disjointig_2_3588_44283 22300 23417 40695 -1 -1 1047 0.0161417
Chain
	Aln	9	+SRR33939694.95991/1 113 1142 1165 -edge_5_0_+disjointig_2_3588_44283 14611 15658 40695 -1 -1 819 0.0378031
Chain
	Aln	8	-SRR33939694.95991/1 22 1051 1165 +edge_5_0_+disjointig_2_3588_44283 25036 26083 40695 -1 -1 819 0.0378031
Chain
	Aln	9	+SRR33939694.96064/1 114 1134 1150 -edge_5_0_+disjointig_2_3588_44283 33549 34578 40695 -1 -1 963 0.0171435
Chain
	Aln	8	-SRR33939694.96064/1 15 1035 1150 +edge_5_0_+disjointig_2_3588_44283 6116 7145 40695 -1 -1 963 0.0171435
Chain
	Aln	8	+SRR33939694.96113/1 104 1156 1204 +edge_5_0_+disjointig_2_3588_44283 7305 8355 40695 -1 -1 942 0.0212679
Chain
	Aln	9	-SRR33939694.96113/1 47 1099 1204 -edge_5_0_+disjointig_2_3588_44283 32339 33389 40695 -1 -1 942 0.0212679
Chain
	Aln	8	+SRR33939694.96103/1 141 1350 1356 +edge_5_0_+disjointig_2_3588_44283 38043 39256 40695 -1 -1 1042 0.0261352
Chain
	Aln	9	-SRR33939694.96103/1 5 1214 1356 -edge_5_0_+disjointig_2_3588_44283 1438 2651 40695 -1 -1 1042 0.0261352
Chain
	Aln	8	+SRR33939694.96170/1 114 1365 1381 +edge_5_0_+disjointig_2_3588_44283 12123 13371 40695 -1 -1 1114 0.0206942
Chain
	Aln	9	-SRR33939694.96170/1 15 1266 1381 -edge_5_0_+disjointig_2_3588_44283 27323 28571 40695 -1 -1 1114 0.0206942
Chain
	Aln	8	+SRR33939694.96193/1 112 1284 1286 +edge_5_0_+disjointig_2_3588_44283 1935 3113 40695 -1 -1 1125 0.0130856
Chain
	Aln	9	-SRR33939694.96193/1 1 1173 1286 -edge_5_0_+disjointig_2_3588_44283 37581 38759 40695 -1 -1 1125 0.0130856
Chain
	Aln	9	+SRR33939694.96273/1 116 1279 1283 -edge_5_0_+disjointig_2_3588_44283 13190 14354 40695 -1 -1 1096 0.0150653
Chain
	Aln	8	-SRR33939694.96273/1 3 1166 1283 +edge_5_0_+disjointig_2_3588_44283 26340 27504 40695 -1 -1 1096 0.0150653
Chain
	Aln	8	+SRR33939694.96306/1 104 1114 1116 +edge_5_0_+disjointig_2_3588_44283 31876 32887 40695 -1 -1 871 0.0269222
Chain
	Aln	9	-SRR33939694.96306/1 1 1011 1116 -edge_5_0_+disjointig_2_3588_44283 7807 8818 40695 -1 -1 871 0.0269222
Chain
	Aln	9	+SRR33939694.96331/1 124 1218 1220 -edge_5_0_+disjointig_2_3588_44283 26009 27107 40695 -1 -1 1038 0.01569
Chain
	Aln	8	-SRR33939694.96331/1 1 1095 1220 +edge_5_0_+disjointig_2_3588_44283 13587 14685 40695 -1 -1 1038 0.01569
Chain
	Aln	9	+SRR33939694.96333/1 115 1249 1251 -edge_5_0_+disjointig_2_3588_44283 37146 38295 40695 -1 -1 1100 0.013717
Chain
	Aln	8	-SRR33939694.96333/1 1 1135 1251 +edge_5_0_+disjointig_2_3588_44283 2399 3548 40695 -1 -1 1100 0.013717
Chain
	Aln	9	+SRR33939694.96288/1 120 2219 2238 -edge_5_0_+disjointig_2_3588_44283 22691 24798 40695 -1 -1 1989 0.0157964
Chain
	Aln	8	-SRR33939694.96288/1 18 2117 2238 +edge_5_0_+disjointig_2_3588_44283 15896 18003 40695 -1 -1 1989 0.0157964
Chain
	Aln	9	+SRR33939694.96386/1 110 1337 1339 -edge_5_0_+disjointig_2_3588_44283 9432 10655 40695 -1 -1 1001 0.0355257
Chain
	Aln	8	-SRR33939694.96386/1 1 1228 1339 +edge_5_0_+disjointig_2_3588_44283 30039 31262 40695 -1 -1 1001 0.0355257
Chain
	Aln	9	+SRR33939694.96394/1 126 1924 1928 -edge_5_0_+disjointig_2_3588_44283 32698 34511 40695 -1 -1 1455 0.036002
Chain
	Aln	8	-SRR33939694.96394/1 3 1801 1928 +edge_5_0_+disjointig_2_3588_44283 6183 7996 40695 -1 -1 1455 0.036002
Chain
	Aln	9	+SRR33939694.96620/1 114 1221 1223 -edge_5_0_+disjointig_2_3588_44283 19712 20823 40695 -1 -1 1058 0.0153413
Chain
	Aln	8	-SRR33939694.96620/1 1 1108 1223 +edge_5_0_+disjointig_2_3588_44283 19871 20982 40695 -1 -1 1058 0.0153413
Chain
	Aln	9	+SRR33939694.96660/1 126 1271 1300 -edge_5_0_+disjointig_2_3588_44283 25353 26524 40695 -1 -1 660 0.066137
Chain
	Aln	8	-SRR33939694.96660/1 28 1173 1300 +edge_5_0_+disjointig_2_3588_44283 14170 15341 40695 -1 -1 660 0.066137
Chain
	Aln	9	+SRR33939694.96648/1 113 1306 1308 -edge_5_0_+disjointig_2_3588_44283 15796 16978 40695 -1 -1 1107 0.0191188
Chain
	Aln	8	-SRR33939694.96648/1 1 1194 1308 +edge_5_0_+disjointig_2_3588_44283 23716 24898 40695 -1 -1 1107 0.0191188
Chain
	Aln	9	+SRR33939694.96713/1 114 1122 1125 -edge_5_0_+disjointig_2_3588_44283 29919 30946 40695 -1 -1 922 0.0204996
Chain
	Aln	8	-SRR33939694.96713/1 2 1010 1125 +edge_5_0_+disjointig_2_3588_44283 9748 10775 40695 -1 -1 922 0.0204996
Chain
	Aln	8	+SRR33939694.96651/1 118 1935 1938 +edge_5_0_+disjointig_2_3588_44283 4002 5863 40695 -1 -1 1389 0.0401104
Chain
	Aln	9	-SRR33939694.96651/1 2 1819 1938 -edge_5_0_+disjointig_2_3588_44283 34831 36692 40695 -1 -1 1389 0.0401104
Chain
	Aln	8	+SRR33939694.96763/1 104 1188 1206 +edge_5_0_+disjointig_2_3588_44283 23973 25071 40695 -1 -1 808 0.0370724
Chain
	Aln	9	-SRR33939694.96763/1 17 1101 1206 -edge_5_0_+disjointig_2_3588_44283 15623 16721 40695 -1 -1 808 0.0370724
Chain
	Aln	8	+SRR33939694.96780/1 108 1310 1330 +edge_5_0_+disjointig_2_3588_44283 9682 10883 40695 -1 -1 943 0.0462459
Chain
	Aln	9	-SRR33939694.96780/1 19 1221 1330 -edge_5_0_+disjointig_2_3588_44283 29811 31012 40695 -1 -1 943 0.0462459
Chain
	Aln	8	+SRR33939694.96761/1 111 1436 1463 +edge_5_0_+disjointig_2_3588_44283 8939 10294 40695 -1 -1 1063 0.0414506
Chain
	Aln	9	-SRR33939694.96761/1 26 1351 1463 -edge_5_0_+disjointig_2_3588_44283 30400 31755 40695 -1 -1 1063 0.0414506
Chain
	Aln	9	+SRR33939694.96836/1 108 1122 1125 -edge_5_0_+disjointig_2_3588_44283 10766 11781 40695 -1 -1 933 0.0274313
Chain
	Aln	8	-SRR33939694.96836/1 2 1016 1125 +edge_5_0_+disjointig_2_3588_44283 28913 29928 40695 -1 -1 933 0.0274313
Chain
	Aln	8	+SRR33939694.97024/1 130 1180 1188 +edge_5_0_+disjointig_2_3588_44283 11528 12602 40695 -1 -1 810 0.0341825
Chain
	Aln	9	-SRR33939694.97024/1 7 1057 1188 -edge_5_0_+disjointig_2_3588_44283 28092 29166 40695 -1 -1 810 0.0341825
Chain
	Aln	9	+SRR33939694.96920/1 107 1180 1196 -edge_5_0_+disjointig_2_3588_44283 12801 13865 40695 -1 -1 948 0.0206887
Chain
	Aln	8	-SRR33939694.96920/1 15 1088 1196 +edge_5_0_+disjointig_2_3588_44283 26829 27893 40695 -1 -1 948 0.0206887
Chain
	Aln	9	+SRR33939694.97035/1 115 1361 1377 -edge_5_0_+disjointig_2_3588_44283 8807 10037 40695 -1 -1 1043 0.0313845
Chain
	Aln	8	-SRR33939694.97035/1 15 1261 1377 +edge_5_0_+disjointig_2_3588_44283 30657 31887 40695 -1 -1 1043 0.0313845
Chain
	Aln	8	+SRR33939694.97103/1 118 1213 1218 +edge_5_0_+disjointig_2_3588_44283 31232 32340 40695 -1 -1 810 0.0437587
Chain
	Aln	9	-SRR33939694.97103/1 4 1099 1218 -edge_5_0_+disjointig_2_3588_44283 8354 9462 40695 -1 -1 810 0.0437587
Chain
	Aln	9	+SRR33939694.97159/1 102 1298 1326 -edge_5_0_+disjointig_2_3588_44283 25913 27120 40695 -1 -1 989 0.030407
Chain
	Aln	8	-SRR33939694.97159/1 27 1223 1326 +edge_5_0_+disjointig_2_3588_44283 13574 14781 40695 -1 -1 989 0.030407
Chain
	Aln	9	+SRR33939694.97184/1 119 1293 1316 -edge_5_0_+disjointig_2_3588_44283 27175 28361 40695 -1 -1 1071 0.0283205
Chain
	Aln	8	-SRR33939694.97184/1 22 1196 1316 +edge_5_0_+disjointig_2_3588_44283 12333 13519 40695 -1 -1 1071 0.0283205
Chain
	Aln	9	+SRR33939694.97157/1 136 1962 1967 -edge_5_0_+disjointig_2_3588_44283 36950 38784 40695 -1 -1 1765 0.0146536
Chain
	Aln	8	-SRR33939694.97157/1 4 1830 1967 +edge_5_0_+disjointig_2_3588_44283 1910 3744 40695 -1 -1 1765 0.0146536
Chain
	Aln	9	+SRR33939694.97295/1 111 1132 1135 -edge_5_0_+disjointig_2_3588_44283 13422 14444 40695 -1 -1 865 0.0320528
Chain
	Aln	8	-SRR33939694.97295/1 2 1023 1135 +edge_5_0_+disjointig_2_3588_44283 26250 27272 40695 -1 -1 865 0.0320528
Chain
	Aln	8	+SRR33939694.97237/1 133 1336 1355 +edge_5_0_+disjointig_2_3588_44283 25277 26485 40695 -1 -1 1185 0.00891301
Chain
	Aln	9	-SRR33939694.97237/1 18 1221 1355 -edge_5_0_+disjointig_2_3588_44283 14209 15417 40695 -1 -1 1185 0.00891301
Chain
	Aln	9	+SRR33939694.97202/1 114 2436 2440 -edge_5_0_+disjointig_2_3588_44283 24460 26775 40695 -1 -1 1452 0.0720888
Chain
	Aln	8	-SRR33939694.97202/1 3 2325 2440 +edge_5_0_+disjointig_2_3588_44283 13919 16234 40695 -1 -1 1452 0.0720888
Chain
	Aln	8	+SRR33939694.97313/1 115 1411 1413 +edge_5_0_+disjointig_2_3588_44283 17054 18348 40695 -1 -1 1244 0.0128794
Chain
	Aln	9	-SRR33939694.97313/1 1 1297 1413 -edge_5_0_+disjointig_2_3588_44283 22346 23640 40695 -1 -1 1244 0.0128794
Chain
	Aln	9	+SRR33939694.97403/1 110 1484 1486 -edge_5_0_+disjointig_2_3588_44283 19292 20671 40695 -1 -1 1316 0.0128584
Chain
	Aln	8	-SRR33939694.97403/1 1 1375 1486 +edge_5_0_+disjointig_2_3588_44283 20023 21402 40695 -1 -1 1316 0.0128584
Chain
	Aln	9	+SRR33939694.97438/1 103 1332 1338 -edge_5_0_+disjointig_2_3588_44283 20579 21817 40695 -1 -1 1170 0.0155724
Chain
	Aln	8	-SRR33939694.97438/1 5 1234 1338 +edge_5_0_+disjointig_2_3588_44283 18877 20115 40695 -1 -1 1170 0.0155724
Chain
	Aln	9	+SRR33939694.97455/1 109 1705 1707 -edge_5_0_+disjointig_2_3588_44283 4149 5757 40695 -1 -1 1356 0.0295458
Chain
	Aln	8	-SRR33939694.97455/1 1 1597 1707 +edge_5_0_+disjointig_2_3588_44283 34937 36545 40695 -1 -1 1356 0.0295458
Chain
	Aln	8	+SRR33939694.97521/1 113 1134 1146 +edge_5_0_+disjointig_2_3588_44283 31509 32520 40695 -1 -1 927 0.0253323
Chain
	Aln	9	-SRR33939694.97521/1 11 1032 1146 -edge_5_0_+disjointig_2_3588_44283 8174 9185 40695 -1 -1 927 0.0253323
Chain
	Aln	9	+SRR33939694.97509/1 110 1683 1685 -edge_5_0_+disjointig_2_3588_44283 24158 25729 40695 -1 -1 1542 0.00687229
Chain
	Aln	8	-SRR33939694.97509/1 1 1574 1685 +edge_5_0_+disjointig_2_3588_44283 14965 16536 40695 -1 -1 1542 0.00687229
Chain
	Aln	8	+SRR33939694.97542/1 131 1200 1202 +edge_5_0_+disjointig_2_3588_44283 27089 28169 40695 -1 -1 1017 0.0155641
Chain
	Aln	9	-SRR33939694.97542/1 1 1070 1202 -edge_5_0_+disjointig_2_3588_44283 12525 13605 40695 -1 -1 1017 0.0155641
Chain
	Aln	8	+SRR33939694.97582/1 160 1368 1374 +edge_5_0_+disjointig_2_3588_44283 19367 20597 40695 -1 -1 1150 0.0231433
Chain
	Aln	9	-SRR33939694.97582/1 5 1213 1374 -edge_5_0_+disjointig_2_3588_44283 20097 21327 40695 -1 -1 1150 0.0231433
Chain
	Aln	9	+SRR33939694.97618/1 111 1504 1506 -edge_5_0_+disjointig_2_3588_44283 11999 13401 40695 -1 -1 1241 0.0227664
Chain
	Aln	8	-SRR33939694.97618/1 1 1394 1506 +edge_5_0_+disjointig_2_3588_44283 27293 28695 40695 -1 -1 1241 0.0227664
Chain
	Aln	8	+SRR33939694.97571/1 106 3121 3146 +edge_5_0_+disjointig_2_3588_44283 29350 32392 40695 -1 -1 2337 0.0406306
Chain
	Aln	9	-SRR33939694.97571/1 24 3039 3146 -edge_5_0_+disjointig_2_3588_44283 8302 11344 40695 -1 -1 2337 0.0406306
Chain
	Aln	9	+SRR33939694.97656/1 115 1800 1802 -edge_5_0_+disjointig_2_3588_44283 5029 6736 40695 -1 -1 1560 0.0170987
Chain
	Aln	8	-SRR33939694.97656/1 1 1686 1802 +edge_5_0_+disjointig_2_3588_44283 33958 35665 40695 -1 -1 1560 0.0170987
Chain
	Aln	9	+SRR33939694.97657/1 111 1550 1552 -edge_5_0_+disjointig_2_3588_44283 15335 16792 40695 -1 -1 1298 0.0239876
Chain
	Aln	8	-SRR33939694.97657/1 1 1440 1552 +edge_5_0_+disjointig_2_3588_44283 23902 25359 40695 -1 -1 1298 0.0239876
Chain
	Aln	8	+SRR33939694.97743/1 114 1352 1355 +edge_5_0_+disjointig_2_3588_44283 22164 23392 40695 -1 -1 951 0.0375625
Chain
	Aln	9	-SRR33939694.97743/1 2 1240 1355 -edge_5_0_+disjointig_2_3588_44283 17302 18530 40695 -1 -1 951 0.0375625
Chain
	Aln	8	+SRR33939694.97737/1 114 1263 1266 +edge_5_0_+disjointig_2_3588_44283 358 1508 40695 -1 -1 1071 0.0182022
Chain
	Aln	9	-SRR33939694.97737/1 2 1151 1266 -edge_5_0_+disjointig_2_3588_44283 39186 40336 40695 -1 -1 1071 0.0182022
Chain
	Aln	8	+SRR33939694.97765/1 110 1314 1316 +edge_5_0_+disjointig_2_3588_44283 16270 17478 40695 -1 -1 1172 0.00931144
Chain
	Aln	9	-SRR33939694.97765/1 1 1205 1316 -edge_5_0_+disjointig_2_3588_44283 23216 24424 40695 -1 -1 1172 0.00931144
Chain
	Aln	9	+SRR33939694.97757/1 136 1648 1650 -edge_5_0_+disjointig_2_3588_44283 35713 37231 40695 -1 -1 1327 0.0299702
Chain
	Aln	8	-SRR33939694.97757/1 1 1513 1650 +edge_5_0_+disjointig_2_3588_44283 3463 4981 40695 -1 -1 1327 0.0299702
Chain
	Aln	9	+SRR33939694.97771/1 128 1785 1787 -edge_5_0_+disjointig_2_3588_44283 15314 16978 40695 -1 -1 1614 0.012893
Chain
	Aln	8	-SRR33939694.97771/1 1 1658 1787 +edge_5_0_+disjointig_2_3588_44283 23716 25380 40695 -1 -1 1614 0.012893
Chain
	Aln	8	+SRR33939694.97803/1 116 1252 1290 +edge_5_0_+disjointig_2_3588_44283 16471 17618 40695 -1 -1 936 0.0333423
Chain
	Aln	9	-SRR33939694.97803/1 37 1173 1290 -edge_5_0_+disjointig_2_3588_44283 23076 24223 40695 -1 -1 936 0.0333423
Chain
	Aln	8	+SRR33939694.97814/1 135 1216 1219 +edge_5_0_+disjointig_2_3588_44283 3358 4430 40695 -1 -1 828 0.0343689
Chain
	Aln	9	-SRR33939694.97814/1 2 1083 1219 -edge_5_0_+disjointig_2_3588_44283 36264 37336 40695 -1 -1 828 0.0343689
Chain
	Aln	8	+SRR33939694.97864/1 111 1206 1208 +edge_5_0_+disjointig_2_3588_44283 2627 3719 40695 -1 -1 1072 0.00718616
Chain
	Aln	9	-SRR33939694.97864/1 1 1096 1208 -edge_5_0_+disjointig_2_3588_44283 36975 38067 40695 -1 -1 1072 0.00718616
Chain
	Aln	9	+SRR33939694.97460/1 131 8601 8604 -edge_5_0_+disjointig_2_3588_44283 16296 24823 40695 -1 -1 7918 0.0176557
Chain
	Aln	8	-SRR33939694.97460/1 2 8472 8604 +edge_5_0_+disjointig_2_3588_44283 15871 24398 40695 -1 -1 7918 0.0176557
Chain
	Aln	0	+SRR33939694.97870/1 213 1446 1448 +edge_1_0_+disjointig_1_0_20896 11328 12558 20896 -1 -1 1144 0.0185182
Chain
	Aln	1	-SRR33939694.97870/1 1 1234 1448 -edge_1_0_+disjointig_1_0_20896 8337 9567 20896 -1 -1 1144 0.0185182
Chain
	Aln	9	+SRR33939694.97855/1 137 2150 2154 -edge_5_0_+disjointig_2_3588_44283 36345 38361 40695 -1 -1 1697 0.0317403
Chain
	Aln	8	-SRR33939694.97855/1 3 2016 2154 +edge_5_0_+disjointig_2_3588_44283 2333 4349 40695 -1 -1 1697 0.0317403
Chain
	Aln	9	+SRR33939694.97929/1 109 1121 1123 -edge_5_0_+disjointig_2_3588_44283 27336 28361 40695 -1 -1 843 0.0282861
Chain
	Aln	8	-SRR33939694.97929/1 1 1013 1123 +edge_5_0_+disjointig_2_3588_44283 12333 13358 40695 -1 -1 843 0.0282861
Chain
	Aln	8	+SRR33939694.97948/1 111 1303 1310 +edge_5_0_+disjointig_2_3588_44283 16995 18184 40695 -1 -1 933 0.0391496
Chain
	Aln	9	-SRR33939694.97948/1 6 1198 1310 -edge_5_0_+disjointig_2_3588_44283 22510 23699 40695 -1 -1 933 0.0391496
Chain
	Aln	9	+SRR33939694.98112/1 119 1344 1346 -edge_5_0_+disjointig_2_3588_44283 17517 18753 40695 -1 -1 983 0.0378288
Chain
	Aln	8	-SRR33939694.98112/1 1 1226 1346 +edge_5_0_+disjointig_2_3588_44283 21941 23177 40695 -1 -1 983 0.0378288
Chain
	Aln	9	+SRR33939694.98058/1 173 1600 1605 -edge_5_0_+disjointig_2_3588_44283 15341 16761 40695 -1 -1 1337 0.0182052
Chain
	Aln	8	-SRR33939694.98058/1 4 1431 1605 +edge_5_0_+disjointig_2_3588_44283 23933 25353 40695 -1 -1 1337 0.0182052
Chain
	Aln	9	+SRR33939694.97987/1 115 1783 1785 -edge_5_0_+disjointig_2_3588_44283 10603 12259 40695 -1 -1 1531 0.0227368
Chain
	Aln	8	-SRR33939694.97987/1 1 1669 1785 +edge_5_0_+disjointig_2_3588_44283 28435 30091 40695 -1 -1 1531 0.0227368
Chain
	Aln	9	+SRR33939694.98145/1 114 1324 1326 -edge_5_0_+disjointig_2_3588_44283 36456 37661 40695 -1 -1 1051 0.02807
Chain
	Aln	8	-SRR33939694.98145/1 1 1211 1326 +edge_5_0_+disjointig_2_3588_44283 3033 4238 40695 -1 -1 1051 0.02807
Chain
	Aln	8	+SRR33939694.98255/1 112 1175 1191 +edge_5_0_+disjointig_2_3588_44283 31299 32370 40695 -1 -1 949 0.0240331
Chain
	Aln	9	-SRR33939694.98255/1 15 1078 1191 -edge_5_0_+disjointig_2_3588_44283 8324 9395 40695 -1 -1 949 0.0240331
Chain
	Aln	8	+SRR33939694.98267/1 111 1359 1367 +edge_5_0_+disjointig_2_3588_44283 6707 7957 40695 -1 -1 1198 0.0116655
Chain
	Aln	9	-SRR33939694.98267/1 7 1255 1367 -edge_5_0_+disjointig_2_3588_44283 32737 33987 40695 -1 -1 1198 0.0116655
Chain
	Aln	8	+SRR33939694.98283/1 114 1184 1186 +edge_5_0_+disjointig_2_3588_44283 13005 14094 40695 -1 -1 762 0.0528431
Chain
	Aln	9	-SRR33939694.98283/1 1 1071 1186 -edge_5_0_+disjointig_2_3588_44283 26600 27689 40695 -1 -1 762 0.0528431
Chain
	Aln	8	+SRR33939694.98314/1 114 1989 1999 +edge_5_0_+disjointig_2_3588_44283 23066 24951 40695 -1 -1 1628 0.0291055
Chain
	Aln	9	-SRR33939694.98314/1 9 1884 1999 -edge_5_0_+disjointig_2_3588_44283 15743 17628 40695 -1 -1 1628 0.0291055
Chain
	Aln	8	+SRR33939694.98394/1 111 1271 1287 +edge_5_0_+disjointig_2_3588_44283 1520 2694 40695 -1 -1 1070 0.0193474
Chain
	Aln	9	-SRR33939694.98394/1 15 1175 1287 -edge_5_0_+disjointig_2_3588_44283 38000 39174 40695 -1 -1 1070 0.0193474
Chain
	Aln	8	+SRR33939694.98350/1 115 1490 1495 +edge_5_0_+disjointig_2_3588_44283 10647 12020 40695 -1 -1 1325 0.0147422
Chain
	Aln	9	-SRR33939694.98350/1 4 1379 1495 -edge_5_0_+disjointig_2_3588_44283 28674 30047 40695 -1 -1 1325 0.0147422
Chain
	Aln	9	+SRR33939694.98472/1 120 1122 1126 -edge_5_0_+disjointig_2_3588_44283 30937 31936 40695 -1 -1 978 0.0123024
Chain
	Aln	8	-SRR33939694.98472/1 3 1005 1126 +edge_5_0_+disjointig_2_3588_44283 8758 9757 40695 -1 -1 978 0.0123024
Chain
	Aln	8	+SRR33939694.97885/1 110 6053 6057 +edge_5_0_+disjointig_2_3588_44283 34715 40688 40695 -1 -1 5658 0.0129794
Chain
	Aln	9	-SRR33939694.97885/1 3 5946 6057 -edge_5_0_+disjointig_2_3588_44283 6 5979 40695 -1 -1 5658 0.0129794
Chain
	Aln	8	+SRR33939694.98705/1 113 1230 1237 +edge_5_0_+disjointig_2_3588_44283 24709 25838 40695 -1 -1 975 0.0258264
Chain
	Aln	9	-SRR33939694.98705/1 6 1123 1237 -edge_5_0_+disjointig_2_3588_44283 14856 15985 40695 -1 -1 975 0.0258264
Chain
	Aln	9	+SRR33939694.98702/1 107 1256 1264 -edge_5_0_+disjointig_2_3588_44283 38981 40140 40695 -1 -1 1058 0.021374
Chain
	Aln	8	-SRR33939694.98702/1 7 1156 1264 +edge_5_0_+disjointig_2_3588_44283 554 1713 40695 -1 -1 1058 0.021374
Chain
	Aln	8	+SRR33939694.98591/1 114 2015 2019 +edge_5_0_+disjointig_2_3588_44283 33728 35634 40695 -1 -1 1754 0.0167542
Chain
	Aln	9	-SRR33939694.98591/1 3 1904 2019 -edge_5_0_+disjointig_2_3588_44283 5060 6966 40695 -1 -1 1754 0.0167542
Chain
	Aln	8	+SRR33939694.98749/1 111 1233 1238 +edge_5_0_+disjointig_2_3588_44283 9187 10315 40695 -1 -1 1048 0.0133481
Chain
	Aln	9	-SRR33939694.98749/1 4 1126 1238 -edge_5_0_+disjointig_2_3588_44283 30379 31507 40695 -1 -1 1048 0.0133481
Chain
	Aln	4	+SRR33939694.98727/1 540 2279 2281 +edge_3_0_-disjointig_2_41855_44283 1 1743 2428 -1 -1 1596 0.0192696
Chain
	Aln	5	-SRR33939694.98727/1 1 1740 2281 -edge_3_0_-disjointig_2_41855_44283 684 2426 2428 -1 -1 1596 0.0192696
Chain
	Aln	8	+SRR33939694.98780/1 104 1341 1344 +edge_5_0_+disjointig_2_3588_44283 26056 27325 40695 -1 -1 982 0.0387477
Chain
	Aln	9	-SRR33939694.98780/1 2 1239 1344 -edge_5_0_+disjointig_2_3588_44283 13369 14638 40695 -1 -1 982 0.0387477
Chain
	Aln	9	+SRR33939694.98768/1 107 1374 1376 -edge_5_0_+disjointig_2_3588_44283 26710 27984 40695 -1 -1 1178 0.0209022
Chain
	Aln	8	-SRR33939694.98768/1 1 1268 1376 +edge_5_0_+disjointig_2_3588_44283 12710 13984 40695 -1 -1 1178 0.0209022
Chain
	Aln	9	+SRR33939694.98864/1 141 1302 1319 -edge_5_0_+disjointig_2_3588_44283 4724 5880 40695 -1 -1 1075 0.0195348
Chain
	Aln	8	-SRR33939694.98864/1 16 1177 1319 +edge_5_0_+disjointig_2_3588_44283 34814 35970 40695 -1 -1 1075 0.0195348
Chain
	Aln	9	+SRR33939694.98882/1 128 1199 1201 -edge_5_0_+disjointig_2_3588_44283 10715 11801 40695 -1 -1 1032 0.0163178
Chain
	Aln	8	-SRR33939694.98882/1 1 1072 1201 +edge_5_0_+disjointig_2_3588_44283 28893 29979 40695 -1 -1 1032 0.0163178
Chain
	Aln	1	+SRR33939694.98692/1 221 3435 3455 -edge_1_0_+disjointig_1_0_20896 17311 20532 20896 -1 -1 2977 0.0183302
Chain
	Aln	0	-SRR33939694.98692/1 19 3233 3455 +edge_1_0_+disjointig_1_0_20896 363 3584 20896 -1 -1 2977 0.0183302
Chain
	Aln	8	+SRR33939694.98895/1 110 1273 1285 +edge_5_0_+disjointig_2_3588_44283 37833 38995 40695 -1 -1 1038 0.0294628
Chain
	Aln	9	-SRR33939694.98895/1 11 1174 1285 -edge_5_0_+disjointig_2_3588_44283 1699 2861 40695 -1 -1 1038 0.0294628
Chain
	Aln	4	+SRR33939694.98957/1 120 1130 1138 +edge_3_0_-disjointig_2_41855_44283 654 1668 2428 -1 -1 830 0.0353869
Chain
	Aln	5	-SRR33939694.98957/1 7 1017 1138 -edge_3_0_-disjointig_2_41855_44283 759 1773 2428 -1 -1 830 0.0353869
Chain
	Aln	8	+SRR33939694.99217/1 112 1193 1195 +edge_5_0_+disjointig_2_3588_44283 22443 23539 40695 -1 -1 963 0.0188957
Chain
	Aln	9	-SRR33939694.99217/1 1 1082 1195 -edge_5_0_+disjointig_2_3588_44283 17155 18251 40695 -1 -1 963 0.0188957
Chain
	Aln	9	+SRR33939694.99268/1 113 1114 1116 -edge_5_0_+disjointig_2_3588_44283 4527 5524 40695 -1 -1 894 0.0239031
Chain
	Aln	8	-SRR33939694.99268/1 1 1002 1116 +edge_5_0_+disjointig_2_3588_44283 35170 36167 40695 -1 -1 894 0.0239031
Chain
	Aln	9	+SRR33939694.99267/1 118 1160 1166 -edge_5_0_+disjointig_2_3588_44283 14480 15532 40695 -1 -1 895 0.0354686
Chain
	Aln	8	-SRR33939694.99267/1 5 1047 1166 +edge_5_0_+disjointig_2_3588_44283 25162 26214 40695 -1 -1 895 0.0354686
Chain
	Aln	8	+SRR33939694.99258/1 113 1584 1588 +edge_5_0_+disjointig_2_3588_44283 14768 16225 40695 -1 -1 1319 0.0194318
Chain
	Aln	9	-SRR33939694.99258/1 3 1474 1588 -edge_5_0_+disjointig_2_3588_44283 24469 25926 40695 -1 -1 1319 0.0194318
Chain
	Aln	8	+SRR33939694.99278/1 111 1315 1317 +edge_5_0_+disjointig_2_3588_44283 24612 25822 40695 -1 -1 1127 0.0215438
Chain
	Aln	9	-SRR33939694.99278/1 1 1205 1317 -edge_5_0_+disjointig_2_3588_44283 14872 16082 40695 -1 -1 1127 0.0215438
Chain
	Aln	8	+SRR33939694.99313/1 110 1186 1189 +edge_5_0_+disjointig_2_3588_44283 39590 40691 40695 -1 -1 979 0.0322155
Chain
	Aln	9	-SRR33939694.99313/1 2 1078 1189 -edge_5_0_+disjointig_2_3588_44283 3 1104 40695 -1 -1 979 0.0322155
Chain
	Aln	9	+SRR33939694.99373/1 117 1345 1349 -edge_5_0_+disjointig_2_3588_44283 6579 7793 40695 -1 -1 865 0.0473973
Chain
	Aln	8	-SRR33939694.99373/1 3 1231 1349 +edge_5_0_+disjointig_2_3588_44283 32901 34115 40695 -1 -1 865 0.0473973
Chain
	Aln	9	+SRR33939694.99418/1 102 1192 1209 -edge_5_0_+disjointig_2_3588_44283 36575 37685 40695 -1 -1 1014 0.0217541
Chain
	Aln	8	-SRR33939694.99418/1 16 1106 1209 +edge_5_0_+disjointig_2_3588_44283 3009 4119 40695 -1 -1 1014 0.0217541
Chain
	Aln	8	+SRR33939694.99329/1 117 2025 2028 +edge_5_0_+disjointig_2_3588_44283 3311 5276 40695 -1 -1 1485 0.0419482
Chain
	Aln	9	-SRR33939694.99329/1 2 1910 2028 -edge_5_0_+disjointig_2_3588_44283 35418 37383 40695 -1 -1 1485 0.0419482
Chain
	Aln	9	+SRR33939694.99512/1 130 1289 1330 -edge_5_0_+disjointig_2_3588_44283 32466 33627 40695 -1 -1 1101 0.0148482
Chain
	Aln	8	-SRR33939694.99512/1 40 1199 1330 +edge_5_0_+disjointig_2_3588_44283 7067 8228 40695 -1 -1 1101 0.0148482
Chain
	Aln	9	+SRR33939694.99442/1 114 1762 1768 -edge_5_0_+disjointig_2_3588_44283 28751 30433 40695 -1 -1 1394 0.0288402
Chain
	Aln	8	-SRR33939694.99442/1 5 1653 1768 +edge_5_0_+disjointig_2_3588_44283 10261 11943 40695 -1 -1 1394 0.0288402
Chain
	Aln	9	+SRR33939694.99520/1 117 1353 1356 -edge_5_0_+disjointig_2_3588_44283 7741 9005 40695 -1 -1 1137 0.0272847
Chain
	Aln	8	-SRR33939694.99520/1 2 1238 1356 +edge_5_0_+disjointig_2_3588_44283 31689 32953 40695 -1 -1 1137 0.0272847
Chain
	Aln	8	+SRR33939694.99528/1 125 1460 1462 +edge_5_0_+disjointig_2_3588_44283 34461 35821 40695 -1 -1 1163 0.0298391
Chain
	Aln	9	-SRR33939694.99528/1 1 1336 1462 -edge_5_0_+disjointig_2_3588_44283 4873 6233 40695 -1 -1 1163 0.0298391
Chain
	Aln	8	+SRR33939694.99540/1 113 1241 1255 +edge_5_0_+disjointig_2_3588_44283 15407 16539 40695 -1 -1 1102 0.0134255
Chain
	Aln	9	-SRR33939694.99540/1 13 1141 1255 -edge_5_0_+disjointig_2_3588_44283 24155 25287 40695 -1 -1 1102 0.0134255
Chain
	Aln	8	+SRR33939694.99583/1 106 1411 1414 +edge_5_0_+disjointig_2_3588_44283 12373 13685 40695 -1 -1 1154 0.0262344
Chain
	Aln	9	-SRR33939694.99583/1 2 1307 1414 -edge_5_0_+disjointig_2_3588_44283 27009 28321 40695 -1 -1 1154 0.0262344
Chain
	Aln	8	+SRR33939694.99525/1 98 2152 2156 +edge_5_0_+disjointig_2_3588_44283 8571 10636 40695 -1 -1 1952 0.015459
Chain
	Aln	9	-SRR33939694.99525/1 3 2057 2156 -edge_5_0_+disjointig_2_3588_44283 30058 32123 40695 -1 -1 1952 0.015459
Chain
	Aln	8	+SRR33939694.99672/1 117 1255 1257 +edge_5_0_+disjointig_2_3588_44283 7653 8803 40695 -1 -1 1059 0.0210617
Chain
	Aln	9	-SRR33939694.99672/1 1 1139 1257 -edge_5_0_+disjointig_2_3588_44283 31891 33041 40695 -1 -1 1059 0.0210617
Chain
	Aln	8	+SRR33939694.99697/1 119 1227 1229 +edge_5_0_+disjointig_2_3588_44283 15134 16254 40695 -1 -1 778 0.0513907
Chain
	Aln	9	-SRR33939694.99697/1 1 1109 1229 -edge_5_0_+disjointig_2_3588_44283 24440 25560 40695 -1 -1 778 0.0513907
Chain
	Aln	8	+SRR33939694.99741/1 113 1751 1753 +edge_5_0_+disjointig_2_3588_44283 12913 14553 40695 -1 -1 1589 0.0111202
Chain
	Aln	9	-SRR33939694.99741/1 1 1639 1753 -edge_5_0_+disjointig_2_3588_44283 26141 27781 40695 -1 -1 1589 0.0111202
Chain
	Aln	9	+SRR33939694.99793/1 104 1199 1206 -edge_5_0_+disjointig_2_3588_44283 2277 3374 40695 -1 -1 1026 0.021912
Chain
	Aln	8	-SRR33939694.99793/1 6 1101 1206 +edge_5_0_+disjointig_2_3588_44283 37320 38417 40695 -1 -1 1026 0.021912
Chain
	Aln	8	+SRR33939694.99806/1 112 1157 1159 +edge_5_0_+disjointig_2_3588_44283 38186 39232 40695 -1 -1 1019 0.00943496
Chain
	Aln	9	-SRR33939694.99806/1 1 1046 1159 -edge_5_0_+disjointig_2_3588_44283 1462 2508 40695 -1 -1 1019 0.00943496
Chain
	Aln	8	+SRR33939694.99827/1 109 1271 1280 +edge_5_0_+disjointig_2_3588_44283 39167 40343 40695 -1 -1 1036 0.019657
Chain
	Aln	9	-SRR33939694.99827/1 8 1170 1280 -edge_5_0_+disjointig_2_3588_44283 351 1527 40695 -1 -1 1036 0.019657
Chain
	Aln	9	+SRR33939694.99839/1 113 1176 1189 -edge_5_0_+disjointig_2_3588_44283 37084 38148 40695 -1 -1 955 0.0271412
Chain
	Aln	8	-SRR33939694.99839/1 12 1075 1189 +edge_5_0_+disjointig_2_3588_44283 2546 3610 40695 -1 -1 955 0.0271412
Chain
	Aln	8	+SRR33939694.99842/1 148 1525 1542 +edge_5_0_+disjointig_2_3588_44283 20503 21881 40695 -1 -1 1281 0.0190902
Chain
	Aln	9	-SRR33939694.99842/1 16 1393 1542 -edge_5_0_+disjointig_2_3588_44283 18813 20191 40695 -1 -1 1281 0.0190902
Chain
	Aln	9	+SRR33939694.99929/1 107 1266 1268 -edge_5_0_+disjointig_2_3588_44283 11341 12500 40695 -1 -1 1060 0.0190809
Chain
	Aln	8	-SRR33939694.99929/1 1 1160 1268 +edge_5_0_+disjointig_2_3588_44283 28194 29353 40695 -1 -1 1060 0.0190809
Chain
	Aln	9	+SRR33939694.99946/1 112 1246 1248 -edge_5_0_+disjointig_2_3588_44283 6508 7663 40695 -1 -1 1064 0.0262823
Chain
	Aln	8	-SRR33939694.99946/1 1 1135 1248 +edge_5_0_+disjointig_2_3588_44283 33031 34186 40695 -1 -1 1064 0.0262823
Chain
	Aln	8	+SRR33939694.99924/1 109 2452 2454 +edge_5_0_+disjointig_2_3588_44283 35067 37419 40695 -1 -1 2270 0.0124882
Chain
	Aln	9	-SRR33939694.99924/1 1 2344 2454 -edge_5_0_+disjointig_2_3588_44283 3275 5627 40695 -1 -1 2270 0.0124882
Chain
	Aln	8	+SRR33939694.99936/1 112 2077 2081 +edge_5_0_+disjointig_2_3588_44283 18655 20631 40695 -1 -1 1797 0.0249277
Chain
	Aln	9	-SRR33939694.99936/1 3 1968 2081 -edge_5_0_+disjointig_2_3588_44283 20063 22039 40695 -1 -1 1797 0.0249277
Chain
	Aln	9	+SRR33939694.100050/1 109 1501 1503 -edge_5_0_+disjointig_2_3588_44283 27677 29092 40695 -1 -1 1119 0.0405004
Chain
	Aln	8	-SRR33939694.100050/1 1 1393 1503 +edge_5_0_+disjointig_2_3588_44283 11602 13017 40695 -1 -1 1119 0.0405004
Chain
	Aln	8	+SRR33939694.100173/1 116 1339 1344 +edge_5_0_+disjointig_2_3588_44283 35758 37004 40695 -1 -1 1133 0.0190044
Chain
	Aln	9	-SRR33939694.100173/1 4 1227 1344 -edge_5_0_+disjointig_2_3588_44283 3690 4936 40695 -1 -1 1133 0.0190044
Chain
	Aln	8	+SRR33939694.100232/1 105 1115 1117 +edge_5_0_+disjointig_2_3588_44283 31903 32919 40695 -1 -1 906 0.0223555
Chain
	Aln	9	-SRR33939694.100232/1 1 1011 1117 -edge_5_0_+disjointig_2_3588_44283 7775 8791 40695 -1 -1 906 0.0223555
Chain
	Aln	8	+SRR33939694.100160/1 128 1689 1694 +edge_5_0_+disjointig_2_3588_44283 28356 29930 40695 -1 -1 1411 0.0251656
Chain
	Aln	9	-SRR33939694.100160/1 4 1565 1694 -edge_5_0_+disjointig_2_3588_44283 10764 12338 40695 -1 -1 1411 0.0251656
Chain
	Aln	8	+SRR33939694.100172/1 115 1807 1910 +edge_5_0_+disjointig_2_3588_44283 35671 37377 40695 -1 -1 1203 0.0521683
Chain
	Aln	9	-SRR33939694.100172/1 102 1794 1910 -edge_5_0_+disjointig_2_3588_44283 3317 5023 40695 -1 -1 1203 0.0521683
Chain
	Aln	8	+SRR33939694.100271/1 108 1134 1163 +edge_5_0_+disjointig_2_3588_44283 11562 12591 40695 -1 -1 881 0.0251737
Chain
	Aln	9	-SRR33939694.100271/1 28 1054 1163 -edge_5_0_+disjointig_2_3588_44283 28103 29132 40695 -1 -1 881 0.0251737
Chain
	Aln	9	+SRR33939694.100265/1 111 1316 1318 -edge_5_0_+disjointig_2_3588_44283 9451 10652 40695 -1 -1 1137 0.0217937
Chain
	Aln	8	-SRR33939694.100265/1 1 1206 1318 +edge_5_0_+disjointig_2_3588_44283 30042 31243 40695 -1 -1 1137 0.0217937
Chain
	Aln	9	+SRR33939694.100539/1 138 1671 1673 -edge_5_0_+disjointig_2_3588_44283 29031 30582 40695 -1 -1 1176 0.0382202
Chain
	Aln	8	-SRR33939694.100539/1 1 1534 1673 +edge_5_0_+disjointig_2_3588_44283 10112 11663 40695 -1 -1 1176 0.0382202
Chain
	Aln	9	+SRR33939694.100580/1 113 1204 1206 -edge_5_0_+disjointig_2_3588_44283 11162 12251 40695 -1 -1 968 0.0222948
Chain
	Aln	8	-SRR33939694.100580/1 1 1092 1206 +edge_5_0_+disjointig_2_3588_44283 28443 29532 40695 -1 -1 968 0.0222948
Chain
	Aln	9	+SRR33939694.100620/1 122 1162 1164 -edge_5_0_+disjointig_2_3588_44283 33154 34194 40695 -1 -1 872 0.0375156
Chain
	Aln	8	-SRR33939694.100620/1 1 1041 1164 +edge_5_0_+disjointig_2_3588_44283 6500 7540 40695 -1 -1 872 0.0375156
Chain
	Aln	8	+SRR33939694.100644/1 113 1422 1446 +edge_5_0_+disjointig_2_3588_44283 5237 6550 40695 -1 -1 1240 0.0156597
Chain
	Aln	9	-SRR33939694.100644/1 23 1332 1446 -edge_5_0_+disjointig_2_3588_44283 34144 35457 40695 -1 -1 1240 0.0156597
Chain
	Aln	8	+SRR33939694.100723/1 137 1194 1196 +edge_5_0_+disjointig_2_3588_44283 35225 36302 40695 -1 -1 999 0.0240317
Chain
	Aln	9	-SRR33939694.100723/1 1 1058 1196 -edge_5_0_+disjointig_2_3588_44283 4392 5469 40695 -1 -1 999 0.0240317
Chain
	Aln	8	+SRR33939694.100776/1 110 1247 1250 +edge_5_0_+disjointig_2_3588_44283 1037 2176 40695 -1 -1 1116 0.011986
Chain
	Aln	9	-SRR33939694.100776/1 2 1139 1250 -edge_5_0_+disjointig_2_3588_44283 38518 39657 40695 -1 -1 1116 0.011986
Chain
	Aln	8	+SRR33939694.100785/1 104 1168 1170 +edge_5_0_+disjointig_2_3588_44283 8696 9764 40695 -1 -1 960 0.0194852
Chain
	Aln	9	-SRR33939694.100785/1 1 1065 1170 -edge_5_0_+disjointig_2_3588_44283 30930 31998 40695 -1 -1 960 0.0194852
Chain
	Aln	8	+SRR33939694.100798/1 104 1163 1181 +edge_5_0_+disjointig_2_3588_44283 27297 28364 40695 -1 -1 1033 0.0137957
Chain
	Aln	9	-SRR33939694.100798/1 17 1076 1181 -edge_5_0_+disjointig_2_3588_44283 12330 13397 40695 -1 -1 1033 0.0137957
Chain
	Aln	9	+SRR33939694.100651/1 110 2583 2585 -edge_5_0_+disjointig_2_3588_44283 30711 33196 40695 -1 -1 2332 0.0158168
Chain
	Aln	8	-SRR33939694.100651/1 1 2474 2585 +edge_5_0_+disjointig_2_3588_44283 7498 9983 40695 -1 -1 2332 0.0158168
Chain
	Aln	9	+SRR33939694.100865/1 125 1542 1544 -edge_5_0_+disjointig_2_3588_44283 16679 18097 40695 -1 -1 1323 0.0194291
Chain
	Aln	8	-SRR33939694.100865/1 1 1418 1544 +edge_5_0_+disjointig_2_3588_44283 22597 24015 40695 -1 -1 1323 0.0194291
Chain
	Aln	9	+SRR33939694.100812/1 112 1523 1759 -edge_5_0_+disjointig_2_3588_44283 39275 40694 40695 -1 -1 1357 0.0171479
Chain
	Aln	8	-SRR33939694.100812/1 235 1646 1759 +edge_5_0_+disjointig_2_3588_44283 0 1419 40695 -1 -1 1357 0.0171479
Chain
	Aln	9	+SRR33939694.100882/1 108 1194 1202 -edge_5_0_+disjointig_2_3588_44283 2466 3558 40695 -1 -1 989 0.0215654
Chain
	Aln	8	-SRR33939694.100882/1 7 1093 1202 +edge_5_0_+disjointig_2_3588_44283 37136 38228 40695 -1 -1 989 0.0215654
Chain
	Aln	8	+SRR33939694.100886/1 113 1265 1277 +edge_5_0_+disjointig_2_3588_44283 24026 25191 40695 -1 -1 1076 0.0175171
Chain
	Aln	9	-SRR33939694.100886/1 11 1163 1277 -edge_5_0_+disjointig_2_3588_44283 15503 16668 40695 -1 -1 1076 0.0175171
Chain
	Aln	9	+SRR33939694.100942/1 107 1670 1680 -edge_5_0_+disjointig_2_3588_44283 16786 18360 40695 -1 -1 1354 0.0306975
Chain
	Aln	8	-SRR33939694.100942/1 9 1572 1680 +edge_5_0_+disjointig_2_3588_44283 22334 23908 40695 -1 -1 1354 0.0306975
Chain
	Aln	8	+SRR33939694.100978/1 109 1167 1190 +edge_5_0_+disjointig_2_3588_44283 23525 24601 40695 -1 -1 973 0.0278888
Chain
	Aln	9	-SRR33939694.100978/1 22 1080 1190 -edge_5_0_+disjointig_2_3588_44283 16093 17169 40695 -1 -1 973 0.0278888
Chain
	Aln	0	+SRR33939694.100950/1 155 2649 2727 +edge_1_0_+disjointig_1_0_20896 8185 10712 20896 -1 -1 1927 0.0404988
Chain
	Aln	1	-SRR33939694.100950/1 77 2571 2727 -edge_1_0_+disjointig_1_0_20896 10183 12710 20896 -1 -1 1927 0.0404988
Chain
	Aln	9	+SRR33939694.101002/1 114 1410 1412 -edge_5_0_+disjointig_2_3588_44283 30267 31565 40695 -1 -1 1246 0.0138247
Chain
	Aln	8	-SRR33939694.101002/1 1 1297 1412 +edge_5_0_+disjointig_2_3588_44283 9129 10427 40695 -1 -1 1246 0.0138247
Chain
	Aln	8	+SRR33939694.100998/1 121 1995 1998 +edge_5_0_+disjointig_2_3588_44283 19447 21328 40695 -1 -1 1599 0.0281664
Chain
	Aln	9	-SRR33939694.100998/1 2 1876 1998 -edge_5_0_+disjointig_2_3588_44283 19366 21247 40695 -1 -1 1599 0.0281664
Chain
	Aln	8	+SRR33939694.101058/1 113 1186 1191 +edge_5_0_+disjointig_2_3588_44283 6739 7819 40695 -1 -1 1008 0.0202962
Chain
	Aln	9	-SRR33939694.101058/1 4 1077 1191 -edge_5_0_+disjointig_2_3588_44283 32875 33955 40695 -1 -1 1008 0.0202962
Chain
	Aln	4	+SRR33939694.101182/1 135 1143 1152 +edge_3_0_-disjointig_2_41855_44283 160 1179 2428 -1 -1 831 0.0320789
Chain
	Aln	5	-SRR33939694.101182/1 8 1016 1152 -edge_3_0_-disjointig_2_41855_44283 1248 2267 2428 -1 -1 831 0.0320789
Chain
	Aln	8	+SRR33939694.101214/1 140 1535 1537 +edge_5_0_+disjointig_2_3588_44283 16848 18236 40695 -1 -1 1259 0.0225958
Chain
	Aln	9	-SRR33939694.101214/1 1 1396 1537 -edge_5_0_+disjointig_2_3588_44283 22458 23846 40695 -1 -1 1259 0.0225958
Chain
	Aln	9	+SRR33939694.101231/1 117 1301 1305 -edge_5_0_+disjointig_2_3588_44283 7009 8195 40695 -1 -1 1093 0.0191152
Chain
	Aln	8	-SRR33939694.101231/1 3 1187 1305 +edge_5_0_+disjointig_2_3588_44283 32499 33685 40695 -1 -1 1093 0.0191152
Chain
	Aln	8	+SRR33939694.101222/1 105 1394 1396 +edge_5_0_+disjointig_2_3588_44283 31928 33216 40695 -1 -1 1159 0.0213276
Chain
	Aln	9	-SRR33939694.101222/1 1 1290 1396 -edge_5_0_+disjointig_2_3588_44283 7478 8766 40695 -1 -1 1159 0.0213276
Chain
	Aln	8	+SRR33939694.101245/1 114 1413 1415 +edge_5_0_+disjointig_2_3588_44283 7711 9017 40695 -1 -1 1143 0.0349624
Chain
	Aln	9	-SRR33939694.101245/1 1 1300 1415 -edge_5_0_+disjointig_2_3588_44283 31677 32983 40695 -1 -1 1143 0.0349624
Chain
	Aln	9	+SRR33939694.101229/1 112 2025 2030 -edge_5_0_+disjointig_2_3588_44283 38269 40183 40695 -1 -1 1715 0.018288
Chain
	Aln	8	-SRR33939694.101229/1 4 1917 2030 +edge_5_0_+disjointig_2_3588_44283 511 2425 40695 -1 -1 1715 0.018288
Chain
	Aln	8	+SRR33939694.101304/1 121 1312 1317 +edge_5_0_+disjointig_2_3588_44283 7648 8849 40695 -1 -1 892 0.0390181
Chain
	Aln	9	-SRR33939694.101304/1 4 1195 1317 -edge_5_0_+disjointig_2_3588_44283 31845 33046 40695 -1 -1 892 0.0390181
Chain
	Aln	8	+SRR33939694.101292/1 112 1294 1298 +edge_5_0_+disjointig_2_3588_44283 12203 13375 40695 -1 -1 909 0.0389431
Chain
	Aln	9	-SRR33939694.101292/1 3 1185 1298 -edge_5_0_+disjointig_2_3588_44283 27319 28491 40695 -1 -1 909 0.0389431
Chain
	Aln	8	+SRR33939694.101335/1 110 1174 1192 +edge_5_0_+disjointig_2_3588_44283 9330 10390 40695 -1 -1 1000 0.0165629
Chain
	Aln	9	-SRR33939694.101335/1 17 1081 1192 -edge_5_0_+disjointig_2_3588_44283 30304 31364 40695 -1 -1 1000 0.0165629
Chain
	Aln	8	+SRR33939694.101377/1 110 1181 1183 +edge_5_0_+disjointig_2_3588_44283 17695 18784 40695 -1 -1 967 0.0200955
Chain
	Aln	9	-SRR33939694.101377/1 1 1072 1183 -edge_5_0_+disjointig_2_3588_44283 21910 22999 40695 -1 -1 967 0.0200955
Chain
	Aln	9	+SRR33939694.101435/1 121 1356 1360 -edge_5_0_+disjointig_2_3588_44283 14403 15653 40695 -1 -1 1204 0.00880647
Chain
	Aln	8	-SRR33939694.101435/1 3 1238 1360 +edge_5_0_+disjointig_2_3588_44283 25041 26291 40695 -1 -1 1204 0.00880647
Chain
	Aln	0	+SRR33939694.101424/1 283 1817 1827 +edge_1_0_+disjointig_1_0_20896 17334 18881 20896 -1 -1 1336 0.0265491
Chain
	Aln	1	-SRR33939694.101424/1 9 1543 1827 -edge_1_0_+disjointig_1_0_20896 2014 3561 20896 -1 -1 1336 0.0265491
Chain
	Aln	9	+SRR33939694.101479/1 107 1258 1260 -edge_5_0_+disjointig_2_3588_44283 7658 8820 40695 -1 -1 962 0.0343787
Chain
	Aln	8	-SRR33939694.101479/1 1 1152 1260 +edge_5_0_+disjointig_2_3588_44283 31874 33036 40695 -1 -1 962 0.0343787
Chain
	Aln	8	+SRR33939694.101457/1 109 1464 1466 +edge_5_0_+disjointig_2_3588_44283 8737 10089 40695 -1 -1 1220 0.0220741
Chain
	Aln	9	-SRR33939694.101457/1 1 1356 1466 -edge_5_0_+disjointig_2_3588_44283 30605 31957 40695 -1 -1 1220 0.0220741
Chain
	Aln	8	+SRR33939694.101493/1 122 1338 1341 +edge_5_0_+disjointig_2_3588_44283 11638 12860 40695 -1 -1 1111 0.0238336
Chain
	Aln	9	-SRR33939694.101493/1 2 1218 1341 -edge_5_0_+disjointig_2_3588_44283 27834 29056 40695 -1 -1 1111 0.0238336
Chain
	Aln	9	+SRR33939694.101523/1 103 1234 1249 -edge_5_0_+disjointig_2_3588_44283 3161 4291 40695 -1 -1 922 0.0337968
Chain
	Aln	8	-SRR33939694.101523/1 14 1145 1249 +edge_5_0_+disjointig_2_3588_44283 36403 37533 40695 -1 -1 922 0.0337968
Chain
	Aln	8	+SRR33939694.101500/1 114 1142 1144 +edge_5_0_+disjointig_2_3588_44283 29657 30679 40695 -1 -1 936 0.0199908
Chain
	Aln	9	-SRR33939694.101500/1 1 1029 1144 -edge_5_0_+disjointig_2_3588_44283 10015 11037 40695 -1 -1 936 0.0199908
Chain
	Aln	8	+SRR33939694.101531/1 112 1476 1478 +edge_5_0_+disjointig_2_3588_44283 32755 34137 40695 -1 -1 1161 0.0296436
Chain
	Aln	9	-SRR33939694.101531/1 1 1365 1478 -edge_5_0_+disjointig_2_3588_44283 6557 7939 40695 -1 -1 1161 0.0296436
Chain
	Aln	9	+SRR33939694.101585/1 116 1173 1175 -edge_5_0_+disjointig_2_3588_44283 25387 26455 40695 -1 -1 975 0.0172253
Chain
	Aln	8	-SRR33939694.101585/1 1 1058 1175 +edge_5_0_+disjointig_2_3588_44283 14239 15307 40695 -1 -1 975 0.0172253
Chain
	Aln	9	+SRR33939694.101607/1 110 1278 1281 -edge_5_0_+disjointig_2_3588_44283 29245 30410 40695 -1 -1 1057 0.0221955
Chain
	Aln	8	-SRR33939694.101607/1 2 1170 1281 +edge_5_0_+disjointig_2_3588_44283 10284 11449 40695 -1 -1 1057 0.0221955
Chain
	Aln	8	+SRR33939694.101704/1 112 1240 1243 +edge_5_0_+disjointig_2_3588_44283 2821 3948 40695 -1 -1 1066 0.015009
Chain
	Aln	9	-SRR33939694.101704/1 2 1130 1243 -edge_5_0_+disjointig_2_3588_44283 36746 37873 40695 -1 -1 1066 0.015009
Chain
	Aln	9	+SRR33939694.101662/1 117 1891 1897 -edge_5_0_+disjointig_2_3588_44283 33429 35210 40695 -1 -1 1677 0.0164511
Chain
	Aln	8	-SRR33939694.101662/1 5 1779 1897 +edge_5_0_+disjointig_2_3588_44283 5484 7265 40695 -1 -1 1677 0.0164511
Chain
	Aln	8	+SRR33939694.101739/1 112 1238 1267 +edge_5_0_+disjointig_2_3588_44283 17783 18915 40695 -1 -1 1050 0.0216926
Chain
	Aln	9	-SRR33939694.101739/1 28 1154 1267 -edge_5_0_+disjointig_2_3588_44283 21779 22911 40695 -1 -1 1050 0.0216926
Chain
	Aln	8	+SRR33939694.100991/1 142 8674 8692 +edge_5_0_+disjointig_2_3588_44283 25457 34038 40695 -1 -1 7539 0.0258113
Chain
	Aln	9	-SRR33939694.100991/1 17 8549 8692 -edge_5_0_+disjointig_2_3588_44283 6656 15237 40695 -1 -1 7539 0.0258113
Chain
	Aln	9	+SRR33939694.101778/1 118 1413 1430 -edge_5_0_+disjointig_2_3588_44283 24056 25349 40695 -1 -1 1136 0.0276091
Chain
	Aln	8	-SRR33939694.101778/1 16 1311 1430 +edge_5_0_+disjointig_2_3588_44283 15345 16638 40695 -1 -1 1136 0.0276091
Chain
	Aln	7	+SRR33939694.101766/1 761 2152 2154 -edge_4_0_+disjointig_1_22059_47419 5714 7106 25360 -1 -1 1308 0.021121
Chain
	Aln	6	-SRR33939694.101766/1 1 1392 2154 +edge_4_0_+disjointig_1_22059_47419 18253 19645 25360 -1 -1 1308 0.021121
Chain
	Aln	8	+SRR33939694.101833/1 117 1170 1207 +edge_5_0_+disjointig_2_3588_44283 12983 14030 40695 -1 -1 827 0.0426963
Chain
	Aln	9	-SRR33939694.101833/1 36 1089 1207 -edge_5_0_+disjointig_2_3588_44283 26664 27711 40695 -1 -1 827 0.0426963
Chain
	Aln	8	+SRR33939694.101782/1 119 1458 1461 +edge_5_0_+disjointig_2_3588_44283 4651 5992 40695 -1 -1 1260 0.0151139
Chain
	Aln	9	-SRR33939694.101782/1 2 1341 1461 -edge_5_0_+disjointig_2_3588_44283 34702 36043 40695 -1 -1 1260 0.0151139
Chain
	Aln	9	+SRR33939694.101788/1 109 1468 1501 -edge_5_0_+disjointig_2_3588_44283 27742 29111 40695 -1 -1 1179 0.022742
Chain
	Aln	8	-SRR33939694.101788/1 32 1391 1501 +edge_5_0_+disjointig_2_3588_44283 11583 12952 40695 -1 -1 1179 0.022742
Chain
	Aln	8	+SRR33939694.101802/1 110 1562 1564 +edge_5_0_+disjointig_2_3588_44283 20902 22356 40695 -1 -1 1305 0.0226039
Chain
	Aln	9	-SRR33939694.101802/1 1 1453 1564 -edge_5_0_+disjointig_2_3588_44283 18338 19792 40695 -1 -1 1305 0.0226039
Chain
	Aln	9	+SRR33939694.101844/1 116 1242 1310 -edge_5_0_+disjointig_2_3588_44283 29469 30601 40695 -1 -1 984 0.0250194
Chain
	Aln	8	-SRR33939694.101844/1 67 1193 1310 +edge_5_0_+disjointig_2_3588_44283 10093 11225 40695 -1 -1 984 0.0250194
Chain
	Aln	8	+SRR33939694.101910/1 109 1242 1277 +edge_5_0_+disjointig_2_3588_44283 11382 12535 40695 -1 -1 956 0.0345613
Chain
	Aln	9	-SRR33939694.101910/1 34 1167 1277 -edge_5_0_+disjointig_2_3588_44283 28159 29312 40695 -1 -1 956 0.0345613
Chain
	Aln	7	+SRR33939694.101879/1 210 1541 1594 -edge_4_0_+disjointig_1_22059_47419 21885 23238 25360 -1 -1 1120 0.0337843
Chain
	Aln	6	-SRR33939694.101879/1 52 1383 1594 +edge_4_0_+disjointig_1_22059_47419 2121 3474 25360 -1 -1 1120 0.0337843
Chain
	Aln	9	+SRR33939694.101885/1 106 1850 1853 -edge_5_0_+disjointig_2_3588_44283 17629 19378 40695 -1 -1 1181 0.0597186
Chain
	Aln	8	-SRR33939694.101885/1 2 1746 1853 +edge_5_0_+disjointig_2_3588_44283 21316 23065 40695 -1 -1 1181 0.0597186
Chain
	Aln	9	+SRR33939694.101983/1 106 1177 1207 -edge_5_0_+disjointig_2_3588_44283 26596 27676 40695 -1 -1 965 0.0246911
Chain
	Aln	8	-SRR33939694.101983/1 29 1100 1207 +edge_5_0_+disjointig_2_3588_44283 13018 14098 40695 -1 -1 965 0.0246911
Chain
	Aln	9	+SRR33939694.101991/1 113 1195 1231 -edge_5_0_+disjointig_2_3588_44283 24031 25127 40695 -1 -1 975 0.0207776
Chain
	Aln	8	-SRR33939694.101991/1 35 1117 1231 +edge_5_0_+disjointig_2_3588_44283 15567 16663 40695 -1 -1 975 0.0207776
Chain
	Aln	9	+SRR33939694.102028/1 111 1261 1264 -edge_5_0_+disjointig_2_3588_44283 18868 20019 40695 -1 -1 1001 0.0208206
Chain
	Aln	8	-SRR33939694.102028/1 2 1152 1264 +edge_5_0_+disjointig_2_3588_44283 20675 21826 40695 -1 -1 1001 0.0208206
Chain
	Aln	9	+SRR33939694.102019/1 104 1338 1347 -edge_5_0_+disjointig_2_3588_44283 15633 16870 40695 -1 -1 1148 0.0206375
Chain
	Aln	8	-SRR33939694.102019/1 8 1242 1347 +edge_5_0_+disjointig_2_3588_44283 23824 25061 40695 -1 -1 1148 0.0206375
Chain
	Aln	8	+SRR33939694.102060/1 119 1431 1450 +edge_5_0_+disjointig_2_3588_44283 35431 36762 40695 -1 -1 1146 0.0308438
Chain
	Aln	9	-SRR33939694.102060/1 18 1330 1450 -edge_5_0_+disjointig_2_3588_44283 3932 5263 40695 -1 -1 1146 0.0308438
Chain
	Aln	8	+SRR33939694.102153/1 147 1216 1218 +edge_5_0_+disjointig_2_3588_44283 24081 25142 40695 -1 -1 1019 0.0172804
Chain
	Aln	9	-SRR33939694.102153/1 1 1070 1218 -edge_5_0_+disjointig_2_3588_44283 15552 16613 40695 -1 -1 1019 0.0172804
Chain
	Aln	9	+SRR33939694.102276/1 98 1141 1145 -edge_5_0_+disjointig_2_3588_44283 20430 21491 40695 -1 -1 855 0.0322053
Chain
	Aln	8	-SRR33939694.102276/1 3 1046 1145 +edge_5_0_+disjointig_2_3588_44283 19203 20264 40695 -1 -1 855 0.0322053
Chain
	Aln	9	+SRR33939694.102335/1 116 1315 1317 -edge_5_0_+disjointig_2_3588_44283 19244 20431 40695 -1 -1 1079 0.0179297
Chain
	Aln	8	-SRR33939694.102335/1 1 1200 1317 +edge_5_0_+disjointig_2_3588_44283 20263 21450 40695 -1 -1 1079 0.0179297
Chain
	Aln	9	+SRR33939694.102341/1 110 1227 1230 -edge_5_0_+disjointig_2_3588_44283 34996 36118 40695 -1 -1 1027 0.0202008
Chain
	Aln	8	-SRR33939694.102341/1 2 1119 1230 +edge_5_0_+disjointig_2_3588_44283 4576 5698 40695 -1 -1 1027 0.0202008
Chain
	Aln	8	+SRR33939694.102383/1 114 1416 1418 +edge_5_0_+disjointig_2_3588_44283 838 2149 40695 -1 -1 1239 0.0157458
Chain
	Aln	9	-SRR33939694.102383/1 1 1303 1418 -edge_5_0_+disjointig_2_3588_44283 38545 39856 40695 -1 -1 1239 0.0157458
Chain
	Aln	9	+SRR33939694.102471/1 125 1443 1445 -edge_5_0_+disjointig_2_3588_44283 21384 22705 40695 -1 -1 1172 0.0273418
Chain
	Aln	8	-SRR33939694.102471/1 1 1319 1445 +edge_5_0_+disjointig_2_3588_44283 17989 19310 40695 -1 -1 1172 0.0273418
Chain
	Aln	9	+SRR33939694.102415/1 113 1414 1419 -edge_5_0_+disjointig_2_3588_44283 21693 22971 40695 -1 -1 1090 0.0255991
Chain
	Aln	8	-SRR33939694.102415/1 4 1305 1419 +edge_5_0_+disjointig_2_3588_44283 17723 19001 40695 -1 -1 1090 0.0255991
Chain
	Aln	9	+SRR33939694.102384/1 122 1664 1666 -edge_5_0_+disjointig_2_3588_44283 13953 15501 40695 -1 -1 1402 0.0232182
Chain
	Aln	8	-SRR33939694.102384/1 1 1543 1666 +edge_5_0_+disjointig_2_3588_44283 25193 26741 40695 -1 -1 1402 0.0232182
Chain
	Aln	9	+SRR33939694.102472/1 86 1212 1214 -edge_5_0_+disjointig_2_3588_44283 18442 19569 40695 -1 -1 1045 0.019654
Chain
	Aln	8	-SRR33939694.102472/1 1 1127 1214 +edge_5_0_+disjointig_2_3588_44283 21125 22252 40695 -1 -1 1045 0.019654
Chain
	Aln	8	+SRR33939694.102474/1 118 1350 1352 +edge_5_0_+disjointig_2_3588_44283 23597 24833 40695 -1 -1 1102 0.0238569
Chain
	Aln	9	-SRR33939694.102474/1 1 1233 1352 -edge_5_0_+disjointig_2_3588_44283 15861 17097 40695 -1 -1 1102 0.0238569
Chain
	Aln	8	+SRR33939694.102491/1 135 1318 1322 +edge_5_0_+disjointig_2_3588_44283 37379 38570 40695 -1 -1 1102 0.0190201
Chain
	Aln	9	-SRR33939694.102491/1 3 1186 1322 -edge_5_0_+disjointig_2_3588_44283 2124 3315 40695 -1 -1 1102 0.0190201
Chain
	Aln	9	+SRR33939694.102503/1 110 1250 1277 -edge_5_0_+disjointig_2_3588_44283 25089 26247 40695 -1 -1 1060 0.0212502
Chain
	Aln	8	-SRR33939694.102503/1 26 1166 1277 +edge_5_0_+disjointig_2_3588_44283 14447 15605 40695 -1 -1 1060 0.0212502
Chain
	Aln	9	+SRR33939694.102511/1 113 1619 1621 -edge_5_0_+disjointig_2_3588_44283 1880 3390 40695 -1 -1 1392 0.0184096
Chain
	Aln	8	-SRR33939694.102511/1 1 1507 1621 +edge_5_0_+disjointig_2_3588_44283 37304 38814 40695 -1 -1 1392 0.0184096
Chain
	Aln	9	+SRR33939694.102605/1 116 1597 1604 -edge_5_0_+disjointig_2_3588_44283 35033 36516 40695 -1 -1 1272 0.0303013
Chain
	Aln	8	-SRR33939694.102605/1 6 1487 1604 +edge_5_0_+disjointig_2_3588_44283 4178 5661 40695 -1 -1 1272 0.0303013
Chain
	Aln	9	+SRR33939694.102633/1 116 1457 1469 -edge_5_0_+disjointig_2_3588_44283 21931 23286 40695 -1 -1 1289 0.0151035
Chain
	Aln	8	-SRR33939694.102633/1 11 1352 1469 +edge_5_0_+disjointig_2_3588_44283 17408 18763 40695 -1 -1 1289 0.0151035
Chain
	Aln	9	+SRR33939694.102805/1 118 1217 1233 -edge_5_0_+disjointig_2_3588_44283 9534 10631 40695 -1 -1 756 0.0541829
Chain
	Aln	8	-SRR33939694.102805/1 15 1114 1233 +edge_5_0_+disjointig_2_3588_44283 30063 31160 40695 -1 -1 756 0.0541829
Chain
	Aln	9	+SRR33939694.102748/1 104 1214 1245 -edge_5_0_+disjointig_2_3588_44283 16354 17473 40695 -1 -1 1041 0.02308
Chain
	Aln	8	-SRR33939694.102748/1 30 1140 1245 +edge_5_0_+disjointig_2_3588_44283 23221 24340 40695 -1 -1 1041 0.02308
Chain
	Aln	8	+SRR33939694.102825/1 133 1158 1160 +edge_5_0_+disjointig_2_3588_44283 35958 36980 40695 -1 -1 966 0.0212031
Chain
	Aln	9	-SRR33939694.102825/1 1 1026 1160 -edge_5_0_+disjointig_2_3588_44283 3714 4736 40695 -1 -1 966 0.0212031
Chain
	Aln	8	+SRR33939694.102852/1 118 1399 1401 +edge_5_0_+disjointig_2_3588_44283 2976 4270 40695 -1 -1 997 0.0319397
Chain
	Aln	9	-SRR33939694.102852/1 1 1282 1401 -edge_5_0_+disjointig_2_3588_44283 36424 37718 40695 -1 -1 997 0.0319397
Chain
	Aln	8	+SRR33939694.102879/1 108 1391 1395 +edge_5_0_+disjointig_2_3588_44283 10190 11473 40695 -1 -1 1105 0.021647
Chain
	Aln	9	-SRR33939694.102879/1 3 1286 1395 -edge_5_0_+disjointig_2_3588_44283 29221 30504 40695 -1 -1 1105 0.021647
Chain
	Aln	9	+SRR33939694.102889/1 114 1351 1353 -edge_5_0_+disjointig_2_3588_44283 38348 39586 40695 -1 -1 1181 0.0166988
Chain
	Aln	8	-SRR33939694.102889/1 1 1238 1353 +edge_5_0_+disjointig_2_3588_44283 1108 2346 40695 -1 -1 1181 0.0166988
Chain
	Aln	9	+SRR33939694.102915/1 101 1306 1312 -edge_5_0_+disjointig_2_3588_44283 29567 30762 40695 -1 -1 776 0.0649506
Chain
	Aln	8	-SRR33939694.102915/1 5 1210 1312 +edge_5_0_+disjointig_2_3588_44283 9932 11127 40695 -1 -1 776 0.0649506
Chain
	Aln	9	+SRR33939694.102907/1 120 2109 2111 -edge_5_0_+disjointig_2_3588_44283 9762 11762 40695 -1 -1 1762 0.0245105
Chain
	Aln	8	-SRR33939694.102907/1 1 1990 2111 +edge_5_0_+disjointig_2_3588_44283 28932 30932 40695 -1 -1 1762 0.0245105
Chain
	Aln	8	+SRR33939694.102965/1 109 1668 1680 +edge_5_0_+disjointig_2_3588_44283 6802 8357 40695 -1 -1 1492 0.0126002
Chain
	Aln	9	-SRR33939694.102965/1 11 1570 1680 -edge_5_0_+disjointig_2_3588_44283 32337 33892 40695 -1 -1 1492 0.0126002
Chain
	Aln	9	+SRR33939694.103033/1 117 1139 1142 -edge_5_0_+disjointig_2_3588_44283 33938 34962 40695 -1 -1 992 0.0114458
Chain
	Aln	8	-SRR33939694.103033/1 2 1024 1142 +edge_5_0_+disjointig_2_3588_44283 5732 6756 40695 -1 -1 992 0.0114458
Chain
	Aln	8	+SRR33939694.103070/1 112 1204 1206 +edge_5_0_+disjointig_2_3588_44283 21601 22703 40695 -1 -1 987 0.0218687
Chain
	Aln	9	-SRR33939694.103070/1 1 1093 1206 -edge_5_0_+disjointig_2_3588_44283 17991 19093 40695 -1 -1 987 0.0218687
Chain
	Aln	9	+SRR33939694.103117/1 111 1506 1514 -edge_5_0_+disjointig_2_3588_44283 9299 10692 40695 -1 -1 1304 0.0182941
Chain
	Aln	8	-SRR33939694.103117/1 7 1402 1514 +edge_5_0_+disjointig_2_3588_44283 30002 31395 40695 -1 -1 1304 0.0182941
Chain
	Aln	8	+SRR33939694.103245/1 129 1412 1417 +edge_5_0_+disjointig_2_3588_44283 24986 26297 40695 -1 -1 928 0.0433227
Chain
	Aln	9	-SRR33939694.103245/1 4 1287 1417 -edge_5_0_+disjointig_2_3588_44283 14397 15708 40695 -1 -1 928 0.0433227
Chain
	Aln	9	+SRR33939694.103325/1 107 1254 1256 -edge_5_0_+disjointig_2_3588_44283 22665 23816 40695 -1 -1 1105 0.0179055
Chain
	Aln	8	-SRR33939694.103325/1 1 1148 1256 +edge_5_0_+disjointig_2_3588_44283 16878 18029 40695 -1 -1 1105 0.0179055
Chain
	Aln	9	+SRR33939694.103376/1 191 1242 1289 -edge_5_0_+disjointig_2_3588_44283 38899 39969 40695 -1 -1 728 0.0546645
Chain
	Aln	8	-SRR33939694.103376/1 46 1097 1289 +edge_5_0_+disjointig_2_3588_44283 725 1795 40695 -1 -1 728 0.0546645
Chain
	Aln	8	+SRR33939694.103326/1 108 1622 1624 +edge_5_0_+disjointig_2_3588_44283 19046 20570 40695 -1 -1 1422 0.0154836
Chain
	Aln	9	-SRR33939694.103326/1 1 1515 1624 -edge_5_0_+disjointig_2_3588_44283 20124 21648 40695 -1 -1 1422 0.0154836
Chain
	Aln	8	+SRR33939694.103339/1 104 1175 1177 +edge_5_0_+disjointig_2_3588_44283 9439 10518 40695 -1 -1 952 0.0316792
Chain
	Aln	9	-SRR33939694.103339/1 1 1072 1177 -edge_5_0_+disjointig_2_3588_44283 30176 31255 40695 -1 -1 952 0.0316792
Chain
	Aln	8	+SRR33939694.103260/1 117 2224 2228 +edge_5_0_+disjointig_2_3588_44283 4913 7045 40695 -1 -1 1914 0.0261212
Chain
	Aln	9	-SRR33939694.103260/1 3 2110 2228 -edge_5_0_+disjointig_2_3588_44283 33649 35781 40695 -1 -1 1914 0.0261212
Chain
	Aln	9	+SRR33939694.103333/1 114 1873 1875 -edge_5_0_+disjointig_2_3588_44283 10514 12294 40695 -1 -1 1330 0.0509325
Chain
	Aln	8	-SRR33939694.103333/1 1 1760 1875 +edge_5_0_+disjointig_2_3588_44283 28400 30180 40695 -1 -1 1330 0.0509325
Chain
	Aln	8	+SRR33939694.103439/1 109 1321 1326 +edge_5_0_+disjointig_2_3588_44283 22463 23681 40695 -1 -1 1086 0.0249561
Chain
	Aln	9	-SRR33939694.103439/1 4 1216 1326 -edge_5_0_+disjointig_2_3588_44283 17013 18231 40695 -1 -1 1086 0.0249561
Chain
	Aln	9	+SRR33939694.103517/1 112 1308 1315 -edge_5_0_+disjointig_2_3588_44283 25102 26315 40695 -1 -1 951 0.0405626
Chain
	Aln	8	-SRR33939694.103517/1 6 1202 1315 +edge_5_0_+disjointig_2_3588_44283 14379 15592 40695 -1 -1 951 0.0405626
Chain
	Aln	8	+SRR33939694.103570/1 119 1298 1309 +edge_5_0_+disjointig_2_3588_44283 28935 30137 40695 -1 -1 761 0.0605395
Chain
	Aln	9	-SRR33939694.103570/1 10 1189 1309 -edge_5_0_+disjointig_2_3588_44283 10557 11759 40695 -1 -1 761 0.0605395
Chain
	Aln	9	+SRR33939694.103391/1 140 2187 2189 -edge_5_0_+disjointig_2_3588_44283 16885 18949 40695 -1 -1 1887 0.02148
Chain
	Aln	8	-SRR33939694.103391/1 1 2048 2189 +edge_5_0_+disjointig_2_3588_44283 21745 23809 40695 -1 -1 1887 0.02148
Chain
	Aln	8	+SRR33939694.103785/1 112 1603 1610 +edge_5_0_+disjointig_2_3588_44283 27941 29435 40695 -1 -1 1420 0.0130705
Chain
	Aln	9	-SRR33939694.103785/1 6 1497 1610 -edge_5_0_+disjointig_2_3588_44283 11259 12753 40695 -1 -1 1420 0.0130705
Chain
	Aln	8	+SRR33939694.103808/1 120 1254 1257 +edge_5_0_+disjointig_2_3588_44283 20148 21289 40695 -1 -1 1042 0.0234513
Chain
	Aln	9	-SRR33939694.103808/1 2 1136 1257 -edge_5_0_+disjointig_2_3588_44283 19405 20546 40695 -1 -1 1042 0.0234513
Chain
	Aln	7	+SRR33939694.103784/1 343 2680 2708 -edge_4_0_+disjointig_1_22059_47419 849 3192 25360 -1 -1 2246 0.0146962
Chain
	Aln	6	-SRR33939694.103784/1 27 2364 2708 +edge_4_0_+disjointig_1_22059_47419 22167 24510 25360 -1 -1 2246 0.0146962
Chain
	Aln	9	+SRR33939694.103882/1 110 1745 1747 -edge_5_0_+disjointig_2_3588_44283 12083 13736 40695 -1 -1 1427 0.0297345
Chain
	Aln	8	-SRR33939694.103882/1 1 1636 1747 +edge_5_0_+disjointig_2_3588_44283 26958 28611 40695 -1 -1 1427 0.0297345
Chain
	Aln	8	+SRR33939694.103908/1 129 1356 1358 +edge_5_0_+disjointig_2_3588_44283 31407 32631 40695 -1 -1 1000 0.0321976
Chain
	Aln	9	-SRR33939694.103908/1 1 1228 1358 -edge_5_0_+disjointig_2_3588_44283 8063 9287 40695 -1 -1 1000 0.0321976
Chain
	Aln	6	+SRR33939694.103793/1 322 2602 2604 +edge_4_0_+disjointig_1_22059_47419 22518 24799 25360 -1 -1 2036 0.0223587
Chain
	Aln	7	-SRR33939694.103793/1 1 2281 2604 -edge_4_0_+disjointig_1_22059_47419 560 2841 25360 -1 -1 2036 0.0223587
Chain
	Aln	8	+SRR33939694.103995/1 110 1180 1195 +edge_5_0_+disjointig_2_3588_44283 9469 10553 40695 -1 -1 1005 0.02013
Chain
	Aln	9	-SRR33939694.103995/1 14 1084 1195 -edge_5_0_+disjointig_2_3588_44283 30141 31225 40695 -1 -1 1005 0.02013
Chain
	Aln	9	+SRR33939694.104015/1 108 1221 1223 -edge_5_0_+disjointig_2_3588_44283 2402 3495 40695 -1 -1 989 0.0200237
Chain
	Aln	8	-SRR33939694.104015/1 1 1114 1223 +edge_5_0_+disjointig_2_3588_44283 37199 38292 40695 -1 -1 989 0.0200237
Chain
	Aln	9	+SRR33939694.104001/1 123 1217 1219 -edge_5_0_+disjointig_2_3588_44283 10236 11328 40695 -1 -1 1015 0.024953
Chain
	Aln	8	-SRR33939694.104001/1 1 1095 1219 +edge_5_0_+disjointig_2_3588_44283 29366 30458 40695 -1 -1 1015 0.024953
Chain
	Aln	9	+SRR33939694.104031/1 118 1149 1151 -edge_5_0_+disjointig_2_3588_44283 30175 31192 40695 -1 -1 974 0.0130464
Chain
	Aln	8	-SRR33939694.104031/1 1 1032 1151 +edge_5_0_+disjointig_2_3588_44283 9502 10519 40695 -1 -1 974 0.0130464
Chain
	Aln	9	+SRR33939694.104045/1 109 1257 1270 -edge_5_0_+disjointig_2_3588_44283 3670 4820 40695 -1 -1 1037 0.0195432
Chain
	Aln	8	-SRR33939694.104045/1 12 1160 1270 +edge_5_0_+disjointig_2_3588_44283 35874 37024 40695 -1 -1 1037 0.0195432
Chain
	Aln	0	+SRR33939694.104034/1 251 1313 1331 +edge_1_0_+disjointig_1_0_20896 14996 16070 20896 -1 -1 966 0.028398
Chain
	Aln	1	-SRR33939694.104034/1 17 1079 1331 -edge_1_0_+disjointig_1_0_20896 4825 5899 20896 -1 -1 966 0.028398
Chain
	Aln	8	+SRR33939694.104043/1 113 1328 1331 +edge_5_0_+disjointig_2_3588_44283 23306 24524 40695 -1 -1 1105 0.0181921
Chain
	Aln	9	-SRR33939694.104043/1 2 1217 1331 -edge_5_0_+disjointig_2_3588_44283 16170 17388 40695 -1 -1 1105 0.0181921
Chain
	Aln	8	+SRR33939694.104073/1 115 1275 1277 +edge_5_0_+disjointig_2_3588_44283 2188 3353 40695 -1 -1 1113 0.0129345
Chain
	Aln	9	-SRR33939694.104073/1 1 1161 1277 -edge_5_0_+disjointig_2_3588_44283 37341 38506 40695 -1 -1 1113 0.0129345
Chain
	Aln	9	+SRR33939694.104151/1 111 1395 1397 -edge_5_0_+disjointig_2_3588_44283 21126 22416 40695 -1 -1 1144 0.029153
Chain
	Aln	8	-SRR33939694.104151/1 1 1285 1397 +edge_5_0_+disjointig_2_3588_44283 18278 19568 40695 -1 -1 1144 0.029153
Chain
	Aln	8	+SRR33939694.104278/1 113 1275 1277 +edge_5_0_+disjointig_2_3588_44283 29565 30740 40695 -1 -1 1096 0.0198172
Chain
	Aln	9	-SRR33939694.104278/1 1 1163 1277 -edge_5_0_+disjointig_2_3588_44283 9954 11129 40695 -1 -1 1096 0.0198172
Chain
	Aln	9	+SRR33939694.104297/1 118 1288 1301 -edge_5_0_+disjointig_2_3588_44283 15997 17160 40695 -1 -1 1073 0.0197069
Chain
	Aln	8	-SRR33939694.104297/1 12 1182 1301 +edge_5_0_+disjointig_2_3588_44283 23534 24697 40695 -1 -1 1073 0.0197069
Chain
	Aln	8	+SRR33939694.104275/1 110 1359 1361 +edge_5_0_+disjointig_2_3588_44283 26037 27294 40695 -1 -1 1156 0.0205755
Chain
	Aln	9	-SRR33939694.104275/1 1 1250 1361 -edge_5_0_+disjointig_2_3588_44283 13400 14657 40695 -1 -1 1156 0.0205755
Chain
	Aln	9	+SRR33939694.104302/1 116 1191 1194 -edge_5_0_+disjointig_2_3588_44283 23359 24436 40695 -1 -1 1052 0.0103651
Chain
	Aln	8	-SRR33939694.104302/1 2 1077 1194 +edge_5_0_+disjointig_2_3588_44283 16258 17335 40695 -1 -1 1052 0.0103651
Chain
	Aln	8	+SRR33939694.104337/1 117 1414 1417 +edge_5_0_+disjointig_2_3588_44283 9858 11157 40695 -1 -1 1221 0.0159731
Chain
	Aln	9	-SRR33939694.104337/1 2 1299 1417 -edge_5_0_+disjointig_2_3588_44283 29537 30836 40695 -1 -1 1221 0.0159731
Chain
	Aln	8	+SRR33939694.104399/1 121 1248 1269 +edge_5_0_+disjointig_2_3588_44283 14150 15283 40695 -1 -1 1073 0.0227306
Chain
	Aln	9	-SRR33939694.104399/1 20 1147 1269 -edge_5_0_+disjointig_2_3588_44283 25411 26544 40695 -1 -1 1073 0.0227306
Chain
	Aln	9	+SRR33939694.104459/1 98 1300 1305 -edge_5_0_+disjointig_2_3588_44283 22302 23511 40695 -1 -1 1044 0.0307503
Chain
	Aln	8	-SRR33939694.104459/1 4 1206 1305 +edge_5_0_+disjointig_2_3588_44283 17183 18392 40695 -1 -1 1044 0.0307503
Chain
	Aln	9	+SRR33939694.104577/1 109 1272 1274 -edge_5_0_+disjointig_2_3588_44283 31117 32282 40695 -1 -1 1131 0.0108921
Chain
	Aln	8	-SRR33939694.104577/1 1 1164 1274 +edge_5_0_+disjointig_2_3588_44283 8412 9577 40695 -1 -1 1131 0.0108921
Chain
	Aln	8	+SRR33939694.104566/1 108 1565 1568 +edge_5_0_+disjointig_2_3588_44283 25878 27341 40695 -1 -1 1335 0.0233847
Chain
	Aln	9	-SRR33939694.104566/1 2 1459 1568 -edge_5_0_+disjointig_2_3588_44283 13353 14816 40695 -1 -1 1335 0.0233847
Chain
	Aln	7	+SRR33939694.104240/1 366 5163 5179 -edge_4_0_+disjointig_1_22059_47419 16148 20943 25360 -1 -1 4493 0.0176264
Chain
	Aln	6	-SRR33939694.104240/1 15 4812 5179 +edge_4_0_+disjointig_1_22059_47419 4416 9211 25360 -1 -1 4493 0.0176264
Chain
	Aln	8	+SRR33939694.104674/1 121 1463 1465 +edge_5_0_+disjointig_2_3588_44283 32600 33950 40695 -1 -1 1096 0.0300558
Chain
	Aln	9	-SRR33939694.104674/1 1 1343 1465 -edge_5_0_+disjointig_2_3588_44283 6744 8094 40695 -1 -1 1096 0.0300558
Chain
	Aln	9	+SRR33939694.104721/1 121 1417 1420 -edge_5_0_+disjointig_2_3588_44283 26873 28173 40695 -1 -1 1154 0.0254839
Chain
	Aln	8	-SRR33939694.104721/1 2 1298 1420 +edge_5_0_+disjointig_2_3588_44283 12521 13821 40695 -1 -1 1154 0.0254839
Chain
	Aln	1	+SRR33939694.104567/1 443 3043 3045 -edge_1_0_+disjointig_1_0_20896 821 3429 20896 -1 -1 2153 0.0370781
Chain
	Aln	0	-SRR33939694.104567/1 1 2601 3045 +edge_1_0_+disjointig_1_0_20896 17466 20074 20896 -1 -1 2153 0.0370781
Chain
	Aln	8	+SRR33939694.104765/1 125 1353 1379 +edge_5_0_+disjointig_2_3588_44283 2314 3551 40695 -1 -1 941 0.0448955
Chain
	Aln	9	-SRR33939694.104765/1 25 1253 1379 -edge_5_0_+disjointig_2_3588_44283 37143 38380 40695 -1 -1 941 0.0448955
Chain
	Aln	8	+SRR33939694.104854/1 121 1292 1295 +edge_5_0_+disjointig_2_3588_44283 33313 34497 40695 -1 -1 1121 0.0190159
Chain
	Aln	9	-SRR33939694.104854/1 2 1173 1295 -edge_5_0_+disjointig_2_3588_44283 6197 7381 40695 -1 -1 1121 0.0190159
Chain
	Aln	8	+SRR33939694.104775/1 110 1617 1620 +edge_5_0_+disjointig_2_3588_44283 29581 31106 40695 -1 -1 1259 0.0320771
Chain
	Aln	9	-SRR33939694.104775/1 2 1509 1620 -edge_5_0_+disjointig_2_3588_44283 9588 11113 40695 -1 -1 1259 0.0320771
Chain
	Aln	9	+SRR33939694.104771/1 112 1541 1558 -edge_5_0_+disjointig_2_3588_44283 13703 15144 40695 -1 -1 1264 0.0271021
Chain
	Aln	8	-SRR33939694.104771/1 16 1445 1558 +edge_5_0_+disjointig_2_3588_44283 25550 26991 40695 -1 -1 1264 0.0271021
Chain
	Aln	8	+SRR33939694.104921/1 127 1254 1300 +edge_5_0_+disjointig_2_3588_44283 29047 30169 40695 -1 -1 1064 0.0225715
Chain
	Aln	9	-SRR33939694.104921/1 45 1172 1300 -edge_5_0_+disjointig_2_3588_44283 10525 11647 40695 -1 -1 1064 0.0225715
Chain
	Aln	9	+SRR33939694.104944/1 118 1319 1331 -edge_5_0_+disjointig_2_3588_44283 25489 26729 40695 -1 -1 783 0.0672275
Chain
	Aln	8	-SRR33939694.104944/1 11 1212 1331 +edge_5_0_+disjointig_2_3588_44283 13965 15205 40695 -1 -1 783 0.0672275
Chain
	Aln	8	+SRR33939694.104917/1 125 2058 2060 +edge_5_0_+disjointig_2_3588_44283 19076 21005 40695 -1 -1 1761 0.0197148
Chain
	Aln	9	-SRR33939694.104917/1 1 1934 2060 -edge_5_0_+disjointig_2_3588_44283 19689 21618 40695 -1 -1 1761 0.0197148
Chain
	Aln	8	+SRR33939694.104991/1 115 1758 1767 +edge_5_0_+disjointig_2_3588_44283 1868 3526 40695 -1 -1 1545 0.0166445
Chain
	Aln	9	-SRR33939694.104991/1 8 1651 1767 -edge_5_0_+disjointig_2_3588_44283 37168 38826 40695 -1 -1 1545 0.0166445
Chain
	Aln	8	+SRR33939694.105010/1 116 1908 1911 +edge_5_0_+disjointig_2_3588_44283 17391 19191 40695 -1 -1 1667 0.0206825
Chain
	Aln	9	-SRR33939694.105010/1 2 1794 1911 -edge_5_0_+disjointig_2_3588_44283 21503 23303 40695 -1 -1 1667 0.0206825
Chain
	Aln	9	+SRR33939694.105092/1 133 1437 1454 -edge_5_0_+disjointig_2_3588_44283 23765 25089 40695 -1 -1 1131 0.0289118
Chain
	Aln	8	-SRR33939694.105092/1 16 1320 1454 +edge_5_0_+disjointig_2_3588_44283 15605 16929 40695 -1 -1 1131 0.0289118
Chain
	Aln	9	+SRR33939694.105161/1 111 1222 1236 -edge_5_0_+disjointig_2_3588_44283 27062 28179 40695 -1 -1 980 0.0229748
Chain
	Aln	8	-SRR33939694.105161/1 13 1124 1236 +edge_5_0_+disjointig_2_3588_44283 12515 13632 40695 -1 -1 980 0.0229748
Chain
	Aln	8	+SRR33939694.105134/1 169 1719 1722 +edge_5_0_+disjointig_2_3588_44283 6585 8139 40695 -1 -1 1359 0.0257483
Chain
	Aln	9	-SRR33939694.105134/1 2 1552 1722 -edge_5_0_+disjointig_2_3588_44283 32555 34109 40695 -1 -1 1359 0.0257483
Chain
	Aln	8	+SRR33939694.105189/1 116 1157 1175 +edge_5_0_+disjointig_2_3588_44283 32530 33598 40695 -1 -1 883 0.0330738
Chain
	Aln	9	-SRR33939694.105189/1 17 1058 1175 -edge_5_0_+disjointig_2_3588_44283 7096 8164 40695 -1 -1 883 0.0330738
Chain
	Aln	9	+SRR33939694.105143/1 118 1816 1820 -edge_5_0_+disjointig_2_3588_44283 10514 12210 40695 -1 -1 1595 0.0152397
Chain
	Aln	8	-SRR33939694.105143/1 3 1701 1820 +edge_5_0_+disjointig_2_3588_44283 28484 30180 40695 -1 -1 1595 0.0152397
Chain
	Aln	0	+SRR33939694.105168/1 304 1553 1555 +edge_1_0_+disjointig_1_0_20896 6498 7751 20896 -1 -1 1168 0.0157256
Chain
	Aln	1	-SRR33939694.105168/1 1 1250 1555 -edge_1_0_+disjointig_1_0_20896 13144 14397 20896 -1 -1 1168 0.0157256
Chain
	Aln	6	+SRR33939694.105142/1 512 2045 2058 +edge_4_0_+disjointig_1_22059_47419 7690 9213 25360 -1 -1 1437 0.0157797
Chain
	Aln	7	-SRR33939694.105142/1 12 1545 2058 -edge_4_0_+disjointig_1_22059_47419 16146 17669 25360 -1 -1 1437 0.0157797
Chain
	Aln	8	+SRR33939694.105246/1 106 1158 1177 +edge_5_0_+disjointig_2_3588_44283 7674 8729 40695 -1 -1 806 0.0402082
Chain
	Aln	9	-SRR33939694.105246/1 18 1070 1177 -edge_5_0_+disjointig_2_3588_44283 31965 33020 40695 -1 -1 806 0.0402082
Chain
	Aln	9	+SRR33939694.105282/1 119 1173 1177 -edge_5_0_+disjointig_2_3588_44283 4620 5678 40695 -1 -1 963 0.0237299
Chain
	Aln	8	-SRR33939694.105282/1 3 1057 1177 +edge_5_0_+disjointig_2_3588_44283 35016 36074 40695 -1 -1 963 0.0237299
Chain
	Aln	8	+SRR33939694.105272/1 110 1395 1414 +edge_5_0_+disjointig_2_3588_44283 27034 28332 40695 -1 -1 1026 0.0375322
Chain
	Aln	9	-SRR33939694.105272/1 18 1303 1414 -edge_5_0_+disjointig_2_3588_44283 12362 13660 40695 -1 -1 1026 0.0375322
Chain
	Aln	8	+SRR33939694.105339/1 109 1195 1197 +edge_5_0_+disjointig_2_3588_44283 21677 22757 40695 -1 -1 1028 0.0130471
Chain
	Aln	9	-SRR33939694.105339/1 1 1087 1197 -edge_5_0_+disjointig_2_3588_44283 17937 19017 40695 -1 -1 1028 0.0130471
Chain
	Aln	8	+SRR33939694.105347/1 118 1286 1288 +edge_5_0_+disjointig_2_3588_44283 11163 12334 40695 -1 -1 1091 0.0171424
Chain
	Aln	9	-SRR33939694.105347/1 1 1169 1288 -edge_5_0_+disjointig_2_3588_44283 28360 29531 40695 -1 -1 1091 0.0171424
Chain
	Aln	8	+SRR33939694.105474/1 122 1309 1311 +edge_5_0_+disjointig_2_3588_44283 24410 25603 40695 -1 -1 1106 0.0168406
Chain
	Aln	9	-SRR33939694.105474/1 1 1188 1311 -edge_5_0_+disjointig_2_3588_44283 15091 16284 40695 -1 -1 1106 0.0168406
Chain
	Aln	7	+SRR33939694.105600/1 598 1932 1954 -edge_4_0_+disjointig_1_22059_47419 8627 9987 25360 -1 -1 1151 0.0347877
Chain
	Aln	6	-SRR33939694.105600/1 21 1355 1954 +edge_4_0_+disjointig_1_22059_47419 15372 16732 25360 -1 -1 1151 0.0347877
Chain
	Aln	9	+SRR33939694.105671/1 123 1314 1334 -edge_5_0_+disjointig_2_3588_44283 34771 35955 40695 -1 -1 1034 0.033774
Chain
	Aln	8	-SRR33939694.105671/1 19 1210 1334 +edge_5_0_+disjointig_2_3588_44283 4739 5923 40695 -1 -1 1034 0.033774
Chain
	Aln	8	+SRR33939694.105713/1 120 1299 1306 +edge_5_0_+disjointig_2_3588_44283 5927 7108 40695 -1 -1 1132 0.0209652
Chain
	Aln	9	-SRR33939694.105713/1 6 1185 1306 -edge_5_0_+disjointig_2_3588_44283 33586 34767 40695 -1 -1 1132 0.0209652
Chain
	Aln	9	+SRR33939694.105610/1 124 1678 1685 -edge_5_0_+disjointig_2_3588_44283 2661 4238 40695 -1 -1 1339 0.0312525
Chain
	Aln	8	-SRR33939694.105610/1 6 1560 1685 +edge_5_0_+disjointig_2_3588_44283 36456 38033 40695 -1 -1 1339 0.0312525
Chain
	Aln	8	+SRR33939694.105714/1 114 1806 1808 +edge_5_0_+disjointig_2_3588_44283 25909 27611 40695 -1 -1 1303 0.0410545
Chain
	Aln	9	-SRR33939694.105714/1 1 1693 1808 -edge_5_0_+disjointig_2_3588_44283 13083 14785 40695 -1 -1 1303 0.0410545
Chain
	Aln	8	+SRR33939694.105769/1 111 1130 1193 +edge_5_0_+disjointig_2_3588_44283 19547 20571 40695 -1 -1 734 0.0564175
Chain
	Aln	9	-SRR33939694.105769/1 62 1081 1193 -edge_5_0_+disjointig_2_3588_44283 20123 21147 40695 -1 -1 734 0.0564175
Chain
	Aln	9	+SRR33939694.105760/1 105 1261 1264 -edge_5_0_+disjointig_2_3588_44283 11838 13002 40695 -1 -1 1042 0.0211904
Chain
	Aln	8	-SRR33939694.105760/1 2 1158 1264 +edge_5_0_+disjointig_2_3588_44283 27692 28856 40695 -1 -1 1042 0.0211904
Chain
	Aln	8	+SRR33939694.105781/1 109 1159 1177 +edge_5_0_+disjointig_2_3588_44283 33194 34242 40695 -1 -1 997 0.017119
Chain
	Aln	9	-SRR33939694.105781/1 17 1067 1177 -edge_5_0_+disjointig_2_3588_44283 6452 7500 40695 -1 -1 997 0.017119
Chain
	Aln	9	+SRR33939694.105950/1 126 1225 1241 -edge_5_0_+disjointig_2_3588_44283 24167 25276 40695 -1 -1 1043 0.0193674
Chain
	Aln	8	-SRR33939694.105950/1 15 1114 1241 +edge_5_0_+disjointig_2_3588_44283 15418 16527 40695 -1 -1 1043 0.0193674
Chain
	Aln	9	+SRR33939694.105912/1 107 1490 1492 -edge_5_0_+disjointig_2_3588_44283 25682 27087 40695 -1 -1 1185 0.0301928
Chain
	Aln	8	-SRR33939694.105912/1 1 1384 1492 +edge_5_0_+disjointig_2_3588_44283 13607 15012 40695 -1 -1 1185 0.0301928
Chain
	Aln	8	+SRR33939694.105952/1 112 1323 1341 +edge_5_0_+disjointig_2_3588_44283 1644 2859 40695 -1 -1 1080 0.021158
Chain
	Aln	9	-SRR33939694.105952/1 17 1228 1341 -edge_5_0_+disjointig_2_3588_44283 37835 39050 40695 -1 -1 1080 0.021158
Chain
	Aln	8	+SRR33939694.106013/1 112 1453 1455 +edge_5_0_+disjointig_2_3588_44283 24737 26087 40695 -1 -1 1322 0.00936646
Chain
	Aln	9	-SRR33939694.106013/1 1 1342 1455 -edge_5_0_+disjointig_2_3588_44283 14607 15957 40695 -1 -1 1322 0.00936646
Chain
	Aln	9	+SRR33939694.106063/1 116 1397 1401 -edge_5_0_+disjointig_2_3588_44283 17009 18295 40695 -1 -1 1249 0.0120291
Chain
	Aln	8	-SRR33939694.106063/1 3 1284 1401 +edge_5_0_+disjointig_2_3588_44283 22399 23685 40695 -1 -1 1249 0.0120291
Chain
	Aln	8	+SRR33939694.106060/1 113 1765 1767 +edge_5_0_+disjointig_2_3588_44283 3819 5488 40695 -1 -1 1497 0.0241389
Chain
	Aln	9	-SRR33939694.106060/1 1 1653 1767 -edge_5_0_+disjointig_2_3588_44283 35206 36875 40695 -1 -1 1497 0.0241389
Chain
	Aln	9	+SRR33939694.106232/1 117 1229 1246 -edge_5_0_+disjointig_2_3588_44283 5501 6624 40695 -1 -1 942 0.0280763
Chain
	Aln	8	-SRR33939694.106232/1 16 1128 1246 +edge_5_0_+disjointig_2_3588_44283 34070 35193 40695 -1 -1 942 0.0280763
Chain
	Aln	8	+SRR33939694.106335/1 112 1197 1203 +edge_5_0_+disjointig_2_3588_44283 6012 7100 40695 -1 -1 1020 0.0215054
Chain
	Aln	9	-SRR33939694.106335/1 5 1090 1203 -edge_5_0_+disjointig_2_3588_44283 33594 34682 40695 -1 -1 1020 0.0215054
Chain
	Aln	9	+SRR33939694.106356/1 142 1250 1256 -edge_5_0_+disjointig_2_3588_44283 34836 35945 40695 -1 -1 992 0.0208624
Chain
	Aln	8	-SRR33939694.106356/1 5 1113 1256 +edge_5_0_+disjointig_2_3588_44283 4749 5858 40695 -1 -1 992 0.0208624
Chain
	Aln	9	+SRR33939694.105809/1 105 5419 5421 -edge_5_0_+disjointig_2_3588_44283 1291 6622 40695 -1 -1 4805 0.022121
Chain
	Aln	8	-SRR33939694.105809/1 1 5315 5421 +edge_5_0_+disjointig_2_3588_44283 34072 39403 40695 -1 -1 4805 0.022121
Chain
	Aln	9	+SRR33939694.106403/1 107 1491 1493 -edge_5_0_+disjointig_2_3588_44283 21921 23310 40695 -1 -1 1170 0.0242958
Chain
	Aln	8	-SRR33939694.106403/1 1 1385 1493 +edge_5_0_+disjointig_2_3588_44283 17384 18773 40695 -1 -1 1170 0.0242958
Chain
	Aln	9	+SRR33939694.106423/1 133 1306 1308 -edge_5_0_+disjointig_2_3588_44283 6700 7876 40695 -1 -1 1079 0.0225235
Chain
	Aln	8	-SRR33939694.106423/1 1 1174 1308 +edge_5_0_+disjointig_2_3588_44283 32818 33994 40695 -1 -1 1079 0.0225235
Chain
	Aln	9	+SRR33939694.106457/1 114 1116 1118 -edge_5_0_+disjointig_2_3588_44283 13601 14616 40695 -1 -1 949 0.00947742
Chain
	Aln	8	-SRR33939694.106457/1 1 1003 1118 +edge_5_0_+disjointig_2_3588_44283 26078 27093 40695 -1 -1 949 0.00947742
Chain
	Aln	9	+SRR33939694.106420/1 117 2119 2121 -edge_5_0_+disjointig_2_3588_44283 8790 10797 40695 -1 -1 1754 0.024271
Chain
	Aln	8	-SRR33939694.106420/1 1 2003 2121 +edge_5_0_+disjointig_2_3588_44283 29897 31904 40695 -1 -1 1754 0.024271
Chain
	Aln	9	+SRR33939694.106469/1 115 1335 1337 -edge_5_0_+disjointig_2_3588_44283 28112 29336 40695 -1 -1 1107 0.024365
Chain
	Aln	8	-SRR33939694.106469/1 1 1221 1337 +edge_5_0_+disjointig_2_3588_44283 11358 12582 40695 -1 -1 1107 0.024365
Chain
	Aln	9	+SRR33939694.106485/1 115 1195 1198 -edge_5_0_+disjointig_2_3588_44283 30086 31183 40695 -1 -1 979 0.0252788
Chain
	Aln	8	-SRR33939694.106485/1 2 1082 1198 +edge_5_0_+disjointig_2_3588_44283 9511 10608 40695 -1 -1 979 0.0252788
Chain
	Aln	8	+SRR33939694.106523/1 112 1294 1297 +edge_5_0_+disjointig_2_3588_44283 34472 35654 40695 -1 -1 1083 0.0205893
Chain
	Aln	9	-SRR33939694.106523/1 2 1184 1297 -edge_5_0_+disjointig_2_3588_44283 5040 6222 40695 -1 -1 1083 0.0205893
Chain
	Aln	8	+SRR33939694.106552/1 108 1119 1123 +edge_5_0_+disjointig_2_3588_44283 12832 13863 40695 -1 -1 890 0.031681
Chain
	Aln	9	-SRR33939694.106552/1 3 1014 1123 -edge_5_0_+disjointig_2_3588_44283 26831 27862 40695 -1 -1 890 0.031681
Chain
	Aln	8	+SRR33939694.106590/1 115 1294 1297 +edge_5_0_+disjointig_2_3588_44283 36009 37200 40695 -1 -1 1104 0.0158289
Chain
	Aln	9	-SRR33939694.106590/1 2 1181 1297 -edge_5_0_+disjointig_2_3588_44283 3494 4685 40695 -1 -1 1104 0.0158289
Chain
	Aln	9	+SRR33939694.106635/1 121 1291 1293 -edge_5_0_+disjointig_2_3588_44283 36215 37399 40695 -1 -1 1105 0.0247876
Chain
	Aln	8	-SRR33939694.106635/1 1 1171 1293 +edge_5_0_+disjointig_2_3588_44283 3295 4479 40695 -1 -1 1105 0.0247876
Chain
	Aln	7	+SRR33939694.106576/1 253 1993 2012 -edge_4_0_+disjointig_1_22059_47419 2290 4047 25360 -1 -1 1483 0.0298827
Chain
	Aln	6	-SRR33939694.106576/1 18 1758 2012 +edge_4_0_+disjointig_1_22059_47419 21312 23069 25360 -1 -1 1483 0.0298827
Chain
	Aln	8	+SRR33939694.106648/1 141 1213 1230 +edge_5_0_+disjointig_2_3588_44283 38765 39859 40695 -1 -1 766 0.0544556
Chain
	Aln	9	-SRR33939694.106648/1 16 1088 1230 -edge_5_0_+disjointig_2_3588_44283 835 1929 40695 -1 -1 766 0.0544556
Chain
	Aln	8	+SRR33939694.106669/1 108 1143 1145 +edge_5_0_+disjointig_2_3588_44283 26604 27656 40695 -1 -1 864 0.0266498
Chain
	Aln	9	-SRR33939694.106669/1 1 1036 1145 -edge_5_0_+disjointig_2_3588_44283 13038 14090 40695 -1 -1 864 0.0266498
Chain
	Aln	8	+SRR33939694.106665/1 114 1260 1264 +edge_5_0_+disjointig_2_3588_44283 2326 3477 40695 -1 -1 1085 0.0190259
Chain
	Aln	9	-SRR33939694.106665/1 3 1149 1264 -edge_5_0_+disjointig_2_3588_44283 37217 38368 40695 -1 -1 1085 0.0190259
Chain
	Aln	8	+SRR33939694.106731/1 111 1610 1612 +edge_5_0_+disjointig_2_3588_44283 11619 13150 40695 -1 -1 1138 0.04286
Chain
	Aln	9	-SRR33939694.106731/1 1 1500 1612 -edge_5_0_+disjointig_2_3588_44283 27544 29075 40695 -1 -1 1138 0.04286
Chain
	Aln	9	+SRR33939694.106762/1 126 1250 1436 -edge_5_0_+disjointig_2_3588_44283 38909 40034 40695 -1 -1 1072 0.013784
Chain
	Aln	8	-SRR33939694.106762/1 185 1309 1436 +edge_5_0_+disjointig_2_3588_44283 660 1785 40695 -1 -1 1072 0.013784
Chain
	Aln	9	+SRR33939694.106655/1 152 3143 3147 -edge_5_0_+disjointig_2_3588_44283 24780 27789 40695 -1 -1 2688 0.0201193
Chain
	Aln	8	-SRR33939694.106655/1 3 2994 3147 +edge_5_0_+disjointig_2_3588_44283 12905 15914 40695 -1 -1 2688 0.0201193
Chain
	Aln	9	+SRR33939694.106763/1 116 1479 1481 -edge_5_0_+disjointig_2_3588_44283 10558 11900 40695 -1 -1 1065 0.0361824
Chain
	Aln	8	-SRR33939694.106763/1 1 1364 1481 +edge_5_0_+disjointig_2_3588_44283 28794 30136 40695 -1 -1 1065 0.0361824
Chain
	Aln	8	+SRR33939694.106883/1 118 1321 1325 +edge_5_0_+disjointig_2_3588_44283 9514 10724 40695 -1 -1 1105 0.0206383
Chain
	Aln	9	-SRR33939694.106883/1 3 1206 1325 -edge_5_0_+disjointig_2_3588_44283 29970 31180 40695 -1 -1 1105 0.0206383
Chain
	Aln	9	+SRR33939694.106991/1 101 1347 1349 -edge_5_0_+disjointig_2_3588_44283 7860 9133 40695 -1 -1 923 0.0453701
Chain
	Aln	8	-SRR33939694.106991/1 1 1247 1349 +edge_5_0_+disjointig_2_3588_44283 31561 32834 40695 -1 -1 923 0.0453701
Chain
	Aln	9	+SRR33939694.106969/1 125 1332 1338 -edge_5_0_+disjointig_2_3588_44283 27063 28273 40695 -1 -1 1060 0.0268283
Chain
	Aln	8	-SRR33939694.106969/1 5 1212 1338 +edge_5_0_+disjointig_2_3588_44283 12421 13631 40695 -1 -1 1060 0.0268283
Chain
	Aln	8	+SRR33939694.107083/1 110 1485 1500 +edge_5_0_+disjointig_2_3588_44283 12255 13651 40695 -1 -1 1221 0.0230734
Chain
	Aln	9	-SRR33939694.107083/1 14 1389 1500 -edge_5_0_+disjointig_2_3588_44283 27043 28439 40695 -1 -1 1221 0.0230734
Chain
	Aln	0	+SRR33939694.106922/1 280 2120 2129 +edge_1_0_+disjointig_1_0_20896 4247 6102 20896 -1 -1 1658 0.0218975
Chain
	Aln	1	-SRR33939694.106922/1 8 1848 2129 -edge_1_0_+disjointig_1_0_20896 14793 16648 20896 -1 -1 1658 0.0218975
Chain
	Aln	8	+SRR33939694.106955/1 115 2083 2104 +edge_5_0_+disjointig_2_3588_44283 16640 18598 40695 -1 -1 1602 0.0343669
Chain
	Aln	9	-SRR33939694.106955/1 20 1988 2104 -edge_5_0_+disjointig_2_3588_44283 22096 24054 40695 -1 -1 1602 0.0343669
Chain
	Aln	9	+SRR33939694.107087/1 151 1725 1727 -edge_5_0_+disjointig_2_3588_44283 27908 29485 40695 -1 -1 1472 0.0191775
Chain
	Aln	8	-SRR33939694.107087/1 1 1575 1727 +edge_5_0_+disjointig_2_3588_44283 11209 12786 40695 -1 -1 1472 0.0191775
Chain
	Aln	9	+SRR33939694.107206/1 109 1111 1113 -edge_5_0_+disjointig_2_3588_44283 10903 11891 40695 -1 -1 812 0.0311891
Chain
	Aln	8	-SRR33939694.107206/1 1 1003 1113 +edge_5_0_+disjointig_2_3588_44283 28803 29791 40695 -1 -1 812 0.0311891
Chain
	Aln	9	+SRR33939694.107194/1 104 1923 1925 -edge_5_0_+disjointig_2_3588_44283 4074 5905 40695 -1 -1 1614 0.0278587
Chain
	Aln	8	-SRR33939694.107194/1 1 1820 1925 +edge_5_0_+disjointig_2_3588_44283 34789 36620 40695 -1 -1 1614 0.0278587
Chain
	Aln	9	+SRR33939694.107438/1 136 1194 1196 -edge_5_0_+disjointig_2_3588_44283 25204 26246 40695 -1 -1 727 0.0558416
Chain
	Aln	8	-SRR33939694.107438/1 1 1059 1196 +edge_5_0_+disjointig_2_3588_44283 14448 15490 40695 -1 -1 727 0.0558416
Chain
	Aln	9	+SRR33939694.107247/1 149 1846 1848 -edge_5_0_+disjointig_2_3588_44283 23387 25044 40695 -1 -1 1343 0.0359489
Chain
	Aln	8	-SRR33939694.107247/1 1 1698 1848 +edge_5_0_+disjointig_2_3588_44283 15650 17307 40695 -1 -1 1343 0.0359489
Chain
	Aln	9	+SRR33939694.107420/1 130 1254 1264 -edge_5_0_+disjointig_2_3588_44283 21062 22188 40695 -1 -1 1047 0.0155142
Chain
	Aln	8	-SRR33939694.107420/1 9 1133 1264 +edge_5_0_+disjointig_2_3588_44283 18506 19632 40695 -1 -1 1047 0.0155142
Chain
	Aln	8	+SRR33939694.107298/1 105 2513 2517 +edge_5_0_+disjointig_2_3588_44283 26655 29067 40695 -1 -1 2202 0.0223401
Chain
	Aln	9	-SRR33939694.107298/1 3 2411 2517 -edge_5_0_+disjointig_2_3588_44283 11627 14039 40695 -1 -1 2202 0.0223401
Chain
	Aln	8	+SRR33939694.107589/1 115 1186 1265 +edge_5_0_+disjointig_2_3588_44283 9333 10408 40695 -1 -1 990 0.0201003
Chain
	Aln	9	-SRR33939694.107589/1 78 1149 1265 -edge_5_0_+disjointig_2_3588_44283 30286 31361 40695 -1 -1 990 0.0201003
Chain
	Aln	9	+SRR33939694.107448/1 135 1906 1909 -edge_5_0_+disjointig_2_3588_44283 9635 11412 40695 -1 -1 1683 0.0163626
Chain
	Aln	8	-SRR33939694.107448/1 2 1773 1909 +edge_5_0_+disjointig_2_3588_44283 29282 31059 40695 -1 -1 1683 0.0163626
Chain
	Aln	8	+SRR33939694.107643/1 110 1188 1191 +edge_5_0_+disjointig_2_3588_44283 11181 12264 40695 -1 -1 1007 0.0192402
Chain
	Aln	9	-SRR33939694.107643/1 2 1080 1191 -edge_5_0_+disjointig_2_3588_44283 28430 29513 40695 -1 -1 1007 0.0192402
Chain
	Aln	9	+SRR33939694.107502/1 145 1818 1826 -edge_5_0_+disjointig_2_3588_44283 8445 10118 40695 -1 -1 1561 0.0167984
Chain
	Aln	8	-SRR33939694.107502/1 7 1680 1826 +edge_5_0_+disjointig_2_3588_44283 30576 32249 40695 -1 -1 1561 0.0167984
Chain
	Aln	8	+SRR33939694.107666/1 124 1597 1612 +edge_5_0_+disjointig_2_3588_44283 32191 33680 40695 -1 -1 1352 0.0251442
Chain
	Aln	9	-SRR33939694.107666/1 14 1487 1612 -edge_5_0_+disjointig_2_3588_44283 7014 8503 40695 -1 -1 1352 0.0251442
Chain
	Aln	8	+SRR33939694.107715/1 120 1295 1297 +edge_5_0_+disjointig_2_3588_44283 3431 4621 40695 -1 -1 1009 0.0304795
Chain
	Aln	9	-SRR33939694.107715/1 1 1176 1297 -edge_5_0_+disjointig_2_3588_44283 36073 37263 40695 -1 -1 1009 0.0304795
Chain
	Aln	8	+SRR33939694.107732/1 119 1180 1182 +edge_5_0_+disjointig_2_3588_44283 17627 18684 40695 -1 -1 923 0.0224155
Chain
	Aln	9	-SRR33939694.107732/1 1 1062 1182 -edge_5_0_+disjointig_2_3588_44283 22010 23067 40695 -1 -1 923 0.0224155
Chain
	Aln	8	+SRR33939694.107797/1 108 1135 1144 +edge_5_0_+disjointig_2_3588_44283 31045 32072 40695 -1 -1 980 0.012889
Chain
	Aln	9	-SRR33939694.107797/1 8 1035 1144 -edge_5_0_+disjointig_2_3588_44283 8622 9649 40695 -1 -1 980 0.012889
Chain
	Aln	9	+SRR33939694.107874/1 130 1205 1216 -edge_5_0_+disjointig_2_3588_44283 18143 19227 40695 -1 -1 820 0.0432586
Chain
	Aln	8	-SRR33939694.107874/1 10 1085 1216 +edge_5_0_+disjointig_2_3588_44283 21467 22551 40695 -1 -1 820 0.0432586
Chain
	Aln	9	+SRR33939694.107737/1 114 2035 2044 -edge_5_0_+disjointig_2_3588_44283 12046 13985 40695 -1 -1 1793 0.0237703
Chain
	Aln	8	-SRR33939694.107737/1 8 1929 2044 +edge_5_0_+disjointig_2_3588_44283 26709 28648 40695 -1 -1 1793 0.0237703
Chain
	Aln	8	+SRR33939694.107933/1 104 1120 1122 +edge_5_0_+disjointig_2_3588_44283 15868 16889 40695 -1 -1 908 0.0227291
Chain
	Aln	9	-SRR33939694.107933/1 1 1017 1122 -edge_5_0_+disjointig_2_3588_44283 23805 24826 40695 -1 -1 908 0.0227291
Chain
	Aln	8	+SRR33939694.107938/1 119 1256 1263 +edge_5_0_+disjointig_2_3588_44283 9999 11142 40695 -1 -1 1122 0.00964906
Chain
	Aln	9	-SRR33939694.107938/1 6 1143 1263 -edge_5_0_+disjointig_2_3588_44283 29552 30695 40695 -1 -1 1122 0.00964906
Chain
	Aln	8	+SRR33939694.107955/1 112 1726 1728 +edge_5_0_+disjointig_2_3588_44283 32604 34216 40695 -1 -1 1497 0.018408
Chain
	Aln	9	-SRR33939694.107955/1 1 1615 1728 -edge_5_0_+disjointig_2_3588_44283 6478 8090 40695 -1 -1 1497 0.018408
Chain
	Aln	9	+SRR33939694.107969/1 115 1347 1349 -edge_5_0_+disjointig_2_3588_44283 32559 33790 40695 -1 -1 1151 0.0206704
Chain
	Aln	8	-SRR33939694.107969/1 1 1233 1349 +edge_5_0_+disjointig_2_3588_44283 6904 8135 40695 -1 -1 1151 0.0206704
Chain
	Aln	8	+SRR33939694.108006/1 116 1221 1228 +edge_5_0_+disjointig_2_3588_44283 9767 10879 40695 -1 -1 994 0.0236533
Chain
	Aln	9	-SRR33939694.108006/1 6 1111 1228 -edge_5_0_+disjointig_2_3588_44283 29815 30927 40695 -1 -1 994 0.0236533
Chain
	Aln	9	+SRR33939694.107979/1 103 1659 1677 -edge_5_0_+disjointig_2_3588_44283 9379 10929 40695 -1 -1 1470 0.0162552
Chain
	Aln	8	-SRR33939694.107979/1 17 1573 1677 +edge_5_0_+disjointig_2_3588_44283 29765 31315 40695 -1 -1 1470 0.0162552
Chain
	Aln	7	+SRR33939694.107965/1 105 2411 2414 -edge_4_0_+disjointig_1_22059_47419 9195 11512 25360 -1 -1 2074 0.0221579
Chain
	Aln	6	-SRR33939694.107965/1 2 2308 2414 +edge_4_0_+disjointig_1_22059_47419 13847 16164 25360 -1 -1 2074 0.0221579
Chain
	Aln	6	+SRR33939694.108023/1 605 1745 1747 +edge_4_0_+disjointig_1_22059_47419 13514 14648 25360 -1 -1 995 0.0272936
Chain
	Aln	7	-SRR33939694.108023/1 1 1141 1747 -edge_4_0_+disjointig_1_22059_47419 10711 11845 25360 -1 -1 995 0.0272936
Chain
	Aln	9	+SRR33939694.108058/1 128 1314 1349 -edge_5_0_+disjointig_2_3588_44283 19666 20872 40695 -1 -1 1016 0.0342474
Chain
	Aln	8	-SRR33939694.108058/1 34 1220 1349 +edge_5_0_+disjointig_2_3588_44283 19822 21028 40695 -1 -1 1016 0.0342474
Chain
	Aln	9	+SRR33939694.108078/1 98 1399 1402 -edge_5_0_+disjointig_2_3588_44283 24513 25826 40695 -1 -1 1161 0.0273404
Chain
	Aln	8	-SRR33939694.108078/1 2 1303 1402 +edge_5_0_+disjointig_2_3588_44283 14868 16181 40695 -1 -1 1161 0.0273404
Chain
	Aln	9	+SRR33939694.108094/1 111 1122 1124 -edge_5_0_+disjointig_2_3588_44283 36987 37996 40695 -1 -1 791 0.0405336
Chain
	Aln	8	-SRR33939694.108094/1 1 1012 1124 +edge_5_0_+disjointig_2_3588_44283 2698 3707 40695 -1 -1 791 0.0405336
Chain
	Aln	8	+SRR33939694.108065/1 113 1727 1738 +edge_5_0_+disjointig_2_3588_44283 37608 39223 40695 -1 -1 1453 0.026392
Chain
	Aln	9	-SRR33939694.108065/1 10 1624 1738 -edge_5_0_+disjointig_2_3588_44283 1471 3086 40695 -1 -1 1453 0.026392
Chain
	Aln	8	+SRR33939694.108197/1 121 1186 1190 +edge_5_0_+disjointig_2_3588_44283 16515 17591 40695 -1 -1 824 0.0429363
Chain
	Aln	9	-SRR33939694.108197/1 3 1068 1190 -edge_5_0_+disjointig_2_3588_44283 23103 24179 40695 -1 -1 824 0.0429363
Chain
	Aln	9	+SRR33939694.107807/1 101 5761 5764 -edge_5_0_+disjointig_2_3588_44283 11334 17063 40695 -1 -1 5009 0.0210667
Chain
	Aln	8	-SRR33939694.107807/1 2 5662 5764 +edge_5_0_+disjointig_2_3588_44283 23631 29360 40695 -1 -1 5009 0.0210667
Chain
	Aln	9	+SRR33939694.108248/1 121 1291 1294 -edge_5_0_+disjointig_2_3588_44283 10834 12014 40695 -1 -1 1020 0.0222843
Chain
	Aln	8	-SRR33939694.108248/1 2 1172 1294 +edge_5_0_+disjointig_2_3588_44283 28680 29860 40695 -1 -1 1020 0.0222843
Chain
	Aln	9	+SRR33939694.108330/1 108 1256 1259 -edge_5_0_+disjointig_2_3588_44283 29934 31090 40695 -1 -1 983 0.0286084
Chain
	Aln	8	-SRR33939694.108330/1 2 1150 1259 +edge_5_0_+disjointig_2_3588_44283 9604 10760 40695 -1 -1 983 0.0286084
Chain
	Aln	9	+SRR33939694.108285/1 116 1368 1376 -edge_5_0_+disjointig_2_3588_44283 33686 34952 40695 -1 -1 1187 0.0155399
Chain
	Aln	8	-SRR33939694.108285/1 7 1259 1376 +edge_5_0_+disjointig_2_3588_44283 5742 7008 40695 -1 -1 1187 0.0155399
Chain
	Aln	8	+SRR33939694.108450/1 120 1276 1278 +edge_5_0_+disjointig_2_3588_44283 5810 6934 40695 -1 -1 882 0.0509059
Chain
	Aln	9	-SRR33939694.108450/1 1 1157 1278 -edge_5_0_+disjointig_2_3588_44283 33760 34884 40695 -1 -1 882 0.0509059
Chain
	Aln	8	+SRR33939694.108427/1 109 1515 1517 +edge_5_0_+disjointig_2_3588_44283 33910 35326 40695 -1 -1 1251 0.0268552
Chain
	Aln	9	-SRR33939694.108427/1 1 1407 1517 -edge_5_0_+disjointig_2_3588_44283 5368 6784 40695 -1 -1 1251 0.0268552
Chain
	Aln	8	+SRR33939694.108456/1 110 1665 1685 +edge_5_0_+disjointig_2_3588_44283 27147 28697 40695 -1 -1 1228 0.0408215
Chain
	Aln	9	-SRR33939694.108456/1 19 1574 1685 -edge_5_0_+disjointig_2_3588_44283 11997 13547 40695 -1 -1 1228 0.0408215
Chain
	Aln	6	+SRR33939694.108183/1 230 3808 3810 +edge_4_0_+disjointig_1_22059_47419 8901 12486 25360 -1 -1 3400 0.016655
Chain
	Aln	7	-SRR33939694.108183/1 1 3579 3810 -edge_4_0_+disjointig_1_22059_47419 12873 16458 25360 -1 -1 3400 0.016655
Chain
	Aln	8	+SRR33939694.108493/1 124 2229 2232 +edge_5_0_+disjointig_2_3588_44283 14476 16591 40695 -1 -1 1923 0.0234941
Chain
	Aln	9	-SRR33939694.108493/1 2 2107 2232 -edge_5_0_+disjointig_2_3588_44283 24103 26218 40695 -1 -1 1923 0.0234941
Chain
	Aln	9	+SRR33939694.108232/1 213 5459 5461 -edge_5_0_+disjointig_2_3588_44283 16233 21527 40695 -1 -1 5068 0.0109088
Chain
	Aln	8	-SRR33939694.108232/1 1 5247 5461 +edge_5_0_+disjointig_2_3588_44283 19167 24461 40695 -1 -1 5068 0.0109088
Chain
	Aln	9	+SRR33939694.108523/1 112 1675 1677 -edge_5_0_+disjointig_2_3588_44283 28307 29877 40695 -1 -1 1519 0.00942839
Chain
	Aln	8	-SRR33939694.108523/1 1 1564 1677 +edge_5_0_+disjointig_2_3588_44283 10817 12387 40695 -1 -1 1519 0.00942839
Chain
	Aln	8	+SRR33939694.108578/1 115 1207 1211 +edge_5_0_+disjointig_2_3588_44283 36796 37895 40695 -1 -1 941 0.0304668
Chain
	Aln	9	-SRR33939694.108578/1 3 1095 1211 -edge_5_0_+disjointig_2_3588_44283 2799 3898 40695 -1 -1 941 0.0304668
Chain
	Aln	9	+SRR33939694.108559/1 112 1636 1638 -edge_5_0_+disjointig_2_3588_44283 36316 37852 40695 -1 -1 1246 0.0350875
Chain
	Aln	8	-SRR33939694.108559/1 1 1525 1638 +edge_5_0_+disjointig_2_3588_44283 2842 4378 40695 -1 -1 1246 0.0350875
Chain
	Aln	9	+SRR33939694.108591/1 105 1332 1334 -edge_5_0_+disjointig_2_3588_44283 15689 16937 40695 -1 -1 1048 0.028801
Chain
	Aln	8	-SRR33939694.108591/1 1 1228 1334 +edge_5_0_+disjointig_2_3588_44283 23757 25005 40695 -1 -1 1048 0.028801
Chain
	Aln	8	+SRR33939694.108703/1 121 1409 1411 +edge_5_0_+disjointig_2_3588_44283 1830 3108 40695 -1 -1 1147 0.0266395
Chain
	Aln	9	-SRR33939694.108703/1 1 1289 1411 -edge_5_0_+disjointig_2_3588_44283 37586 38864 40695 -1 -1 1147 0.0266395
Chain
	Aln	9	+SRR33939694.108627/1 111 2090 2094 -edge_5_0_+disjointig_2_3588_44283 22102 24094 40695 -1 -1 1816 0.0181306
Chain
	Aln	8	-SRR33939694.108627/1 3 1982 2094 +edge_5_0_+disjointig_2_3588_44283 16600 18592 40695 -1 -1 1816 0.0181306
Chain
	Aln	6	+SRR33939694.108774/1 288 1766 1768 +edge_4_0_+disjointig_1_22059_47419 5743 7224 25360 -1 -1 1184 0.0347809
Chain
	Aln	7	-SRR33939694.108774/1 1 1479 1768 -edge_4_0_+disjointig_1_22059_47419 18135 19616 25360 -1 -1 1184 0.0347809
Chain
	Aln	9	+SRR33939694.108729/1 120 2289 2295 -edge_5_0_+disjointig_2_3588_44283 24602 26790 40695 -1 -1 1943 0.0250353
Chain
	Aln	8	-SRR33939694.108729/1 5 2174 2295 +edge_5_0_+disjointig_2_3588_44283 13904 16092 40695 -1 -1 1943 0.0250353
Chain
	Aln	9	+SRR33939694.108795/1 114 1348 1350 -edge_5_0_+disjointig_2_3588_44283 1739 2989 40695 -1 -1 1042 0.0327121
Chain
	Aln	8	-SRR33939694.108795/1 1 1235 1350 +edge_5_0_+disjointig_2_3588_44283 37705 38955 40695 -1 -1 1042 0.0327121
Chain
	Aln	8	+SRR33939694.108842/1 116 1544 1546 +edge_5_0_+disjointig_2_3588_44283 435 1866 40695 -1 -1 1349 0.0157306
Chain
	Aln	9	-SRR33939694.108842/1 1 1429 1546 -edge_5_0_+disjointig_2_3588_44283 38828 40259 40695 -1 -1 1349 0.0157306
Chain
	Aln	9	+SRR33939694.108845/1 118 1154 1156 -edge_5_0_+disjointig_2_3588_44283 19594 20656 40695 -1 -1 790 0.0399375
Chain
	Aln	8	-SRR33939694.108845/1 1 1037 1156 +edge_5_0_+disjointig_2_3588_44283 20038 21100 40695 -1 -1 790 0.0399375
Chain
	Aln	9	+SRR33939694.108854/1 113 1163 1177 -edge_5_0_+disjointig_2_3588_44283 34324 35375 40695 -1 -1 983 0.0190813
Chain
	Aln	8	-SRR33939694.108854/1 13 1063 1177 +edge_5_0_+disjointig_2_3588_44283 5319 6370 40695 -1 -1 983 0.0190813
Chain
	Aln	8	+SRR33939694.108871/1 202 1866 1870 +edge_5_0_+disjointig_2_3588_44283 22579 24268 40695 -1 -1 1366 0.0367029
Chain
	Aln	9	-SRR33939694.108871/1 3 1667 1870 -edge_5_0_+disjointig_2_3588_44283 16426 18115 40695 -1 -1 1366 0.0367029
Chain
	Aln	9	+SRR33939694.109024/1 139 1457 1459 -edge_5_0_+disjointig_2_3588_44283 24943 26266 40695 -1 -1 892 0.0596967
Chain
	Aln	8	-SRR33939694.109024/1 1 1319 1459 +edge_5_0_+disjointig_2_3588_44283 14428 15751 40695 -1 -1 892 0.0596967
Chain
	Aln	8	+SRR33939694.108961/1 110 1871 1898 +edge_5_0_+disjointig_2_3588_44283 13644 15435 40695 -1 -1 1312 0.041735
Chain
	Aln	9	-SRR33939694.108961/1 26 1787 1898 -edge_5_0_+disjointig_2_3588_44283 25259 27050 40695 -1 -1 1312 0.041735
Chain
	Aln	9	+SRR33939694.109034/1 123 1484 1551 -edge_5_0_+disjointig_2_3588_44283 1974 3324 40695 -1 -1 1209 0.0228422
Chain
	Aln	8	-SRR33939694.109034/1 66 1427 1551 +edge_5_0_+disjointig_2_3588_44283 37370 38720 40695 -1 -1 1209 0.0228422
Chain
	Aln	8	+SRR33939694.109040/1 110 1626 1663 +edge_5_0_+disjointig_2_3588_44283 28520 30007 40695 -1 -1 1322 0.0287417
Chain
	Aln	9	-SRR33939694.109040/1 36 1552 1663 -edge_5_0_+disjointig_2_3588_44283 10687 12174 40695 -1 -1 1322 0.0287417
Chain
	Aln	8	+SRR33939694.109152/1 139 1257 1259 +edge_5_0_+disjointig_2_3588_44283 27067 28194 40695 -1 -1 1011 0.0225715
Chain
	Aln	9	-SRR33939694.109152/1 1 1119 1259 -edge_5_0_+disjointig_2_3588_44283 12500 13627 40695 -1 -1 1011 0.0225715
Chain
	Aln	8	+SRR33939694.109216/1 112 1324 1326 +edge_5_0_+disjointig_2_3588_44283 19351 20555 40695 -1 -1 1170 0.0104268
Chain
	Aln	9	-SRR33939694.109216/1 1 1213 1326 -edge_5_0_+disjointig_2_3588_44283 20139 21343 40695 -1 -1 1170 0.0104268
Chain
	Aln	9	+SRR33939694.109158/1 126 2112 2114 -edge_5_0_+disjointig_2_3588_44283 9333 11326 40695 -1 -1 1884 0.0140053
Chain
	Aln	8	-SRR33939694.109158/1 1 1987 2114 +edge_5_0_+disjointig_2_3588_44283 29368 31361 40695 -1 -1 1884 0.0140053
Chain
	Aln	8	+SRR33939694.109223/1 115 1379 1381 +edge_5_0_+disjointig_2_3588_44283 38413 39671 40695 -1 -1 1220 0.0124357
Chain
	Aln	9	-SRR33939694.109223/1 1 1265 1381 -edge_5_0_+disjointig_2_3588_44283 1023 2281 40695 -1 -1 1220 0.0124357
Chain
	Aln	6	+SRR33939694.108899/1 413 5433 5453 +edge_4_0_+disjointig_1_22059_47419 428 5456 25360 -1 -1 4535 0.0214291
Chain
	Aln	7	-SRR33939694.108899/1 19 5039 5453 -edge_4_0_+disjointig_1_22059_47419 19903 24931 25360 -1 -1 4535 0.0214291
Chain
	Aln	8	+SRR33939694.109324/1 110 1185 1187 +edge_5_0_+disjointig_2_3588_44283 9330 10414 40695 -1 -1 1051 0.0177317
Chain
	Aln	9	-SRR33939694.109324/1 1 1076 1187 -edge_5_0_+disjointig_2_3588_44283 30280 31364 40695 -1 -1 1051 0.0177317
Chain
	Aln	8	+SRR33939694.109388/1 112 1148 1153 +edge_5_0_+disjointig_2_3588_44283 6992 8023 40695 -1 -1 969 0.017313
Chain
	Aln	9	-SRR33939694.109388/1 4 1040 1153 -edge_5_0_+disjointig_2_3588_44283 32671 33702 40695 -1 -1 969 0.017313
Chain
	Aln	9	+SRR33939694.109439/1 120 1306 1308 -edge_5_0_+disjointig_2_3588_44283 22151 23347 40695 -1 -1 1123 0.0160106
Chain
	Aln	8	-SRR33939694.109439/1 1 1187 1308 +edge_5_0_+disjointig_2_3588_44283 17347 18543 40695 -1 -1 1123 0.0160106
Chain
	Aln	8	+SRR33939694.109404/1 116 1866 1871 +edge_5_0_+disjointig_2_3588_44283 25361 27105 40695 -1 -1 1679 0.0136518
Chain
	Aln	9	-SRR33939694.109404/1 4 1754 1871 -edge_5_0_+disjointig_2_3588_44283 13589 15333 40695 -1 -1 1679 0.0136518
Chain
	Aln	8	+SRR33939694.109450/1 103 1944 1953 +edge_5_0_+disjointig_2_3588_44283 5319 7181 40695 -1 -1 1701 0.0253866
Chain
	Aln	9	-SRR33939694.109450/1 8 1849 1953 -edge_5_0_+disjointig_2_3588_44283 33513 35375 40695 -1 -1 1701 0.0253866
Chain
	Aln	8	+SRR33939694.109617/1 153 1843 1893 +edge_5_0_+disjointig_2_3588_44283 28446 30152 40695 -1 -1 1254 0.0447762
Chain
	Aln	9	-SRR33939694.109617/1 49 1739 1893 -edge_5_0_+disjointig_2_3588_44283 10542 12248 40695 -1 -1 1254 0.0447762
Chain
	Aln	8	+SRR33939694.109627/1 107 1123 1136 +edge_5_0_+disjointig_2_3588_44283 31729 32732 40695 -1 -1 817 0.0318059
Chain
	Aln	9	-SRR33939694.109627/1 12 1028 1136 -edge_5_0_+disjointig_2_3588_44283 7962 8965 40695 -1 -1 817 0.0318059
Chain
	Aln	8	+SRR33939694.109649/1 116 1286 1288 +edge_5_0_+disjointig_2_3588_44283 8438 9600 40695 -1 -1 1084 0.0246974
Chain
	Aln	9	-SRR33939694.109649/1 1 1171 1288 -edge_5_0_+disjointig_2_3588_44283 31094 32256 40695 -1 -1 1084 0.0246974
Chain
	Aln	9	+SRR33939694.109694/1 132 1175 1178 -edge_5_0_+disjointig_2_3588_44283 5900 6965 40695 -1 -1 614 0.0542497
Chain
	Aln	8	-SRR33939694.109694/1 2 1045 1178 +edge_5_0_+disjointig_2_3588_44283 33729 34794 40695 -1 -1 614 0.0542497
Chain
	Aln	9	+SRR33939694.109748/1 112 1142 1151 -edge_5_0_+disjointig_2_3588_44283 7819 8852 40695 -1 -1 917 0.0219909
Chain
	Aln	8	-SRR33939694.109748/1 8 1038 1151 +edge_5_0_+disjointig_2_3588_44283 31842 32875 40695 -1 -1 917 0.0219909
Chain
	Aln	8	+SRR33939694.109833/1 114 1183 1185 +edge_5_0_+disjointig_2_3588_44283 15973 17046 40695 -1 -1 964 0.0199908
Chain
	Aln	9	-SRR33939694.109833/1 1 1070 1185 -edge_5_0_+disjointig_2_3588_44283 23648 24721 40695 -1 -1 964 0.0199908
Chain
	Aln	8	+SRR33939694.109920/1 116 1352 1355 +edge_5_0_+disjointig_2_3588_44283 22837 24082 40695 -1 -1 1001 0.035771
Chain
	Aln	9	-SRR33939694.109920/1 2 1238 1355 -edge_5_0_+disjointig_2_3588_44283 16612 17857 40695 -1 -1 1001 0.035771
Chain
	Aln	8	+SRR33939694.109967/1 132 1232 1234 +edge_5_0_+disjointig_2_3588_44283 16202 17314 40695 -1 -1 1020 0.0214011
Chain
	Aln	9	-SRR33939694.109967/1 1 1101 1234 -edge_5_0_+disjointig_2_3588_44283 23380 24492 40695 -1 -1 1020 0.0214011
Chain
	Aln	9	+SRR33939694.109981/1 112 1181 1184 -edge_5_0_+disjointig_2_3588_44283 34323 35395 40695 -1 -1 982 0.0157697
Chain
	Aln	8	-SRR33939694.109981/1 2 1071 1184 +edge_5_0_+disjointig_2_3588_44283 5299 6371 40695 -1 -1 982 0.0157697
Chain
	Aln	8	+SRR33939694.110035/1 119 1167 1170 +edge_5_0_+disjointig_2_3588_44283 36598 37682 40695 -1 -1 733 0.0511296
Chain
	Aln	9	-SRR33939694.110035/1 2 1050 1170 -edge_5_0_+disjointig_2_3588_44283 3012 4096 40695 -1 -1 733 0.0511296
Chain
	Aln	8	+SRR33939694.110054/1 132 1193 1209 +edge_5_0_+disjointig_2_3588_44283 15447 16508 40695 -1 -1 856 0.0492238
Chain
	Aln	9	-SRR33939694.110054/1 15 1076 1209 -edge_5_0_+disjointig_2_3588_44283 24186 25247 40695 -1 -1 856 0.0492238
Chain
	Aln	8	+SRR33939694.110107/1 115 1138 1161 +edge_5_0_+disjointig_2_3588_44283 3570 4600 40695 -1 -1 948 0.018127
Chain
	Aln	9	-SRR33939694.110107/1 22 1045 1161 -edge_5_0_+disjointig_2_3588_44283 36094 37124 40695 -1 -1 948 0.018127
Chain
	Aln	9	+SRR33939694.110144/1 107 1185 1195 -edge_5_0_+disjointig_2_3588_44283 13575 14651 40695 -1 -1 953 0.0242511
Chain
	Aln	8	-SRR33939694.110144/1 9 1087 1195 +edge_5_0_+disjointig_2_3588_44283 26043 27119 40695 -1 -1 953 0.0242511
Chain
	Aln	9	+SRR33939694.110080/1 129 1814 1817 -edge_5_0_+disjointig_2_3588_44283 22345 24040 40695 -1 -1 1513 0.0268301
Chain
	Aln	8	-SRR33939694.110080/1 2 1687 1817 +edge_5_0_+disjointig_2_3588_44283 16654 18349 40695 -1 -1 1513 0.0268301
Chain
	Aln	9	+SRR33939694.109963/1 110 3441 3443 -edge_5_0_+disjointig_2_3588_44283 1266 4596 40695 -1 -1 2443 0.0428845
Chain
	Aln	8	-SRR33939694.109963/1 1 3332 3443 +edge_5_0_+disjointig_2_3588_44283 36098 39428 40695 -1 -1 2443 0.0428845
Chain
	Aln	9	+SRR33939694.110184/1 110 1131 1133 -edge_5_0_+disjointig_2_3588_44283 32616 33639 40695 -1 -1 876 0.0329106
Chain
	Aln	8	-SRR33939694.110184/1 1 1022 1133 +edge_5_0_+disjointig_2_3588_44283 7055 8078 40695 -1 -1 876 0.0329106
Chain
	Aln	8	+SRR33939694.110231/1 124 1258 1263 +edge_5_0_+disjointig_2_3588_44283 28974 30111 40695 -1 -1 1015 0.0236304
Chain
	Aln	9	-SRR33939694.110231/1 4 1138 1263 -edge_5_0_+disjointig_2_3588_44283 10583 11720 40695 -1 -1 1015 0.0236304
Chain
	Aln	9	+SRR33939694.110170/1 131 1594 1613 -edge_5_0_+disjointig_2_3588_44283 36082 37568 40695 -1 -1 1038 0.0553781
Chain
	Aln	8	-SRR33939694.110170/1 18 1481 1613 +edge_5_0_+disjointig_2_3588_44283 3126 4612 40695 -1 -1 1038 0.0553781
Chain
	Aln	5	+SRR33939694.110264/1 118 1427 1432 -edge_3_0_-disjointig_2_41855_44283 4 1326 2428 -1 -1 1127 0.0252952
Chain
	Aln	4	-SRR33939694.110264/1 4 1313 1432 +edge_3_0_-disjointig_2_41855_44283 1101 2423 2428 -1 -1 1127 0.0252952
Chain
	Aln	8	+SRR33939694.110268/1 146 1436 1439 +edge_5_0_+disjointig_2_3588_44283 12650 13930 40695 -1 -1 1010 0.0333454
Chain
	Aln	9	-SRR33939694.110268/1 2 1292 1439 -edge_5_0_+disjointig_2_3588_44283 26764 28044 40695 -1 -1 1010 0.0333454
Chain
	Aln	9	+SRR33939694.110386/1 121 1313 1339 -edge_5_0_+disjointig_2_3588_44283 2448 3635 40695 -1 -1 806 0.056846
Chain
	Aln	8	-SRR33939694.110386/1 25 1217 1339 +edge_5_0_+disjointig_2_3588_44283 37059 38246 40695 -1 -1 806 0.056846
Chain
	Aln	9	+SRR33939694.110350/1 111 1200 1202 -edge_5_0_+disjointig_2_3588_44283 21852 22940 40695 -1 -1 1042 0.0139587
Chain
	Aln	8	-SRR33939694.110350/1 1 1090 1202 +edge_5_0_+disjointig_2_3588_44283 17754 18842 40695 -1 -1 1042 0.0139587
Chain
	Aln	8	+SRR33939694.110387/1 114 1365 1367 +edge_5_0_+disjointig_2_3588_44283 11355 12606 40695 -1 -1 1146 0.0265286
Chain
	Aln	9	-SRR33939694.110387/1 1 1252 1367 -edge_5_0_+disjointig_2_3588_44283 28088 29339 40695 -1 -1 1146 0.0265286
Chain
	Aln	9	+SRR33939694.110510/1 110 1217 1220 -edge_5_0_+disjointig_2_3588_44283 12738 13853 40695 -1 -1 956 0.0259892
Chain
	Aln	8	-SRR33939694.110510/1 2 1109 1220 +edge_5_0_+disjointig_2_3588_44283 26841 27956 40695 -1 -1 956 0.0259892
Chain
	Aln	9	+SRR33939694.110548/1 108 1132 1136 -edge_5_0_+disjointig_2_3588_44283 39653 40679 40695 -1 -1 875 0.027973
Chain
	Aln	8	-SRR33939694.110548/1 3 1027 1136 +edge_5_0_+disjointig_2_3588_44283 15 1041 40695 -1 -1 875 0.027973
Chain
	Aln	8	+SRR33939694.110583/1 141 1295 1297 +edge_5_0_+disjointig_2_3588_44283 5916 7061 40695 -1 -1 913 0.0350736
Chain
	Aln	9	-SRR33939694.110583/1 1 1155 1297 -edge_5_0_+disjointig_2_3588_44283 33633 34778 40695 -1 -1 913 0.0350736
Chain
	Aln	9	+SRR33939694.110451/1 112 1593 1595 -edge_5_0_+disjointig_2_3588_44283 31262 32740 40695 -1 -1 1382 0.0170028
Chain
	Aln	8	-SRR33939694.110451/1 1 1482 1595 +edge_5_0_+disjointig_2_3588_44283 7954 9432 40695 -1 -1 1382 0.0170028
Chain
	Aln	9	+SRR33939694.110653/1 130 1533 1564 -edge_5_0_+disjointig_2_3588_44283 2507 3902 40695 -1 -1 1070 0.0434104
Chain
	Aln	8	-SRR33939694.110653/1 30 1433 1564 +edge_5_0_+disjointig_2_3588_44283 36792 38187 40695 -1 -1 1070 0.0434104
Chain
	Aln	8	+SRR33939694.110924/1 110 1244 1256 +edge_5_0_+disjointig_2_3588_44283 10941 12079 40695 -1 -1 1090 0.0182871
Chain
	Aln	9	-SRR33939694.110924/1 11 1145 1256 -edge_5_0_+disjointig_2_3588_44283 28615 29753 40695 -1 -1 1090 0.0182871
Chain
	Aln	8	+SRR33939694.110954/1 107 1151 1161 +edge_5_0_+disjointig_2_3588_44283 10836 11878 40695 -1 -1 941 0.0261128
Chain
	Aln	9	-SRR33939694.110954/1 9 1053 1161 -edge_5_0_+disjointig_2_3588_44283 28816 29858 40695 -1 -1 941 0.0261128
Chain
	Aln	9	+SRR33939694.110791/1 114 2673 2676 -edge_5_0_+disjointig_2_3588_44283 18707 21264 40695 -1 -1 2398 0.0186068
Chain
	Aln	8	-SRR33939694.110791/1 2 2561 2676 +edge_5_0_+disjointig_2_3588_44283 19430 21987 40695 -1 -1 2398 0.0186068
Chain
	Aln	8	+SRR33939694.111009/1 108 2111 2117 +edge_5_0_+disjointig_2_3588_44283 18383 20395 40695 -1 -1 1804 0.0235811
Chain
	Aln	9	-SRR33939694.111009/1 5 2008 2117 -edge_5_0_+disjointig_2_3588_44283 20299 22311 40695 -1 -1 1804 0.0235811
Chain
	Aln	8	+SRR33939694.111104/1 167 1250 1252 +edge_5_0_+disjointig_2_3588_44283 38721 39821 40695 -1 -1 988 0.022542
Chain
	Aln	9	-SRR33939694.111104/1 1 1084 1252 -edge_5_0_+disjointig_2_3588_44283 873 1973 40695 -1 -1 988 0.022542
Chain
	Aln	8	+SRR33939694.110623/1 119 4720 4725 +edge_5_0_+disjointig_2_3588_44283 36044 40689 40695 -1 -1 4237 0.0216161
Chain
	Aln	9	-SRR33939694.110623/1 4 4605 4725 -edge_5_0_+disjointig_2_3588_44283 5 4650 40695 -1 -1 4237 0.0216161
Chain
	Aln	8	+SRR33939694.110960/1 110 3526 3570 +edge_5_0_+disjointig_2_3588_44283 37207 40653 40695 -1 -1 3095 0.0203862
Chain
	Aln	9	-SRR33939694.110960/1 43 3459 3570 -edge_5_0_+disjointig_2_3588_44283 41 3487 40695 -1 -1 3095 0.0203862
Chain
	Aln	8	+SRR33939694.111112/1 116 1152 1155 +edge_5_0_+disjointig_2_3588_44283 3171 4203 40695 -1 -1 999 0.0149942
Chain
	Aln	9	-SRR33939694.111112/1 2 1038 1155 -edge_5_0_+disjointig_2_3588_44283 36491 37523 40695 -1 -1 999 0.0149942
Chain
	Aln	8	+SRR33939694.111118/1 101 1101 1132 +edge_5_0_+disjointig_2_3588_44283 30667 31665 40695 -1 -1 623 0.0655076
Chain
	Aln	9	-SRR33939694.111118/1 30 1030 1132 -edge_5_0_+disjointig_2_3588_44283 9029 10027 40695 -1 -1 623 0.0655076
Chain
	Aln	8	+SRR33939694.111134/1 115 1174 1176 +edge_5_0_+disjointig_2_3588_44283 16523 17590 40695 -1 -1 1009 0.0154947
Chain
	Aln	9	-SRR33939694.111134/1 1 1060 1176 -edge_5_0_+disjointig_2_3588_44283 23104 24171 40695 -1 -1 1009 0.0154947
Chain
	Aln	9	+SRR33939694.111227/1 111 1142 1144 -edge_5_0_+disjointig_2_3588_44283 28276 29311 40695 -1 -1 1004 0.0152315
Chain
	Aln	8	-SRR33939694.111227/1 1 1032 1144 +edge_5_0_+disjointig_2_3588_44283 11383 12418 40695 -1 -1 1004 0.0152315
Chain
	Aln	8	+SRR33939694.111169/1 142 1390 1392 +edge_5_0_+disjointig_2_3588_44283 10462 11717 40695 -1 -1 1077 0.0239732
Chain
	Aln	9	-SRR33939694.111169/1 1 1249 1392 -edge_5_0_+disjointig_2_3588_44283 28977 30232 40695 -1 -1 1077 0.0239732
Chain
	Aln	0	+SRR33939694.111243/1 208 1410 1413 +edge_1_0_+disjointig_1_0_20896 14084 15309 20896 -1 -1 839 0.056662
Chain
	Aln	1	-SRR33939694.111243/1 2 1204 1413 -edge_1_0_+disjointig_1_0_20896 5586 6811 20896 -1 -1 839 0.056662
Chain
	Aln	8	+SRR33939694.111267/1 111 1140 1142 +edge_5_0_+disjointig_2_3588_44283 11449 12488 40695 -1 -1 982 0.0180196
Chain
	Aln	9	-SRR33939694.111267/1 1 1030 1142 -edge_5_0_+disjointig_2_3588_44283 28206 29245 40695 -1 -1 982 0.0180196
Chain
	Aln	9	+SRR33939694.111437/1 115 1149 1152 -edge_5_0_+disjointig_2_3588_44283 27464 28514 40695 -1 -1 966 0.0201995
Chain
	Aln	8	-SRR33939694.111437/1 2 1036 1152 +edge_5_0_+disjointig_2_3588_44283 12180 13230 40695 -1 -1 966 0.0201995
Chain
	Aln	9	+SRR33939694.111512/1 114 1125 1128 -edge_5_0_+disjointig_2_3588_44283 4727 5734 40695 -1 -1 828 0.0336439
Chain
	Aln	8	-SRR33939694.111512/1 2 1013 1128 +edge_5_0_+disjointig_2_3588_44283 34960 35967 40695 -1 -1 828 0.0336439
Chain
	Aln	9	+SRR33939694.111525/1 108 1403 1407 -edge_5_0_+disjointig_2_3588_44283 15089 16389 40695 -1 -1 1089 0.0316661
Chain
	Aln	8	-SRR33939694.111525/1 3 1298 1407 +edge_5_0_+disjointig_2_3588_44283 24305 25605 40695 -1 -1 1089 0.0316661
Chain
	Aln	8	+SRR33939694.111538/1 110 1124 1150 +edge_5_0_+disjointig_2_3588_44283 17222 18241 40695 -1 -1 868 0.028501
Chain
	Aln	9	-SRR33939694.111538/1 25 1039 1150 -edge_5_0_+disjointig_2_3588_44283 22453 23472 40695 -1 -1 868 0.028501
Chain
	Aln	9	+SRR33939694.111603/1 119 1396 1408 -edge_5_0_+disjointig_2_3588_44283 12645 13921 40695 -1 -1 1116 0.0233952
Chain
	Aln	8	-SRR33939694.111603/1 11 1288 1408 +edge_5_0_+disjointig_2_3588_44283 26773 28049 40695 -1 -1 1116 0.0233952
Chain
	Aln	9	+SRR33939694.111635/1 114 1181 1183 -edge_5_0_+disjointig_2_3588_44283 36563 37629 40695 -1 -1 1010 0.0161446
Chain
	Aln	8	-SRR33939694.111635/1 1 1068 1183 +edge_5_0_+disjointig_2_3588_44283 3065 4131 40695 -1 -1 1010 0.0161446
Chain
	Aln	9	+SRR33939694.111686/1 110 1452 1456 -edge_5_0_+disjointig_2_3588_44283 27688 29041 40695 -1 -1 1208 0.0242437
Chain
	Aln	8	-SRR33939694.111686/1 3 1345 1456 +edge_5_0_+disjointig_2_3588_44283 11653 13006 40695 -1 -1 1208 0.0242437
Chain
	Aln	6	+SRR33939694.111706/1 238 2093 2096 +edge_4_0_+disjointig_1_22059_47419 11022 12875 25360 -1 -1 1822 0.00808452
Chain
	Aln	7	-SRR33939694.111706/1 2 1857 2096 -edge_4_0_+disjointig_1_22059_47419 12484 14337 25360 -1 -1 1822 0.00808452
Chain
	Aln	8	+SRR33939694.111753/1 102 1488 1490 +edge_5_0_+disjointig_2_3588_44283 7965 9346 40695 -1 -1 1327 0.00939968
Chain
	Aln	9	-SRR33939694.111753/1 1 1387 1490 -edge_5_0_+disjointig_2_3588_44283 31348 32729 40695 -1 -1 1327 0.00939968
Chain
	Aln	6	+SRR33939694.111590/1 468 3529 3540 +edge_4_0_+disjointig_1_22059_47419 697 3695 25360 -1 -1 2755 0.0179888
Chain
	Aln	7	-SRR33939694.111590/1 10 3071 3540 -edge_4_0_+disjointig_1_22059_47419 21664 24662 25360 -1 -1 2755 0.0179888
Chain
	Aln	8	+SRR33939694.111815/1 112 1315 1317 +edge_5_0_+disjointig_2_3588_44283 3114 4316 40695 -1 -1 1117 0.0189305
Chain
	Aln	9	-SRR33939694.111815/1 1 1204 1317 -edge_5_0_+disjointig_2_3588_44283 36378 37580 40695 -1 -1 1117 0.0189305
Chain
	Aln	8	+SRR33939694.111823/1 110 1196 1220 +edge_5_0_+disjointig_2_3588_44283 6838 7939 40695 -1 -1 852 0.0375359
Chain
	Aln	9	-SRR33939694.111823/1 23 1109 1220 -edge_5_0_+disjointig_2_3588_44283 32755 33856 40695 -1 -1 852 0.0375359
Chain
	Aln	4	+SRR33939694.111835/1 127 1564 1619 +edge_3_0_-disjointig_2_41855_44283 968 2388 2428 -1 -1 1268 0.0269386
Chain
	Aln	5	-SRR33939694.111835/1 54 1491 1619 -edge_3_0_-disjointig_2_41855_44283 39 1459 2428 -1 -1 1268 0.0269386
Chain
	Aln	9	+SRR33939694.111890/1 149 2057 2059 -edge_5_0_+disjointig_2_3588_44283 21388 23329 40695 -1 -1 1639 0.0292104
Chain
	Aln	8	-SRR33939694.111890/1 1 1909 2059 +edge_5_0_+disjointig_2_3588_44283 17365 19306 40695 -1 -1 1639 0.0292104
Chain
	Aln	9	+SRR33939694.111972/1 115 1563 1565 -edge_5_0_+disjointig_2_3588_44283 1886 3337 40695 -1 -1 1243 0.0316692
Chain
	Aln	8	-SRR33939694.111972/1 1 1449 1565 +edge_5_0_+disjointig_2_3588_44283 37357 38808 40695 -1 -1 1243 0.0316692
Chain
	Aln	8	+SRR33939694.111974/1 126 1213 1222 +edge_5_0_+disjointig_2_3588_44283 18379 19471 40695 -1 -1 985 0.0322902
Chain
	Aln	9	-SRR33939694.111974/1 8 1095 1222 -edge_5_0_+disjointig_2_3588_44283 21223 22315 40695 -1 -1 985 0.0322902
Chain
	Aln	8	+SRR33939694.111320/1 111 7856 7862 +edge_5_0_+disjointig_2_3588_44283 21789 29653 40695 -1 -1 6422 0.0329149
Chain
	Aln	9	-SRR33939694.111320/1 5 7750 7862 -edge_5_0_+disjointig_2_3588_44283 11041 18905 40695 -1 -1 6422 0.0329149
Chain
	Aln	9	+SRR33939694.112002/1 113 1968 1974 -edge_5_0_+disjointig_2_3588_44283 17706 19565 40695 -1 -1 1420 0.0429985
Chain
	Aln	8	-SRR33939694.112002/1 5 1860 1974 +edge_5_0_+disjointig_2_3588_44283 21129 22988 40695 -1 -1 1420 0.0429985
Chain
	Aln	9	+SRR33939694.112061/1 115 1531 1534 -edge_5_0_+disjointig_2_3588_44283 3814 5253 40695 -1 -1 1117 0.0342492
Chain
	Aln	8	-SRR33939694.112061/1 2 1418 1534 +edge_5_0_+disjointig_2_3588_44283 35441 36880 40695 -1 -1 1117 0.0342492
Chain
	Aln	9	+SRR33939694.112135/1 120 1172 1179 -edge_5_0_+disjointig_2_3588_44283 13592 14642 40695 -1 -1 968 0.0173812
Chain
	Aln	8	-SRR33939694.112135/1 6 1058 1179 +edge_5_0_+disjointig_2_3588_44283 26052 27102 40695 -1 -1 968 0.0173812
Chain
	Aln	8	+SRR33939694.112182/1 118 1205 1207 +edge_5_0_+disjointig_2_3588_44283 5555 6646 40695 -1 -1 1033 0.0179637
Chain
	Aln	9	-SRR33939694.112182/1 1 1088 1207 -edge_5_0_+disjointig_2_3588_44283 34048 35139 40695 -1 -1 1033 0.0179637
Chain
	Aln	8	+SRR33939694.112262/1 109 1167 1169 +edge_5_0_+disjointig_2_3588_44283 15468 16519 40695 -1 -1 900 0.0240641
Chain
	Aln	9	-SRR33939694.112262/1 1 1059 1169 -edge_5_0_+disjointig_2_3588_44283 24175 25226 40695 -1 -1 900 0.0240641
Chain
	Aln	9	+SRR33939694.112272/1 117 1386 1388 -edge_5_0_+disjointig_2_3588_44283 23586 24860 40695 -1 -1 1179 0.0168878
Chain
	Aln	8	-SRR33939694.112272/1 1 1270 1388 +edge_5_0_+disjointig_2_3588_44283 15834 17108 40695 -1 -1 1179 0.0168878
Chain
	Aln	8	+SRR33939694.112286/1 113 1251 1253 +edge_5_0_+disjointig_2_3588_44283 3128 4257 40695 -1 -1 1037 0.0162741
Chain
	Aln	9	-SRR33939694.112286/1 1 1139 1253 -edge_5_0_+disjointig_2_3588_44283 36437 37566 40695 -1 -1 1037 0.0162741
Chain
	Aln	8	+SRR33939694.112335/1 114 1117 1119 +edge_5_0_+disjointig_2_3588_44283 6238 7250 40695 -1 -1 794 0.0391025
Chain
	Aln	9	-SRR33939694.112335/1 1 1004 1119 -edge_5_0_+disjointig_2_3588_44283 33444 34456 40695 -1 -1 794 0.0391025
Chain
	Aln	6	+SRR33939694.112325/1 317 1592 1595 +edge_4_0_+disjointig_1_22059_47419 12342 13613 25360 -1 -1 1172 0.019644
Chain
	Aln	7	-SRR33939694.112325/1 2 1277 1595 -edge_4_0_+disjointig_1_22059_47419 11746 13017 25360 -1 -1 1172 0.019644
Chain
	Aln	8	+SRR33939694.112466/1 106 1901 1917 +edge_5_0_+disjointig_2_3588_44283 27829 29636 40695 -1 -1 1686 0.0169113
Chain
	Aln	9	-SRR33939694.112466/1 15 1810 1917 -edge_5_0_+disjointig_2_3588_44283 11058 12865 40695 -1 -1 1686 0.0169113
Chain
	Aln	6	+SRR33939694.112052/1 409 4705 4707 +edge_4_0_+disjointig_1_22059_47419 11567 15879 25360 -1 -1 4083 0.0139645
Chain
	Aln	7	-SRR33939694.112052/1 1 4297 4707 -edge_4_0_+disjointig_1_22059_47419 9480 13792 25360 -1 -1 4083 0.0139645
Chain
	Aln	8	+SRR33939694.112480/1 110 1360 1362 +edge_5_0_+disjointig_2_3588_44283 36797 38055 40695 -1 -1 1134 0.0228576
Chain
	Aln	9	-SRR33939694.112480/1 1 1251 1362 -edge_5_0_+disjointig_2_3588_44283 2639 3897 40695 -1 -1 1134 0.0228576
Chain
	Aln	9	+SRR33939694.112525/1 117 1130 1152 -edge_5_0_+disjointig_2_3588_44283 18442 19466 40695 -1 -1 861 0.0300214
Chain
	Aln	8	-SRR33939694.112525/1 21 1034 1152 +edge_5_0_+disjointig_2_3588_44283 21228 22252 40695 -1 -1 861 0.0300214
Chain
	Aln	9	+SRR33939694.112507/1 107 1352 1369 -edge_5_0_+disjointig_2_3588_44283 20345 21594 40695 -1 -1 1163 0.0252638
Chain
	Aln	8	-SRR33939694.112507/1 16 1261 1369 +edge_5_0_+disjointig_2_3588_44283 19100 20349 40695 -1 -1 1163 0.0252638
Chain
	Aln	8	+SRR33939694.112698/1 112 1262 1271 +edge_5_0_+disjointig_2_3588_44283 22578 23732 40695 -1 -1 1106 0.0160806
Chain
	Aln	9	-SRR33939694.112698/1 8 1158 1271 -edge_5_0_+disjointig_2_3588_44283 16962 18116 40695 -1 -1 1106 0.0160806
Chain
	Aln	8	+SRR33939694.112765/1 111 1545 1547 +edge_5_0_+disjointig_2_3588_44283 21024 22455 40695 -1 -1 1311 0.0225073
Chain
	Aln	9	-SRR33939694.112765/1 1 1435 1547 -edge_5_0_+disjointig_2_3588_44283 18239 19670 40695 -1 -1 1311 0.0225073
Chain
	Aln	9	+SRR33939694.112779/1 117 1665 1677 -edge_5_0_+disjointig_2_3588_44283 1626 3188 40695 -1 -1 1335 0.0285692
Chain
	Aln	8	-SRR33939694.112779/1 11 1559 1677 +edge_5_0_+disjointig_2_3588_44283 37506 39068 40695 -1 -1 1335 0.0285692
Chain
	Aln	8	+SRR33939694.112825/1 100 2091 2114 +edge_5_0_+disjointig_2_3588_44283 18135 20120 40695 -1 -1 1912 0.011307
Chain
	Aln	9	-SRR33939694.112825/1 22 2013 2114 -edge_5_0_+disjointig_2_3588_44283 20574 22559 40695 -1 -1 1912 0.011307
Chain
	Aln	9	+SRR33939694.112870/1 106 1796 1816 -edge_5_0_+disjointig_2_3588_44283 1333 3048 40695 -1 -1 1590 0.0153334
Chain
	Aln	8	-SRR33939694.112870/1 19 1709 1816 +edge_5_0_+disjointig_2_3588_44283 37646 39361 40695 -1 -1 1590 0.0153334
Chain
	Aln	9	+SRR33939694.112883/1 113 1881 1885 -edge_5_0_+disjointig_2_3588_44283 15801 17566 40695 -1 -1 1689 0.0122101
Chain
	Aln	8	-SRR33939694.112883/1 3 1771 1885 +edge_5_0_+disjointig_2_3588_44283 23128 24893 40695 -1 -1 1689 0.0122101
Chain
	Aln	4	+SRR33939694.112999/1 121 1134 1136 +edge_3_0_-disjointig_2_41855_44283 495 1508 2428 -1 -1 884 0.025494
Chain
	Aln	5	-SRR33939694.112999/1 1 1014 1136 -edge_3_0_-disjointig_2_41855_44283 919 1932 2428 -1 -1 884 0.025494
Chain
	Aln	9	+SRR33939694.112936/1 112 1113 1145 -edge_5_0_+disjointig_2_3588_44283 6362 7362 40695 -1 -1 921 0.0203058
Chain
	Aln	8	-SRR33939694.112936/1 31 1032 1145 +edge_5_0_+disjointig_2_3588_44283 33332 34332 40695 -1 -1 921 0.0203058
Chain
	Aln	9	+SRR33939694.113039/1 117 1182 1188 -edge_5_0_+disjointig_2_3588_44283 24191 25260 40695 -1 -1 1043 0.00973124
Chain
	Aln	8	-SRR33939694.113039/1 5 1070 1188 +edge_5_0_+disjointig_2_3588_44283 15434 16503 40695 -1 -1 1043 0.00973124
Chain
	Aln	9	+SRR33939694.113055/1 126 1356 1361 -edge_5_0_+disjointig_2_3588_44283 25353 26608 40695 -1 -1 1040 0.0292842
Chain
	Aln	8	-SRR33939694.113055/1 4 1234 1361 +edge_5_0_+disjointig_2_3588_44283 14086 15341 40695 -1 -1 1040 0.0292842
Chain
	Aln	8	+SRR33939694.113142/1 111 1447 1453 +edge_5_0_+disjointig_2_3588_44283 21666 22992 40695 -1 -1 1091 0.0333505
Chain
	Aln	9	-SRR33939694.113142/1 5 1341 1453 -edge_5_0_+disjointig_2_3588_44283 17702 19028 40695 -1 -1 1091 0.0333505
Chain
	Aln	9	+SRR33939694.113183/1 135 1847 1853 -edge_5_0_+disjointig_2_3588_44283 13238 14939 40695 -1 -1 1577 0.0209842
Chain
	Aln	8	-SRR33939694.113183/1 5 1717 1853 +edge_5_0_+disjointig_2_3588_44283 25755 27456 40695 -1 -1 1577 0.0209842
Chain
	Aln	8	+SRR33939694.113279/1 113 1381 1391 +edge_5_0_+disjointig_2_3588_44283 3193 4425 40695 -1 -1 872 0.0469675
Chain
	Aln	9	-SRR33939694.113279/1 9 1277 1391 -edge_5_0_+disjointig_2_3588_44283 36269 37501 40695 -1 -1 872 0.0469675
Chain
	Aln	9	+SRR33939694.113274/1 130 1618 1621 -edge_5_0_+disjointig_2_3588_44283 12844 14337 40695 -1 -1 1413 0.0113808
Chain
	Aln	8	-SRR33939694.113274/1 2 1490 1621 +edge_5_0_+disjointig_2_3588_44283 26357 27850 40695 -1 -1 1413 0.0113808
Chain
	Aln	8	+SRR33939694.113364/1 112 1272 1281 +edge_5_0_+disjointig_2_3588_44283 22472 23644 40695 -1 -1 916 0.0403077
Chain
	Aln	9	-SRR33939694.113364/1 8 1168 1281 -edge_5_0_+disjointig_2_3588_44283 17050 18222 40695 -1 -1 916 0.0403077
Chain
	Aln	9	+SRR33939694.113427/1 103 1120 1122 -edge_5_0_+disjointig_2_3588_44283 4974 6013 40695 -1 -1 834 0.036608
Chain
	Aln	8	-SRR33939694.113427/1 1 1018 1122 +edge_5_0_+disjointig_2_3588_44283 34681 35720 40695 -1 -1 834 0.036608
Chain
	Aln	9	+SRR33939694.113422/1 108 1459 1462 -edge_5_0_+disjointig_2_3588_44283 32491 33854 40695 -1 -1 1138 0.0281979
Chain
	Aln	8	-SRR33939694.113422/1 2 1353 1462 +edge_5_0_+disjointig_2_3588_44283 6840 8203 40695 -1 -1 1138 0.0281979
Chain
	Aln	9	+SRR33939694.113443/1 112 1129 1145 -edge_5_0_+disjointig_2_3588_44283 26694 27716 40695 -1 -1 947 0.0189267
Chain
	Aln	8	-SRR33939694.113443/1 15 1032 1145 +edge_5_0_+disjointig_2_3588_44283 12978 14000 40695 -1 -1 947 0.0189267
Chain
	Aln	8	+SRR33939694.113483/1 116 1190 1198 +edge_5_0_+disjointig_2_3588_44283 732 1809 40695 -1 -1 918 0.0304584
Chain
	Aln	9	-SRR33939694.113483/1 7 1081 1198 -edge_5_0_+disjointig_2_3588_44283 38885 39962 40695 -1 -1 918 0.0304584
Chain
	Aln	1	+SRR33939694.113185/1 397 3853 3855 -edge_1_0_+disjointig_1_0_20896 8441 11900 20896 -1 -1 3175 0.0218286
Chain
	Aln	0	-SRR33939694.113185/1 1 3457 3855 +edge_1_0_+disjointig_1_0_20896 8995 12454 20896 -1 -1 3175 0.0218286
Chain
	Aln	9	+SRR33939694.113541/1 127 1361 1363 -edge_5_0_+disjointig_2_3588_44283 4888 6138 40695 -1 -1 1058 0.0253834
Chain
	Aln	8	-SRR33939694.113541/1 1 1235 1363 +edge_5_0_+disjointig_2_3588_44283 34556 35806 40695 -1 -1 1058 0.0253834
Chain
	Aln	8	+SRR33939694.113613/1 194 1485 1487 +edge_5_0_+disjointig_2_3588_44283 9 1309 40695 -1 -1 1056 0.0371098
Chain
	Aln	9	-SRR33939694.113613/1 1 1292 1487 -edge_5_0_+disjointig_2_3588_44283 39385 40685 40695 -1 -1 1056 0.0371098
Chain
	Aln	8	+SRR33939694.113523/1 114 2069 2076 +edge_5_0_+disjointig_2_3588_44283 20635 22588 40695 -1 -1 1738 0.0254485
Chain
	Aln	9	-SRR33939694.113523/1 6 1961 2076 -edge_5_0_+disjointig_2_3588_44283 18106 20059 40695 -1 -1 1738 0.0254485
Chain
	Aln	9	+SRR33939694.113623/1 120 1590 1601 -edge_5_0_+disjointig_2_3588_44283 32409 33887 40695 -1 -1 1288 0.0280132
Chain
	Aln	8	-SRR33939694.113623/1 10 1480 1601 +edge_5_0_+disjointig_2_3588_44283 6807 8285 40695 -1 -1 1288 0.0280132
Chain
	Aln	9	+SRR33939694.113730/1 126 1178 1180 -edge_5_0_+disjointig_2_3588_44283 27245 28295 40695 -1 -1 870 0.0288022
Chain
	Aln	8	-SRR33939694.113730/1 1 1053 1180 +edge_5_0_+disjointig_2_3588_44283 12399 13449 40695 -1 -1 870 0.0288022
Chain
	Aln	7	+SRR33939694.113520/1 214 2158 2161 -edge_4_0_+disjointig_1_22059_47419 482 2439 25360 -1 -1 1755 0.0193435
Chain
	Aln	6	-SRR33939694.113520/1 2 1946 2161 +edge_4_0_+disjointig_1_22059_47419 22920 24877 25360 -1 -1 1755 0.0193435
Chain
	Aln	8	+SRR33939694.113731/1 141 1323 1358 +edge_5_0_+disjointig_2_3588_44283 31158 32352 40695 -1 -1 906 0.0439486
Chain
	Aln	9	-SRR33939694.113731/1 34 1216 1358 -edge_5_0_+disjointig_2_3588_44283 8342 9536 40695 -1 -1 906 0.0439486
Chain
	Aln	9	+SRR33939694.113734/1 134 1171 1175 -edge_5_0_+disjointig_2_3588_44283 30320 31373 40695 -1 -1 948 0.0227884
Chain
	Aln	8	-SRR33939694.113734/1 3 1040 1175 +edge_5_0_+disjointig_2_3588_44283 9321 10374 40695 -1 -1 948 0.0227884
Chain
	Aln	8	+SRR33939694.113853/1 116 1349 1351 +edge_5_0_+disjointig_2_3588_44283 33909 35143 40695 -1 -1 910 0.0381885
Chain
	Aln	9	-SRR33939694.113853/1 1 1234 1351 -edge_5_0_+disjointig_2_3588_44283 5551 6785 40695 -1 -1 910 0.0381885
Chain
	Aln	7	+SRR33939694.113779/1 222 1870 1879 -edge_4_0_+disjointig_1_22059_47419 4715 6389 25360 -1 -1 1401 0.0262614
Chain
	Aln	6	-SRR33939694.113779/1 8 1656 1879 +edge_4_0_+disjointig_1_22059_47419 18970 20644 25360 -1 -1 1401 0.0262614
Chain
	Aln	9	+SRR33939694.113916/1 113 1326 1330 -edge_5_0_+disjointig_2_3588_44283 32877 34093 40695 -1 -1 887 0.0429763
Chain
	Aln	8	-SRR33939694.113916/1 3 1216 1330 +edge_5_0_+disjointig_2_3588_44283 6601 7817 40695 -1 -1 887 0.0429763
Chain
	Aln	8	+SRR33939694.113948/1 112 1122 1125 +edge_5_0_+disjointig_2_3588_44283 34715 35726 40695 -1 -1 897 0.0210569
Chain
	Aln	9	-SRR33939694.113948/1 2 1012 1125 -edge_5_0_+disjointig_2_3588_44283 4968 5979 40695 -1 -1 897 0.0210569
Chain
	Aln	8	+SRR33939694.113927/1 97 1413 1417 +edge_5_0_+disjointig_2_3588_44283 28197 29525 40695 -1 -1 1216 0.0169161
Chain
	Aln	9	-SRR33939694.113927/1 3 1319 1417 -edge_5_0_+disjointig_2_3588_44283 11169 12497 40695 -1 -1 1216 0.0169161
Chain
	Aln	9	+SRR33939694.114024/1 110 1264 1266 -edge_5_0_+disjointig_2_3588_44283 28324 29484 40695 -1 -1 1033 0.0224567
Chain
	Aln	8	-SRR33939694.114024/1 1 1155 1266 +edge_5_0_+disjointig_2_3588_44283 11210 12370 40695 -1 -1 1033 0.0224567
Chain
	Aln	9	+SRR33939694.114021/1 114 1418 1421 -edge_5_0_+disjointig_2_3588_44283 27713 29019 40695 -1 -1 1028 0.0385847
Chain
	Aln	8	-SRR33939694.114021/1 2 1306 1421 +edge_5_0_+disjointig_2_3588_44283 11675 12981 40695 -1 -1 1028 0.0385847
Chain
	Aln	9	+SRR33939694.114028/1 104 1191 1198 -edge_5_0_+disjointig_2_3588_44283 18193 19302 40695 -1 -1 852 0.0484643
Chain
	Aln	8	-SRR33939694.114028/1 6 1093 1198 +edge_5_0_+disjointig_2_3588_44283 21392 22501 40695 -1 -1 852 0.0484643
Chain
	Aln	9	+SRR33939694.113990/1 111 3043 3045 -edge_5_0_+disjointig_2_3588_44283 3973 6896 40695 -1 -1 2475 0.0317894
Chain
	Aln	8	-SRR33939694.113990/1 1 2933 3045 +edge_5_0_+disjointig_2_3588_44283 33798 36721 40695 -1 -1 2475 0.0317894
Chain
	Aln	8	+SRR33939694.114079/1 110 1310 1312 +edge_5_0_+disjointig_2_3588_44283 36181 37386 40695 -1 -1 1176 0.00708916
Chain
	Aln	9	-SRR33939694.114079/1 1 1201 1312 -edge_5_0_+disjointig_2_3588_44283 3308 4513 40695 -1 -1 1176 0.00708916
Chain
	Aln	9	+SRR33939694.114000/1 123 2388 2390 -edge_5_0_+disjointig_2_3588_44283 33797 36066 40695 -1 -1 1977 0.024713
Chain
	Aln	8	-SRR33939694.114000/1 1 2266 2390 +edge_5_0_+disjointig_2_3588_44283 4628 6897 40695 -1 -1 1977 0.024713
Chain
	Aln	9	+SRR33939694.114238/1 115 1293 1324 -edge_5_0_+disjointig_2_3588_44283 36162 37312 40695 -1 -1 1026 0.0250983
Chain
	Aln	8	-SRR33939694.114238/1 30 1208 1324 +edge_5_0_+disjointig_2_3588_44283 3382 4532 40695 -1 -1 1026 0.0250983
Chain
	Aln	0	+SRR33939694.114174/1 202 1632 1635 +edge_1_0_+disjointig_1_0_20896 2483 3916 20896 -1 -1 1351 0.0203377
Chain
	Aln	1	-SRR33939694.114174/1 2 1432 1635 -edge_1_0_+disjointig_1_0_20896 16979 18412 20896 -1 -1 1351 0.0203377
Chain
	Aln	9	+SRR33939694.114316/1 111 1199 1217 -edge_5_0_+disjointig_2_3588_44283 20418 21507 40695 -1 -1 898 0.0325971
Chain
	Aln	8	-SRR33939694.114316/1 17 1105 1217 +edge_5_0_+disjointig_2_3588_44283 19187 20276 40695 -1 -1 898 0.0325971
Chain
	Aln	9	+SRR33939694.114325/1 113 1252 1259 -edge_5_0_+disjointig_2_3588_44283 12934 14082 40695 -1 -1 1074 0.0108235
Chain
	Aln	8	-SRR33939694.114325/1 6 1145 1259 +edge_5_0_+disjointig_2_3588_44283 26612 27760 40695 -1 -1 1074 0.0108235
Chain
	Aln	6	+SRR33939694.113892/1 204 5626 5629 +edge_4_0_+disjointig_1_22059_47419 19921 25358 25360 -1 -1 4741 0.0243343
Chain
	Aln	7	-SRR33939694.113892/1 2 5424 5629 -edge_4_0_+disjointig_1_22059_47419 1 5438 25360 -1 -1 4741 0.0243343
Chain
	Aln	9	+SRR33939694.114356/1 118 1469 1471 -edge_5_0_+disjointig_2_3588_44283 20915 22298 40695 -1 -1 1106 0.0376821
Chain
	Aln	8	-SRR33939694.114356/1 1 1352 1471 +edge_5_0_+disjointig_2_3588_44283 18396 19779 40695 -1 -1 1106 0.0376821
Chain
	Aln	9	+SRR33939694.114379/1 132 1429 1432 -edge_5_0_+disjointig_2_3588_44283 32329 33640 40695 -1 -1 953 0.0447471
Chain
	Aln	8	-SRR33939694.114379/1 2 1299 1432 +edge_5_0_+disjointig_2_3588_44283 7054 8365 40695 -1 -1 953 0.0447471
Chain
	Aln	9	+SRR33939694.114369/1 112 1989 1992 -edge_5_0_+disjointig_2_3588_44283 28037 29924 40695 -1 -1 1757 0.0179583
Chain
	Aln	8	-SRR33939694.114369/1 2 1879 1992 +edge_5_0_+disjointig_2_3588_44283 10770 12657 40695 -1 -1 1757 0.0179583
Chain
	Aln	9	+SRR33939694.114381/1 125 1321 1326 -edge_5_0_+disjointig_2_3588_44283 29708 30926 40695 -1 -1 943 0.044601
Chain
	Aln	8	-SRR33939694.114381/1 4 1200 1326 +edge_5_0_+disjointig_2_3588_44283 9768 10986 40695 -1 -1 943 0.044601
Chain
	Aln	9	+SRR33939694.114491/1 109 1144 1153 -edge_5_0_+disjointig_2_3588_44283 23908 24949 40695 -1 -1 960 0.01752
Chain
	Aln	8	-SRR33939694.114491/1 8 1043 1153 +edge_5_0_+disjointig_2_3588_44283 15745 16786 40695 -1 -1 960 0.01752
Chain
	Aln	9	+SRR33939694.114530/1 118 1254 1256 -edge_5_0_+disjointig_2_3588_44283 10462 11606 40695 -1 -1 1058 0.0208273
Chain
	Aln	8	-SRR33939694.114530/1 1 1137 1256 +edge_5_0_+disjointig_2_3588_44283 29088 30232 40695 -1 -1 1058 0.0208273
Chain
	Aln	9	+SRR33939694.114502/1 114 1390 1392 -edge_5_0_+disjointig_2_3588_44283 11003 12288 40695 -1 -1 1232 0.0170863
Chain
	Aln	8	-SRR33939694.114502/1 1 1277 1392 +edge_5_0_+disjointig_2_3588_44283 28406 29691 40695 -1 -1 1232 0.0170863
Chain
	Aln	0	+SRR33939694.114386/1 412 3267 3275 +edge_1_0_+disjointig_1_0_20896 8599 11449 20896 -1 -1 2524 0.0195337
Chain
	Aln	1	-SRR33939694.114386/1 7 2862 3275 -edge_1_0_+disjointig_1_0_20896 9446 12296 20896 -1 -1 2524 0.0195337
Chain
	Aln	9	+SRR33939694.114565/1 110 1143 1172 -edge_5_0_+disjointig_2_3588_44283 35895 36916 40695 -1 -1 775 0.0399722
Chain
	Aln	8	-SRR33939694.114565/1 28 1061 1172 +edge_5_0_+disjointig_2_3588_44283 3778 4799 40695 -1 -1 775 0.0399722
Chain
	Aln	9	+SRR33939694.114538/1 114 1296 1310 -edge_5_0_+disjointig_2_3588_44283 14341 15532 40695 -1 -1 984 0.029622
Chain
	Aln	8	-SRR33939694.114538/1 13 1195 1310 +edge_5_0_+disjointig_2_3588_44283 25162 26353 40695 -1 -1 984 0.029622
Chain
	Aln	8	+SRR33939694.114613/1 137 1147 1149 +edge_5_0_+disjointig_2_3588_44283 28776 29786 40695 -1 -1 926 0.0190322
Chain
	Aln	9	-SRR33939694.114613/1 1 1011 1149 -edge_5_0_+disjointig_2_3588_44283 10908 11918 40695 -1 -1 926 0.0190322
Chain
	Aln	8	+SRR33939694.114584/1 117 1355 1357 +edge_5_0_+disjointig_2_3588_44283 26520 27769 40695 -1 -1 1129 0.0212731
Chain
	Aln	9	-SRR33939694.114584/1 1 1239 1357 -edge_5_0_+disjointig_2_3588_44283 12925 14174 40695 -1 -1 1129 0.0212731
Chain
	Aln	9	+SRR33939694.114569/1 112 2549 2551 -edge_5_0_+disjointig_2_3588_44283 32449 34887 40695 -1 -1 2254 0.02156
Chain
	Aln	8	-SRR33939694.114569/1 1 2438 2551 +edge_5_0_+disjointig_2_3588_44283 5807 8245 40695 -1 -1 2254 0.02156
Chain
	Aln	9	+SRR33939694.114715/1 117 1158 1172 -edge_5_0_+disjointig_2_3588_44283 9861 10922 40695 -1 -1 741 0.0496095
Chain
	Aln	8	-SRR33939694.114715/1 13 1054 1172 +edge_5_0_+disjointig_2_3588_44283 29772 30833 40695 -1 -1 741 0.0496095
Chain
	Aln	0	+SRR33939694.114673/1 218 1887 1949 +edge_1_0_+disjointig_1_0_20896 7588 9264 20896 -1 -1 1474 0.0248658
Chain
	Aln	1	-SRR33939694.114673/1 61 1730 1949 -edge_1_0_+disjointig_1_0_20896 11631 13307 20896 -1 -1 1474 0.0248658
Chain
	Aln	8	+SRR33939694.114714/1 109 2130 2143 +edge_5_0_+disjointig_2_3588_44283 12731 14770 40695 -1 -1 1788 0.0230686
Chain
	Aln	9	-SRR33939694.114714/1 12 2033 2143 -edge_5_0_+disjointig_2_3588_44283 25924 27963 40695 -1 -1 1788 0.0230686
Chain
	Aln	9	+SRR33939694.114792/1 114 1206 1208 -edge_5_0_+disjointig_2_3588_44283 17254 18342 40695 -1 -1 1015 0.0189033
Chain
	Aln	8	-SRR33939694.114792/1 1 1093 1208 +edge_5_0_+disjointig_2_3588_44283 22352 23440 40695 -1 -1 1015 0.0189033
Chain
	Aln	8	+SRR33939694.114962/1 116 1618 1621 +edge_5_0_+disjointig_2_3588_44283 8061 9575 40695 -1 -1 1279 0.0347282
Chain
	Aln	9	-SRR33939694.114962/1 2 1504 1621 -edge_5_0_+disjointig_2_3588_44283 31119 32633 40695 -1 -1 1279 0.0347282
Chain
	Aln	9	+SRR33939694.114818/1 147 1569 1577 -edge_5_0_+disjointig_2_3588_44283 26503 27944 40695 -1 -1 1228 0.0249397
Chain
	Aln	8	-SRR33939694.114818/1 7 1429 1577 +edge_5_0_+disjointig_2_3588_44283 12750 14191 40695 -1 -1 1228 0.0249397
Chain
	Aln	9	+SRR33939694.114928/1 146 1410 1412 -edge_5_0_+disjointig_2_3588_44283 23002 24267 40695 -1 -1 1091 0.0286044
Chain
	Aln	8	-SRR33939694.114928/1 1 1265 1412 +edge_5_0_+disjointig_2_3588_44283 16427 17692 40695 -1 -1 1091 0.0286044
Chain
	Aln	9	+SRR33939694.115056/1 144 1213 1227 -edge_5_0_+disjointig_2_3588_44283 22347 23440 40695 -1 -1 828 0.0434059
Chain
	Aln	8	-SRR33939694.115056/1 13 1082 1227 +edge_5_0_+disjointig_2_3588_44283 17254 18347 40695 -1 -1 828 0.0434059
Chain
	Aln	9	+SRR33939694.115057/1 111 1395 1431 -edge_5_0_+disjointig_2_3588_44283 24553 25836 40695 -1 -1 1124 0.0231702
Chain
	Aln	8	-SRR33939694.115057/1 35 1319 1431 +edge_5_0_+disjointig_2_3588_44283 14858 16141 40695 -1 -1 1124 0.0231702
Chain
	Aln	9	+SRR33939694.115073/1 117 1397 1413 -edge_5_0_+disjointig_2_3588_44283 36170 37456 40695 -1 -1 1148 0.0293462
Chain
	Aln	8	-SRR33939694.115073/1 15 1295 1413 +edge_5_0_+disjointig_2_3588_44283 3238 4524 40695 -1 -1 1148 0.0293462
Chain
	Aln	9	+SRR33939694.114300/1 120 9901 9904 -edge_5_0_+disjointig_2_3588_44283 5128 14944 40695 -1 -1 8214 0.0337103
Chain
	Aln	8	-SRR33939694.114300/1 2 9783 9904 +edge_5_0_+disjointig_2_3588_44283 25750 35566 40695 -1 -1 8214 0.0337103
Chain
	Aln	8	+SRR33939694.115086/1 115 1244 1252 +edge_5_0_+disjointig_2_3588_44283 33281 34422 40695 -1 -1 975 0.0296917
Chain
	Aln	9	-SRR33939694.115086/1 7 1136 1252 -edge_5_0_+disjointig_2_3588_44283 6272 7413 40695 -1 -1 975 0.0296917
Chain
	Aln	8	+SRR33939694.115131/1 107 1149 1151 +edge_5_0_+disjointig_2_3588_44283 13911 14970 40695 -1 -1 740 0.0535017
Chain
	Aln	9	-SRR33939694.115131/1 1 1043 1151 -edge_5_0_+disjointig_2_3588_44283 25724 26783 40695 -1 -1 740 0.0535017
Chain
	Aln	9	+SRR33939694.115122/1 112 1416 1418 -edge_5_0_+disjointig_2_3588_44283 20247 21553 40695 -1 -1 1234 0.0167071
Chain
	Aln	8	-SRR33939694.115122/1 1 1305 1418 +edge_5_0_+disjointig_2_3588_44283 19141 20447 40695 -1 -1 1234 0.0167071
Chain
	Aln	8	+SRR33939694.115165/1 114 1183 1190 +edge_5_0_+disjointig_2_3588_44283 15042 16111 40695 -1 -1 974 0.0142558
Chain
	Aln	9	-SRR33939694.115165/1 6 1075 1190 -edge_5_0_+disjointig_2_3588_44283 24583 25652 40695 -1 -1 974 0.0142558
Chain
	Aln	8	+SRR33939694.115223/1 126 1387 1408 +edge_5_0_+disjointig_2_3588_44283 6510 7783 40695 -1 -1 1036 0.034612
Chain
	Aln	9	-SRR33939694.115223/1 20 1281 1408 -edge_5_0_+disjointig_2_3588_44283 32911 34184 40695 -1 -1 1036 0.034612
Chain
	Aln	9	+SRR33939694.115245/1 113 1284 1286 -edge_5_0_+disjointig_2_3588_44283 25667 26834 40695 -1 -1 1030 0.0258299
Chain
	Aln	8	-SRR33939694.115245/1 1 1172 1286 +edge_5_0_+disjointig_2_3588_44283 13860 15027 40695 -1 -1 1030 0.0258299
Chain
	Aln	9	+SRR33939694.115209/1 131 1978 1981 -edge_5_0_+disjointig_2_3588_44283 11881 13743 40695 -1 -1 1769 0.0141205
Chain
	Aln	8	-SRR33939694.115209/1 2 1849 1981 +edge_5_0_+disjointig_2_3588_44283 26951 28813 40695 -1 -1 1769 0.0141205
Chain
	Aln	8	+SRR33939694.115141/1 110 2995 3030 +edge_5_0_+disjointig_2_3588_44283 20707 23614 40695 -1 -1 2508 0.0284913
Chain
	Aln	9	-SRR33939694.115141/1 34 2919 3030 -edge_5_0_+disjointig_2_3588_44283 17080 19987 40695 -1 -1 2508 0.0284913
Chain
	Aln	8	+SRR33939694.115339/1 124 1134 1139 +edge_5_0_+disjointig_2_3588_44283 24139 25158 40695 -1 -1 834 0.0262012
Chain
	Aln	9	-SRR33939694.115339/1 4 1014 1139 -edge_5_0_+disjointig_2_3588_44283 15536 16555 40695 -1 -1 834 0.0262012
Chain
	Aln	9	+SRR33939694.115333/1 154 1628 1630 -edge_5_0_+disjointig_2_3588_44283 15429 16917 40695 -1 -1 1261 0.0286026
Chain
	Aln	8	-SRR33939694.115333/1 1 1475 1630 +edge_5_0_+disjointig_2_3588_44283 23777 25265 40695 -1 -1 1261 0.0286026
Chain
	Aln	9	+SRR33939694.115350/1 113 1135 1149 -edge_5_0_+disjointig_2_3588_44283 22272 23306 40695 -1 -1 910 0.0230505
Chain
	Aln	8	-SRR33939694.115350/1 13 1035 1149 +edge_5_0_+disjointig_2_3588_44283 17388 18422 40695 -1 -1 910 0.0230505
Chain
	Aln	8	+SRR33939694.115362/1 106 1180 1190 +edge_5_0_+disjointig_2_3588_44283 265 1343 40695 -1 -1 985 0.019119
Chain
	Aln	9	-SRR33939694.115362/1 9 1083 1190 -edge_5_0_+disjointig_2_3588_44283 39351 40429 40695 -1 -1 985 0.019119
Chain
	Aln	9	+SRR33939694.115476/1 123 1173 1175 -edge_5_0_+disjointig_2_3588_44283 26922 27985 40695 -1 -1 928 0.0293228
Chain
	Aln	8	-SRR33939694.115476/1 1 1051 1175 +edge_5_0_+disjointig_2_3588_44283 12709 13772 40695 -1 -1 928 0.0293228
Chain
	Aln	8	+SRR33939694.115404/1 123 1751 1753 +edge_5_0_+disjointig_2_3588_44283 25218 26855 40695 -1 -1 1362 0.036246
Chain
	Aln	9	-SRR33939694.115404/1 1 1629 1753 -edge_5_0_+disjointig_2_3588_44283 13839 15476 40695 -1 -1 1362 0.036246
Chain
	Aln	9	+SRR33939694.115474/1 119 1844 1846 -edge_5_0_+disjointig_2_3588_44283 9556 11281 40695 -1 -1 1660 0.0168002
Chain
	Aln	8	-SRR33939694.115474/1 1 1726 1846 +edge_5_0_+disjointig_2_3588_44283 29413 31138 40695 -1 -1 1660 0.0168002
Chain
	Aln	8	+SRR33939694.115612/1 123 1150 1161 +edge_5_0_+disjointig_2_3588_44283 14992 16026 40695 -1 -1 986 0.0165167
Chain
	Aln	9	-SRR33939694.115612/1 10 1037 1161 -edge_5_0_+disjointig_2_3588_44283 24668 25702 40695 -1 -1 986 0.0165167
Chain
	Aln	9	+SRR33939694.115599/1 114 1168 1199 -edge_5_0_+disjointig_2_3588_44283 29094 30151 40695 -1 -1 931 0.0226828
Chain
	Aln	8	-SRR33939694.115599/1 30 1084 1199 +edge_5_0_+disjointig_2_3588_44283 10543 11600 40695 -1 -1 931 0.0226828
Chain
	Aln	9	+SRR33939694.115558/1 119 1721 1727 -edge_5_0_+disjointig_2_3588_44283 28205 29825 40695 -1 -1 1291 0.0394861
Chain
	Aln	8	-SRR33939694.115558/1 5 1607 1727 +edge_5_0_+disjointig_2_3588_44283 10869 12489 40695 -1 -1 1291 0.0394861
Chain
	Aln	9	+SRR33939694.115630/1 156 1246 1284 -edge_5_0_+disjointig_2_3588_44283 5566 6668 40695 -1 -1 912 0.0352083
Chain
	Aln	8	-SRR33939694.115630/1 37 1127 1284 +edge_5_0_+disjointig_2_3588_44283 34026 35128 40695 -1 -1 912 0.0352083
Chain
	Aln	8	+SRR33939694.115637/1 116 1231 1233 +edge_5_0_+disjointig_2_3588_44283 24729 25839 40695 -1 -1 951 0.033423
Chain
	Aln	9	-SRR33939694.115637/1 1 1116 1233 -edge_5_0_+disjointig_2_3588_44283 14855 15965 40695 -1 -1 951 0.033423
Chain
	Aln	9	+SRR33939694.115538/1 129 2386 2403 -edge_5_0_+disjointig_2_3588_44283 14576 16855 40695 -1 -1 1646 0.0416707
Chain
	Aln	8	-SRR33939694.115538/1 16 2273 2403 +edge_5_0_+disjointig_2_3588_44283 23839 26118 40695 -1 -1 1646 0.0416707
Chain
	Aln	8	+SRR33939694.115641/1 110 1110 1112 +edge_5_0_+disjointig_2_3588_44283 26205 27214 40695 -1 -1 952 0.0171492
Chain
	Aln	9	-SRR33939694.115641/1 1 1001 1112 -edge_5_0_+disjointig_2_3588_44283 13480 14489 40695 -1 -1 952 0.0171492
Chain
	Aln	8	+SRR33939694.115638/1 112 1251 1261 +edge_5_0_+disjointig_2_3588_44283 20814 21956 40695 -1 -1 1085 0.0129706
Chain
	Aln	9	-SRR33939694.115638/1 9 1148 1261 -edge_5_0_+disjointig_2_3588_44283 18738 19880 40695 -1 -1 1085 0.0129706
Chain
	Aln	9	+SRR33939694.115728/1 117 1158 1172 -edge_5_0_+disjointig_2_3588_44283 23735 24783 40695 -1 -1 934 0.0313842
Chain
	Aln	8	-SRR33939694.115728/1 13 1054 1172 +edge_5_0_+disjointig_2_3588_44283 15911 16959 40695 -1 -1 934 0.0313842
Chain
	Aln	8	+SRR33939694.115750/1 114 1423 1430 +edge_5_0_+disjointig_2_3588_44283 20411 21739 40695 -1 -1 1145 0.0233441
Chain
	Aln	9	-SRR33939694.115750/1 6 1315 1430 -edge_5_0_+disjointig_2_3588_44283 18955 20283 40695 -1 -1 1145 0.0233441
Chain
	Aln	9	+SRR33939694.115742/1 113 1302 1309 -edge_5_0_+disjointig_2_3588_44283 37090 38269 40695 -1 -1 1045 0.026416
Chain
	Aln	8	-SRR33939694.115742/1 6 1195 1309 +edge_5_0_+disjointig_2_3588_44283 2425 3604 40695 -1 -1 1045 0.026416
Chain
	Aln	9	+SRR33939694.115804/1 130 1252 1254 -edge_5_0_+disjointig_2_3588_44283 23965 25092 40695 -1 -1 1075 0.0200935
Chain
	Aln	8	-SRR33939694.115804/1 1 1123 1254 +edge_5_0_+disjointig_2_3588_44283 15602 16729 40695 -1 -1 1075 0.0200935
Chain
	Aln	8	+SRR33939694.115762/1 169 1659 1679 +edge_5_0_+disjointig_2_3588_44283 24864 26357 40695 -1 -1 1283 0.0319732
Chain
	Aln	9	-SRR33939694.115762/1 19 1509 1679 -edge_5_0_+disjointig_2_3588_44283 14337 15830 40695 -1 -1 1283 0.0319732
Chain
	Aln	8	+SRR33939694.115824/1 110 1242 1247 +edge_5_0_+disjointig_2_3588_44283 9335 10466 40695 -1 -1 1065 0.0188297
Chain
	Aln	9	-SRR33939694.115824/1 4 1136 1247 -edge_5_0_+disjointig_2_3588_44283 30228 31359 40695 -1 -1 1065 0.0188297
Chain
	Aln	9	+SRR33939694.115851/1 111 1303 1306 -edge_5_0_+disjointig_2_3588_44283 25142 26335 40695 -1 -1 1094 0.0219888
Chain
	Aln	8	-SRR33939694.115851/1 2 1194 1306 +edge_5_0_+disjointig_2_3588_44283 14359 15552 40695 -1 -1 1094 0.0219888
Chain
	Aln	8	+SRR33939694.115948/1 109 1177 1182 +edge_5_0_+disjointig_2_3588_44283 16130 17192 40695 -1 -1 975 0.0199477
Chain
	Aln	9	-SRR33939694.115948/1 4 1072 1182 -edge_5_0_+disjointig_2_3588_44283 23502 24564 40695 -1 -1 975 0.0199477
Chain
	Aln	8	+SRR33939694.115895/1 116 1299 1301 +edge_5_0_+disjointig_2_3588_44283 6351 7537 40695 -1 -1 990 0.0307821
Chain
	Aln	9	-SRR33939694.115895/1 1 1184 1301 -edge_5_0_+disjointig_2_3588_44283 33157 34343 40695 -1 -1 990 0.0307821
Chain
	Aln	8	+SRR33939694.115950/1 132 1229 1362 +edge_5_0_+disjointig_2_3588_44283 19930 21050 40695 -1 -1 807 0.0478468
Chain
	Aln	9	-SRR33939694.115950/1 132 1229 1362 -edge_5_0_+disjointig_2_3588_44283 19644 20764 40695 -1 -1 807 0.0478468
Chain
	Aln	8	+SRR33939694.115829/1 119 1653 1660 +edge_5_0_+disjointig_2_3588_44283 26403 27950 40695 -1 -1 1405 0.0193556
Chain
	Aln	9	-SRR33939694.115829/1 6 1540 1660 -edge_5_0_+disjointig_2_3588_44283 12744 14291 40695 -1 -1 1405 0.0193556
Chain
	Aln	8	+SRR33939694.116030/1 126 1214 1216 +edge_5_0_+disjointig_2_3588_44283 11651 12746 40695 -1 -1 1003 0.0218046
Chain
	Aln	9	-SRR33939694.116030/1 1 1089 1216 -edge_5_0_+disjointig_2_3588_44283 27948 29043 40695 -1 -1 1003 0.0218046
Chain
	Aln	8	+SRR33939694.116020/1 108 1605 1620 +edge_5_0_+disjointig_2_3588_44283 15069 16578 40695 -1 -1 1421 0.011769
Chain
	Aln	9	-SRR33939694.116020/1 14 1511 1620 -edge_5_0_+disjointig_2_3588_44283 24116 25625 40695 -1 -1 1421 0.011769
Chain
	Aln	0	+SRR33939694.5056/1 215 2448 7295 +edge_1_0_+disjointig_1_0_20896 18635 20872 20896 -1 -1 1819 0.0333283
Chain
	Aln	2	+SRR33939694.5056/1 2473 3631 7295 +edge_2_0_+disjointig_1_20896_22059 1 1161 1163 -1 -1 895 0.0427721
Chain
	Aln	6	+SRR33939694.5056/1 3645 7293 7295 +edge_4_0_+disjointig_1_22059_47419 19 3712 25360 -1 -1 2914 0.0380453
Chain
	Aln	7	-SRR33939694.5056/1 1 3649 7295 -edge_4_0_+disjointig_1_22059_47419 21647 25340 25360 -1 -1 2914 0.0380453
Chain
	Aln	3	-SRR33939694.5056/1 3663 4821 7295 -edge_2_0_+disjointig_1_20896_22059 1 1161 1163 -1 -1 895 0.0427721
Chain
	Aln	1	-SRR33939694.5056/1 4846 7079 7295 -edge_1_0_+disjointig_1_0_20896 23 2260 20896 -1 -1 1819 0.0333283
Chain
	Aln	3	+SRR33939694.5386/1 143 826 3065 -edge_2_1_+disjointig_2_2428_3588 474 1159 1160 -1 -1 598 0.025044
Chain
	Aln	4	+SRR33939694.5386/1 827 3032 3065 +edge_3_0_-disjointig_2_41855_44283 1 2211 2428 -1 -1 1941 0.0257888
Chain
	Aln	5	-SRR33939694.5386/1 32 2237 3065 -edge_3_0_-disjointig_2_41855_44283 216 2426 2428 -1 -1 1941 0.0257888
Chain
	Aln	2	-SRR33939694.5386/1 2238 2921 3065 +edge_2_1_+disjointig_2_2428_3588 0 685 1160 -1 -1 598 0.025044
Chain
	Aln	3	+SRR33939694.6004/1 105 629 1905 -edge_2_1_+disjointig_2_2428_3588 638 1159 1160 -1 -1 489 0.0185269
Chain
	Aln	4	+SRR33939694.6004/1 643 1903 1905 +edge_3_0_-disjointig_2_41855_44283 15 1272 2428 -1 -1 1219 0.0113922
Chain
	Aln	5	-SRR33939694.6004/1 1 1261 1905 -edge_3_0_-disjointig_2_41855_44283 1155 2412 2428 -1 -1 1219 0.0113922
Chain
	Aln	2	-SRR33939694.6004/1 1275 1799 1905 +edge_2_1_+disjointig_2_2428_3588 0 521 1160 -1 -1 489 0.0185269
Chain
	Aln	2	+SRR33939694.6643/1 124 755 1746 +edge_2_1_+disjointig_2_2428_3588 530 1158 1160 -1 -1 602 0.0163927
Chain
	Aln	8	+SRR33939694.6643/1 759 1744 1746 +edge_5_0_+disjointig_2_3588_44283 1 990 40695 -1 -1 941 0.0153499
Chain
	Aln	9	-SRR33939694.6643/1 1 986 1746 -edge_5_0_+disjointig_2_3588_44283 39704 40693 40695 -1 -1 941 0.0153499
Chain
	Aln	3	-SRR33939694.6643/1 990 1621 1746 -edge_2_1_+disjointig_2_2428_3588 1 629 1160 -1 -1 602 0.0163927
Chain
	Aln	2	+SRR33939694.8345/1 507 1661 2678 +edge_2_1_+disjointig_2_2428_3588 1 1158 1160 -1 -1 1065 0.0190497
Chain
	Aln	8	+SRR33939694.8345/1 1664 2673 2678 +edge_5_0_+disjointig_2_3588_44283 1 1012 40695 -1 -1 929 0.0230913
Chain
	Aln	9	-SRR33939694.8345/1 4 1013 2678 -edge_5_0_+disjointig_2_3588_44283 39682 40693 40695 -1 -1 929 0.0230913
Chain
	Aln	3	-SRR33939694.8345/1 1016 2170 2678 -edge_2_1_+disjointig_2_2428_3588 1 1158 1160 -1 -1 1065 0.0190497
Chain
	Aln	2	+SRR33939694.10730/1 601 1749 2501 +edge_2_1_+disjointig_2_2428_3588 3 1158 1160 -1 -1 981 0.030068
Chain
	Aln	8	+SRR33939694.10730/1 1752 2484 2501 +edge_5_0_+disjointig_2_3588_44283 1 733 40695 -1 -1 696 0.0194864
Chain
	Aln	9	-SRR33939694.10730/1 16 748 2501 -edge_5_0_+disjointig_2_3588_44283 39961 40693 40695 -1 -1 696 0.0194864
Chain
	Aln	3	-SRR33939694.10730/1 751 1899 2501 -edge_2_1_+disjointig_2_2428_3588 1 1156 1160 -1 -1 981 0.030068
Chain
	Aln	2	+SRR33939694.11089/1 174 1269 1820 +edge_2_1_+disjointig_2_2428_3588 45 1158 1160 -1 -1 855 0.0463038
Chain
	Aln	8	+SRR33939694.11089/1 1272 1818 1820 +edge_5_0_+disjointig_2_3588_44283 1 547 40695 -1 -1 487 0.0286691
Chain
	Aln	9	-SRR33939694.11089/1 1 547 1820 -edge_5_0_+disjointig_2_3588_44283 40147 40693 40695 -1 -1 487 0.0286691
Chain
	Aln	3	-SRR33939694.11089/1 550 1645 1820 -edge_2_1_+disjointig_2_2428_3588 1 1114 1160 -1 -1 855 0.0463038
Chain
	Aln	3	+SRR33939694.10916/1 540 1673 4135 -edge_2_1_+disjointig_2_2428_3588 2 1137 1160 -1 -1 950 0.0391228
Chain
	Aln	4	+SRR33939694.10916/1 1709 4115 4135 +edge_3_0_-disjointig_2_41855_44283 15 2423 2428 -1 -1 1956 0.0319201
Chain
	Aln	5	-SRR33939694.10916/1 19 2425 4135 -edge_3_0_-disjointig_2_41855_44283 4 2412 2428 -1 -1 1956 0.0319201
Chain
	Aln	2	-SRR33939694.10916/1 2461 3594 4135 +edge_2_1_+disjointig_2_2428_3588 22 1157 1160 -1 -1 950 0.0391228
Chain
	Aln	9	+SRR33939694.11278/1 113 1607 2259 -edge_5_0_+disjointig_2_3588_44283 39192 40694 40695 -1 -1 1410 0.017778
Chain
	Aln	3	+SRR33939694.11278/1 1610 2242 2259 -edge_2_1_+disjointig_2_2428_3588 2 629 1160 -1 -1 608 0.0111829
Chain
	Aln	2	-SRR33939694.11278/1 16 648 2259 +edge_2_1_+disjointig_2_2428_3588 530 1157 1160 -1 -1 608 0.0111829
Chain
	Aln	8	-SRR33939694.11278/1 651 2145 2259 +edge_5_0_+disjointig_2_3588_44283 0 1502 40695 -1 -1 1410 0.017778
Chain
	Aln	9	+SRR33939694.13852/1 132 777 1365 -edge_5_0_+disjointig_2_3588_44283 39996 40657 40695 -1 -1 533 0.0411545
Chain
	Aln	3	+SRR33939694.13852/1 813 1363 1365 -edge_2_1_+disjointig_2_2428_3588 2 548 1160 -1 -1 382 0.0609298
Chain
	Aln	2	-SRR33939694.13852/1 1 551 1365 +edge_2_1_+disjointig_2_2428_3588 611 1157 1160 -1 -1 382 0.0609298
Chain
	Aln	8	-SRR33939694.13852/1 587 1232 1365 +edge_5_0_+disjointig_2_3588_44283 37 698 40695 -1 -1 533 0.0411545
Chain
	Aln	9	+SRR33939694.13845/1 120 1265 1842 -edge_5_0_+disjointig_2_3588_44283 39537 40687 40695 -1 -1 1060 0.0199012
Chain
	Aln	3	+SRR33939694.13845/1 1292 1840 1842 -edge_2_1_+disjointig_2_2428_3588 19 576 1160 -1 -1 461 0.0291442
Chain
	Aln	2	-SRR33939694.13845/1 1 549 1842 +edge_2_1_+disjointig_2_2428_3588 583 1140 1160 -1 -1 461 0.0291442
Chain
	Aln	8	-SRR33939694.13845/1 576 1721 1842 +edge_5_0_+disjointig_2_3588_44283 7 1157 40695 -1 -1 1060 0.0199012
Chain
	Aln	2	+SRR33939694.15862/1 124 890 1687 +edge_2_1_+disjointig_2_2428_3588 390 1158 1160 -1 -1 630 0.0471785
Chain
	Aln	8	+SRR33939694.15862/1 896 1664 1687 +edge_5_0_+disjointig_2_3588_44283 4 775 40695 -1 -1 672 0.0285511
Chain
	Aln	9	-SRR33939694.15862/1 22 790 1687 -edge_5_0_+disjointig_2_3588_44283 39919 40690 40695 -1 -1 672 0.0285511
Chain
	Aln	3	-SRR33939694.15862/1 796 1562 1687 -edge_2_1_+disjointig_2_2428_3588 1 769 1160 -1 -1 630 0.0471785
Chain
	Aln	9	+SRR33939694.17098/1 103 1595 2516 -edge_5_0_+disjointig_2_3588_44283 39119 40646 40695 -1 -1 1440 0.0111001
Chain
	Aln	3	+SRR33939694.17098/1 1648 2514 2516 -edge_2_1_+disjointig_2_2428_3588 2 869 1160 -1 -1 794 0.0204232
Chain
	Aln	2	-SRR33939694.17098/1 1 867 2516 +edge_2_1_+disjointig_2_2428_3588 290 1157 1160 -1 -1 794 0.0204232
Chain
	Aln	8	-SRR33939694.17098/1 920 2412 2516 +edge_5_0_+disjointig_2_3588_44283 48 1575 40695 -1 -1 1440 0.0111001
Chain
	Aln	2	+SRR33939694.17213/1 132 872 2062 +edge_2_1_+disjointig_2_2428_3588 419 1158 1160 -1 -1 665 0.0195683
Chain
	Aln	8	+SRR33939694.17213/1 875 2060 2062 +edge_5_0_+disjointig_2_3588_44283 1 1178 40695 -1 -1 1121 0.0122595
Chain
	Aln	9	-SRR33939694.17213/1 1 1186 2062 -edge_5_0_+disjointig_2_3588_44283 39516 40693 40695 -1 -1 1121 0.0122595
Chain
	Aln	3	-SRR33939694.17213/1 1189 1929 2062 -edge_2_1_+disjointig_2_2428_3588 1 740 1160 -1 -1 665 0.0195683
Chain
	Aln	2	+SRR33939694.19027/1 117 876 1524 +edge_2_1_+disjointig_2_2428_3588 402 1158 1160 -1 -1 673 0.0283777
Chain
	Aln	8	+SRR33939694.19027/1 879 1522 1524 +edge_5_0_+disjointig_2_3588_44283 1 642 40695 -1 -1 613 0.010422
Chain
	Aln	9	-SRR33939694.19027/1 1 644 1524 -edge_5_0_+disjointig_2_3588_44283 40052 40693 40695 -1 -1 613 0.010422
Chain
	Aln	3	-SRR33939694.19027/1 647 1406 1524 -edge_2_1_+disjointig_2_2428_3588 1 757 1160 -1 -1 673 0.0283777
Chain
	Aln	9	+SRR33939694.21869/1 115 629 1149 -edge_5_0_+disjointig_2_3588_44283 40174 40687 40695 -1 -1 457 0.0175477
Chain
	Aln	3	+SRR33939694.21869/1 639 1147 1149 -edge_2_1_+disjointig_2_2428_3588 2 505 1160 -1 -1 458 0.0233815
Chain
	Aln	2	-SRR33939694.21869/1 1 509 1149 +edge_2_1_+disjointig_2_2428_3588 654 1157 1160 -1 -1 458 0.0233815
Chain
	Aln	8	-SRR33939694.21869/1 519 1033 1149 +edge_5_0_+disjointig_2_3588_44283 7 520 40695 -1 -1 457 0.0175477
Chain
	Aln	9	+SRR33939694.21686/1 109 11200 14806 -edge_5_0_+disjointig_2_3588_44283 29563 40694 40695 -1 -1 9765 0.0248062
Chain
	Aln	3	+SRR33939694.21686/1 11208 12366 14806 -edge_2_1_+disjointig_2_2428_3588 2 1159 1160 -1 -1 925 0.0376399
Chain
	Aln	4	+SRR33939694.21686/1 12367 14785 14806 +edge_3_0_-disjointig_2_41855_44283 1 2423 2428 -1 -1 2098 0.0288684
Chain
	Aln	5	-SRR33939694.21686/1 20 2438 14806 -edge_3_0_-disjointig_2_41855_44283 4 2426 2428 -1 -1 2098 0.0288684
Chain
	Aln	2	-SRR33939694.21686/1 2439 3597 14806 +edge_2_1_+disjointig_2_2428_3588 0 1157 1160 -1 -1 925 0.0376399
Chain
	Aln	8	-SRR33939694.21686/1 3605 14696 14806 +edge_5_0_+disjointig_2_3588_44283 0 11131 40695 -1 -1 9765 0.0248062
Chain
	Aln	0	+SRR33939694.21097/1 453 8056 21710 +edge_1_0_+disjointig_1_0_20896 13297 20894 20896 -1 -1 6757 0.0234922
Chain
	Aln	2	+SRR33939694.21097/1 8062 9208 21710 +edge_2_0_+disjointig_1_20896_22059 6 1154 1163 -1 -1 939 0.0343976
Chain
	Aln	6	+SRR33939694.21097/1 9226 21708 21710 +edge_4_0_+disjointig_1_22059_47419 8 12390 25360 -1 -1 11103 0.0224114
Chain
	Aln	7	-SRR33939694.21097/1 1 12483 21710 -edge_4_0_+disjointig_1_22059_47419 12969 25351 25360 -1 -1 11103 0.0224114
Chain
	Aln	3	-SRR33939694.21097/1 12501 13647 21710 -edge_2_0_+disjointig_1_20896_22059 8 1156 1163 -1 -1 939 0.0343976
Chain
	Aln	1	-SRR33939694.21097/1 13653 21256 21710 -edge_1_0_+disjointig_1_0_20896 1 7598 20896 -1 -1 6757 0.0234922
Chain
	Aln	9	+SRR33939694.25875/1 109 910 1690 -edge_5_0_+disjointig_2_3588_44283 39864 40669 40695 -1 -1 563 0.0601943
Chain
	Aln	3	+SRR33939694.25875/1 939 1672 1690 -edge_2_1_+disjointig_2_2428_3588 2 753 1160 -1 -1 566 0.0499324
Chain
	Aln	2	-SRR33939694.25875/1 17 750 1690 +edge_2_1_+disjointig_2_2428_3588 406 1157 1160 -1 -1 566 0.0499324
Chain
	Aln	8	-SRR33939694.25875/1 779 1580 1690 +edge_5_0_+disjointig_2_3588_44283 25 830 40695 -1 -1 563 0.0601943
Chain
	Aln	9	+SRR33939694.26908/1 127 985 1595 -edge_5_0_+disjointig_2_3588_44283 39802 40677 40695 -1 -1 776 0.0340415
Chain
	Aln	3	+SRR33939694.26908/1 1006 1593 1595 -edge_2_1_+disjointig_2_2428_3588 2 593 1160 -1 -1 416 0.0398189
Chain
	Aln	2	-SRR33939694.26908/1 1 588 1595 +edge_2_1_+disjointig_2_2428_3588 566 1157 1160 -1 -1 416 0.0398189
Chain
	Aln	8	-SRR33939694.26908/1 609 1467 1595 +edge_5_0_+disjointig_2_3588_44283 17 892 40695 -1 -1 776 0.0340415
Chain
	Aln	9	+SRR33939694.28332/1 112 1611 2361 -edge_5_0_+disjointig_2_3588_44283 39195 40694 40695 -1 -1 1276 0.0303373
Chain
	Aln	3	+SRR33939694.28332/1 1628 2349 2361 -edge_2_1_+disjointig_2_2428_3588 19 742 1160 -1 -1 690 0.0225775
Chain
	Aln	2	-SRR33939694.28332/1 11 732 2361 +edge_2_1_+disjointig_2_2428_3588 417 1140 1160 -1 -1 690 0.0225775
Chain
	Aln	8	-SRR33939694.28332/1 749 2248 2361 +edge_5_0_+disjointig_2_3588_44283 0 1499 40695 -1 -1 1276 0.0303373
Chain
	Aln	9	+SRR33939694.26191/1 116 19565 23171 -edge_5_0_+disjointig_2_3588_44283 21152 40681 40695 -1 -1 18012 0.0170854
Chain
	Aln	3	+SRR33939694.26191/1 19596 20726 23171 -edge_2_1_+disjointig_2_2428_3588 15 1159 1160 -1 -1 1046 0.017063
Chain
	Aln	4	+SRR33939694.26191/1 20727 23134 23171 +edge_3_0_-disjointig_2_41855_44283 1 2409 2428 -1 -1 2287 0.0141205
Chain
	Aln	5	-SRR33939694.26191/1 36 2443 23171 -edge_3_0_-disjointig_2_41855_44283 18 2426 2428 -1 -1 2287 0.0141205
Chain
	Aln	2	-SRR33939694.26191/1 2444 3574 23171 +edge_2_1_+disjointig_2_2428_3588 0 1144 1160 -1 -1 1046 0.017063
Chain
	Aln	8	-SRR33939694.26191/1 3605 23054 23171 +edge_5_0_+disjointig_2_3588_44283 13 19542 40695 -1 -1 18012 0.0170854
Chain
	Aln	9	+SRR33939694.32675/1 105 620 1372 -edge_5_0_+disjointig_2_3588_44283 40174 40694 40695 -1 -1 512 0.00989509
Chain
	Aln	3	+SRR33939694.32675/1 637 1369 1372 -edge_2_1_+disjointig_2_2428_3588 19 746 1160 -1 -1 711 0.0109493
Chain
	Aln	2	-SRR33939694.32675/1 2 734 1372 +edge_2_1_+disjointig_2_2428_3588 413 1140 1160 -1 -1 711 0.0109493
Chain
	Aln	8	-SRR33939694.32675/1 751 1266 1372 +edge_5_0_+disjointig_2_3588_44283 0 520 40695 -1 -1 512 0.00989509
Chain
	Aln	0	+SRR33939694.31645/1 617 12281 18573 +edge_1_0_+disjointig_1_0_20896 9180 20877 20896 -1 -1 10300 0.0273139
Chain
	Aln	2	+SRR33939694.31645/1 12329 13456 18573 +edge_2_0_+disjointig_1_20896_22059 31 1150 1163 -1 -1 1048 0.0164582
Chain
	Aln	6	+SRR33939694.31645/1 13484 18570 18573 +edge_4_0_+disjointig_1_22059_47419 16 5145 25360 -1 -1 4764 0.0192723
Chain
	Aln	7	-SRR33939694.31645/1 2 5088 18573 -edge_4_0_+disjointig_1_22059_47419 20214 25343 25360 -1 -1 4764 0.0192723
Chain
	Aln	3	-SRR33939694.31645/1 5116 6243 18573 -edge_2_0_+disjointig_1_20896_22059 12 1131 1163 -1 -1 1048 0.0164582
Chain
	Aln	1	-SRR33939694.31645/1 6291 17955 18573 -edge_1_0_+disjointig_1_0_20896 18 11715 20896 -1 -1 10300 0.0273139
Chain
	Aln	2	+SRR33939694.34097/1 114 662 1213 +edge_2_1_+disjointig_2_2428_3588 609 1158 1160 -1 -1 441 0.0368713
Chain
	Aln	8	+SRR33939694.34097/1 665 1211 1213 +edge_5_0_+disjointig_2_3588_44283 1 551 40695 -1 -1 498 0.0270283
Chain
	Aln	9	-SRR33939694.34097/1 1 547 1213 -edge_5_0_+disjointig_2_3588_44283 40143 40693 40695 -1 -1 498 0.0270283
Chain
	Aln	3	-SRR33939694.34097/1 550 1098 1213 -edge_2_1_+disjointig_2_2428_3588 1 550 1160 -1 -1 441 0.0368713
Chain
	Aln	5	+SRR33939694.35924/1 122 647 1329 -edge_3_0_-disjointig_2_41855_44283 1899 2427 2428 -1 -1 485 0.0261728
Chain
	Aln	2	+SRR33939694.35924/1 648 1327 1329 +edge_2_1_+disjointig_2_2428_3588 1 696 1160 -1 -1 557 0.0342232
Chain
	Aln	3	-SRR33939694.35924/1 1 680 1329 -edge_2_1_+disjointig_2_2428_3588 463 1158 1160 -1 -1 557 0.0342232
Chain
	Aln	4	-SRR33939694.35924/1 681 1206 1329 +edge_3_0_-disjointig_2_41855_44283 0 528 2428 -1 -1 485 0.0261728
Chain
	Aln	0	+SRR33939694.36241/1 203 983 2149 +edge_1_0_+disjointig_1_0_20896 20110 20894 20896 -1 -1 654 0.031812
Chain
	Aln	2	+SRR33939694.36241/1 1003 2109 2149 +edge_2_0_+disjointig_1_20896_22059 19 1144 1163 -1 -1 917 0.031127
Chain
	Aln	3	-SRR33939694.36241/1 39 1145 2149 -edge_2_0_+disjointig_1_20896_22059 18 1143 1163 -1 -1 917 0.031127
Chain
	Aln	1	-SRR33939694.36241/1 1165 1945 2149 -edge_1_0_+disjointig_1_0_20896 1 785 20896 -1 -1 654 0.031812
Chain
	Aln	5	+SRR33939694.36743/1 146 697 1323 -edge_3_0_-disjointig_2_41855_44283 1880 2424 2428 -1 -1 455 0.0358928
Chain
	Aln	2	+SRR33939694.36743/1 719 1319 1323 +edge_2_1_+disjointig_2_2428_3588 19 619 1160 -1 -1 559 0.0181789
Chain
	Aln	3	-SRR33939694.36743/1 3 603 1323 -edge_2_1_+disjointig_2_2428_3588 540 1140 1160 -1 -1 559 0.0181789
Chain
	Aln	4	-SRR33939694.36743/1 625 1176 1323 +edge_3_0_-disjointig_2_41855_44283 3 547 2428 -1 -1 455 0.0358928
Chain
	Aln	5	+SRR33939694.41257/1 121 1576 3416 -edge_3_0_-disjointig_2_41855_44283 977 2427 2428 -1 -1 1358 0.0155905
Chain
	Aln	2	+SRR33939694.41257/1 1577 2724 3416 +edge_2_1_+disjointig_2_2428_3588 1 1150 1160 -1 -1 1122 0.00977521
Chain
	Aln	8	+SRR33939694.41257/1 2738 3414 3416 +edge_5_0_+disjointig_2_3588_44283 1 676 40695 -1 -1 631 0.0198315
Chain
	Aln	9	-SRR33939694.41257/1 1 677 3416 -edge_5_0_+disjointig_2_3588_44283 40018 40693 40695 -1 -1 631 0.0198315
Chain
	Aln	3	-SRR33939694.41257/1 691 1838 3416 -edge_2_1_+disjointig_2_2428_3588 9 1158 1160 -1 -1 1122 0.00977521
Chain
	Aln	4	-SRR33939694.41257/1 1839 3294 3416 +edge_3_0_-disjointig_2_41855_44283 0 1450 2428 -1 -1 1358 0.0155905
Chain
	Aln	9	+SRR33939694.41684/1 113 877 4448 -edge_5_0_+disjointig_2_3588_44283 39923 40694 40695 -1 -1 704 0.0205568
Chain
	Aln	3	+SRR33939694.41684/1 880 1999 4448 -edge_2_1_+disjointig_2_2428_3588 2 1136 1160 -1 -1 884 0.0492934
Chain
	Aln	4	+SRR33939694.41684/1 2026 4402 4448 +edge_3_0_-disjointig_2_41855_44283 1 2397 2428 -1 -1 2126 0.0255549
Chain
	Aln	5	-SRR33939694.41684/1 45 2421 4448 -edge_3_0_-disjointig_2_41855_44283 30 2426 2428 -1 -1 2126 0.0255549
Chain
	Aln	2	-SRR33939694.41684/1 2448 3567 4448 +edge_2_1_+disjointig_2_2428_3588 23 1157 1160 -1 -1 884 0.0492934
Chain
	Aln	8	-SRR33939694.41684/1 3570 4334 4448 +edge_5_0_+disjointig_2_3588_44283 0 771 40695 -1 -1 704 0.0205568
Chain
	Aln	9	+SRR33939694.43361/1 110 3214 4334 -edge_5_0_+disjointig_2_3588_44283 37567 40694 40695 -1 -1 2795 0.0206714
Chain
	Aln	3	+SRR33939694.43361/1 3217 4329 4334 -edge_2_1_+disjointig_2_2428_3588 2 1114 1160 -1 -1 1050 0.0135653
Chain
	Aln	2	-SRR33939694.43361/1 4 1116 4334 +edge_2_1_+disjointig_2_2428_3588 45 1157 1160 -1 -1 1050 0.0135653
Chain
	Aln	8	-SRR33939694.43361/1 1119 4223 4334 +edge_5_0_+disjointig_2_3588_44283 0 3127 40695 -1 -1 2795 0.0206714
Chain
	Aln	9	+SRR33939694.43931/1 117 1892 5502 -edge_5_0_+disjointig_2_3588_44283 38898 40687 40695 -1 -1 1571 0.0304452
Chain
	Aln	3	+SRR33939694.43931/1 1903 3051 5502 -edge_2_1_+disjointig_2_2428_3588 2 1159 1160 -1 -1 1011 0.0325109
Chain
	Aln	4	+SRR33939694.43931/1 3056 5483 5502 +edge_3_0_-disjointig_2_41855_44283 5 2424 2428 -1 -1 2290 0.0181063
Chain
	Aln	5	-SRR33939694.43931/1 18 2445 5502 -edge_3_0_-disjointig_2_41855_44283 3 2422 2428 -1 -1 2290 0.0181063
Chain
	Aln	2	-SRR33939694.43931/1 2450 3598 5502 +edge_2_1_+disjointig_2_2428_3588 0 1157 1160 -1 -1 1011 0.0325109
Chain
	Aln	8	-SRR33939694.43931/1 3609 5384 5502 +edge_5_0_+disjointig_2_3588_44283 7 1796 40695 -1 -1 1571 0.0304452
Chain
	Aln	2	+SRR33939694.45183/1 116 670 1939 +edge_2_1_+disjointig_2_2428_3588 603 1158 1160 -1 -1 512 0.0226829
Chain
	Aln	8	+SRR33939694.45183/1 673 1937 1939 +edge_5_0_+disjointig_2_3588_44283 2 1252 40695 -1 -1 1076 0.0248894
Chain
	Aln	9	-SRR33939694.45183/1 1 1265 1939 -edge_5_0_+disjointig_2_3588_44283 39442 40692 40695 -1 -1 1076 0.0248894
Chain
	Aln	3	-SRR33939694.45183/1 1268 1822 1939 -edge_2_1_+disjointig_2_2428_3588 1 556 1160 -1 -1 512 0.0226829
Chain
	Aln	9	+SRR33939694.46106/1 111 5534 7129 -edge_5_0_+disjointig_2_3588_44283 35216 40679 40695 -1 -1 4799 0.0273647
Chain
	Aln	3	+SRR33939694.46106/1 5555 6710 7129 -edge_2_1_+disjointig_2_2428_3588 2 1159 1160 -1 -1 983 0.0352263
Chain
	Aln	2	-SRR33939694.46106/1 418 1573 7129 +edge_2_1_+disjointig_2_2428_3588 0 1157 1160 -1 -1 983 0.0352263
Chain
	Aln	8	-SRR33939694.46106/1 1594 7017 7129 +edge_5_0_+disjointig_2_3588_44283 15 5478 40695 -1 -1 4799 0.0273647
Chain
	Aln	0	+SRR33939694.52624/1 293 2893 4552 +edge_1_0_+disjointig_1_0_20896 18253 20852 20896 -1 -1 1893 0.0521062
Chain
	Aln	2	+SRR33939694.52624/1 2941 4084 4552 +edge_2_0_+disjointig_1_20896_22059 1 1161 1163 -1 -1 970 0.0372612
Chain
	Aln	3	-SRR33939694.52624/1 467 1610 4552 -edge_2_0_+disjointig_1_20896_22059 1 1161 1163 -1 -1 970 0.0372612
Chain
	Aln	1	-SRR33939694.52624/1 1658 4258 4552 -edge_1_0_+disjointig_1_0_20896 43 2642 20896 -1 -1 1893 0.0521062
Chain
	Aln	9	+SRR33939694.55010/1 120 705 1371 -edge_5_0_+disjointig_2_3588_44283 40113 40694 40695 -1 -1 551 0.0179053
Chain
	Aln	3	+SRR33939694.55010/1 724 1357 1371 -edge_2_1_+disjointig_2_2428_3588 21 649 1160 -1 -1 589 0.0266415
Chain
	Aln	2	-SRR33939694.55010/1 13 646 1371 +edge_2_1_+disjointig_2_2428_3588 510 1138 1160 -1 -1 589 0.0266415
Chain
	Aln	8	-SRR33939694.55010/1 665 1250 1371 +edge_5_0_+disjointig_2_3588_44283 0 581 40695 -1 -1 551 0.0179053
Chain
	Aln	5	+SRR33939694.56070/1 117 981 2011 -edge_3_0_-disjointig_2_41855_44283 1555 2419 2428 -1 -1 829 0.0138488
Chain
	Aln	2	+SRR33939694.56070/1 991 2009 2011 +edge_2_1_+disjointig_2_2428_3588 1 1028 1160 -1 -1 991 0.0127464
Chain
	Aln	3	-SRR33939694.56070/1 1 1019 2011 -edge_2_1_+disjointig_2_2428_3588 131 1158 1160 -1 -1 991 0.0127464
Chain
	Aln	4	-SRR33939694.56070/1 1029 1893 2011 +edge_3_0_-disjointig_2_41855_44283 8 872 2428 -1 -1 829 0.0138488
Chain
	Aln	9	+SRR33939694.57404/1 116 782 1612 -edge_5_0_+disjointig_2_3588_44283 40024 40694 40695 -1 -1 588 0.0336042
Chain
	Aln	3	+SRR33939694.57404/1 785 1591 1612 -edge_2_1_+disjointig_2_2428_3588 2 815 1160 -1 -1 596 0.0636969
Chain
	Aln	2	-SRR33939694.57404/1 20 826 1612 +edge_2_1_+disjointig_2_2428_3588 344 1157 1160 -1 -1 596 0.0636969
Chain
	Aln	8	-SRR33939694.57404/1 829 1495 1612 +edge_5_0_+disjointig_2_3588_44283 0 670 40695 -1 -1 588 0.0336042
Chain
	Aln	9	+SRR33939694.58423/1 118 2869 4440 -edge_5_0_+disjointig_2_3588_44283 37943 40694 40695 -1 -1 2449 0.0260746
Chain
	Aln	3	+SRR33939694.58423/1 2872 4027 4440 -edge_2_1_+disjointig_2_2428_3588 2 1159 1160 -1 -1 1124 0.0148413
Chain
	Aln	2	-SRR33939694.58423/1 412 1567 4440 +edge_2_1_+disjointig_2_2428_3588 0 1157 1160 -1 -1 1124 0.0148413
Chain
	Aln	8	-SRR33939694.58423/1 1570 4321 4440 +edge_5_0_+disjointig_2_3588_44283 0 2751 40695 -1 -1 2449 0.0260746
Chain
	Aln	7	+SRR33939694.58941/1 260 7148 24763 -edge_4_0_+disjointig_1_22059_47419 18419 25334 25360 -1 -1 5865 0.0319289
Chain
	Aln	3	+SRR33939694.58941/1 7193 8332 24763 -edge_2_0_+disjointig_1_20896_22059 23 1162 1163 -1 -1 1046 0.0194077
Chain
	Aln	1	+SRR33939694.58941/1 8335 24761 24763 -edge_1_0_+disjointig_1_0_20896 2 16445 20896 -1 -1 14487 0.0250602
Chain
	Aln	0	-SRR33939694.58941/1 1 16427 24763 +edge_1_0_+disjointig_1_0_20896 4450 20893 20896 -1 -1 14487 0.0250602
Chain
	Aln	2	-SRR33939694.58941/1 16430 17569 24763 +edge_2_0_+disjointig_1_20896_22059 0 1139 1163 -1 -1 1046 0.0194077
Chain
	Aln	6	-SRR33939694.58941/1 17614 24502 24763 +edge_4_0_+disjointig_1_22059_47419 25 6940 25360 -1 -1 5865 0.0319289
Chain
	Aln	2	+SRR33939694.61526/1 128 890 1670 +edge_2_1_+disjointig_2_2428_3588 389 1158 1160 -1 -1 553 0.0481163
Chain
	Aln	8	+SRR33939694.61526/1 893 1668 1670 +edge_5_0_+disjointig_2_3588_44283 1 774 40695 -1 -1 682 0.0301097
Chain
	Aln	9	-SRR33939694.61526/1 1 776 1670 -edge_5_0_+disjointig_2_3588_44283 39920 40693 40695 -1 -1 682 0.0301097
Chain
	Aln	3	-SRR33939694.61526/1 779 1541 1670 -edge_2_1_+disjointig_2_2428_3588 1 770 1160 -1 -1 553 0.0481163
Chain
	Aln	2	+SRR33939694.61943/1 363 1498 2149 +edge_2_1_+disjointig_2_2428_3588 3 1139 1160 -1 -1 1085 0.0186089
Chain
	Aln	8	+SRR33939694.61943/1 1528 2125 2149 +edge_5_0_+disjointig_2_3588_44283 11 612 40695 -1 -1 522 0.0317382
Chain
	Aln	9	-SRR33939694.61943/1 23 620 2149 -edge_5_0_+disjointig_2_3588_44283 40082 40683 40695 -1 -1 522 0.0317382
Chain
	Aln	3	-SRR33939694.61943/1 650 1785 2149 -edge_2_1_+disjointig_2_2428_3588 20 1156 1160 -1 -1 1085 0.0186089
Chain
	Aln	5	+SRR33939694.63094/1 151 2243 11079 -edge_3_0_-disjointig_2_41855_44283 304 2400 2428 -1 -1 1841 0.0275369
Chain
	Aln	2	+SRR33939694.63094/1 2269 3394 11079 +edge_2_1_+disjointig_2_2428_3588 1 1127 1160 -1 -1 896 0.0338143
Chain
	Aln	8	+SRR33939694.63094/1 3447 11075 11079 +edge_5_0_+disjointig_2_3588_44283 21 7671 40695 -1 -1 6001 0.0361523
Chain
	Aln	9	-SRR33939694.63094/1 3 7631 11079 -edge_5_0_+disjointig_2_3588_44283 33023 40673 40695 -1 -1 6001 0.0361523
Chain
	Aln	3	-SRR33939694.63094/1 7684 8809 11079 -edge_2_1_+disjointig_2_2428_3588 32 1158 1160 -1 -1 896 0.0338143
Chain
	Aln	4	-SRR33939694.63094/1 8835 10927 11079 +edge_3_0_-disjointig_2_41855_44283 27 2123 2428 -1 -1 1841 0.0275369
Chain
	Aln	3	+SRR33939694.65198/1 181 1336 2686 -edge_2_1_+disjointig_2_2428_3588 2 1159 1160 -1 -1 1106 0.0154339
Chain
	Aln	4	+SRR33939694.65198/1 1337 2682 2686 +edge_3_0_-disjointig_2_41855_44283 1 1358 2428 -1 -1 1284 0.0119123
Chain
	Aln	5	-SRR33939694.65198/1 3 1348 2686 -edge_3_0_-disjointig_2_41855_44283 1069 2426 2428 -1 -1 1284 0.0119123
Chain
	Aln	2	-SRR33939694.65198/1 1349 2504 2686 +edge_2_1_+disjointig_2_2428_3588 0 1157 1160 -1 -1 1106 0.0154339
Chain
	Aln	9	+SRR33939694.65890/1 109 745 2375 -edge_5_0_+disjointig_2_3588_44283 40048 40681 40695 -1 -1 572 0.0242031
Chain
	Aln	3	+SRR33939694.65890/1 764 1915 2375 -edge_2_1_+disjointig_2_2428_3588 2 1159 1160 -1 -1 1017 0.0271058
Chain
	Aln	2	-SRR33939694.65890/1 459 1610 2375 +edge_2_1_+disjointig_2_2428_3588 0 1157 1160 -1 -1 1017 0.0271058
Chain
	Aln	8	-SRR33939694.65890/1 1629 2265 2375 +edge_5_0_+disjointig_2_3588_44283 13 646 40695 -1 -1 572 0.0242031
Chain
	Aln	0	+SRR33939694.65056/1 224 3172 12718 +edge_1_0_+disjointig_1_0_20896 17923 20877 20896 -1 -1 2533 0.028911
Chain
	Aln	2	+SRR33939694.65056/1 3188 4329 12718 +edge_2_0_+disjointig_1_20896_22059 1 1142 1163 -1 -1 921 0.0424343
Chain
	Aln	6	+SRR33939694.65056/1 4349 12709 12718 +edge_4_0_+disjointig_1_22059_47419 1 8412 25360 -1 -1 7353 0.0267471
Chain
	Aln	7	-SRR33939694.65056/1 8 8368 12718 -edge_4_0_+disjointig_1_22059_47419 16947 25358 25360 -1 -1 7353 0.0267471
Chain
	Aln	3	-SRR33939694.65056/1 8388 9529 12718 -edge_2_0_+disjointig_1_20896_22059 20 1161 1163 -1 -1 921 0.0424343
Chain
	Aln	1	-SRR33939694.65056/1 9545 12493 12718 -edge_1_0_+disjointig_1_0_20896 18 2972 20896 -1 -1 2533 0.028911
Chain
	Aln	3	+SRR33939694.66270/1 489 1638 3353 -edge_2_1_+disjointig_2_2428_3588 2 1159 1160 -1 -1 987 0.0278366
Chain
	Aln	4	+SRR33939694.66270/1 1639 3351 3353 +edge_3_0_-disjointig_2_41855_44283 1 1715 2428 -1 -1 1477 0.0262919
Chain
	Aln	5	-SRR33939694.66270/1 1 1713 3353 -edge_3_0_-disjointig_2_41855_44283 712 2426 2428 -1 -1 1477 0.0262919
Chain
	Aln	2	-SRR33939694.66270/1 1714 2863 3353 +edge_2_1_+disjointig_2_2428_3588 0 1157 1160 -1 -1 987 0.0278366
Chain
	Aln	9	+SRR33939694.65964/1 147 14888 18511 -edge_5_0_+disjointig_2_3588_44283 25841 40694 40695 -1 -1 12719 0.0273612
Chain
	Aln	3	+SRR33939694.65964/1 14891 16050 18511 -edge_2_1_+disjointig_2_2428_3588 2 1159 1160 -1 -1 988 0.0293437
Chain
	Aln	4	+SRR33939694.65964/1 16051 18490 18511 +edge_3_0_-disjointig_2_41855_44283 1 2423 2428 -1 -1 2186 0.0218286
Chain
	Aln	5	-SRR33939694.65964/1 20 2459 18511 -edge_3_0_-disjointig_2_41855_44283 4 2426 2428 -1 -1 2186 0.0218286
Chain
	Aln	2	-SRR33939694.65964/1 2460 3619 18511 +edge_2_1_+disjointig_2_2428_3588 0 1157 1160 -1 -1 988 0.0293437
Chain
	Aln	8	-SRR33939694.65964/1 3622 18363 18511 +edge_5_0_+disjointig_2_3588_44283 0 14853 40695 -1 -1 12719 0.0273612
Chain
	Aln	3	+SRR33939694.67782/1 115 855 3289 -edge_2_1_+disjointig_2_2428_3588 427 1159 1160 -1 -1 666 0.0216007
Chain
	Aln	4	+SRR33939694.67782/1 856 3268 3289 +edge_3_0_-disjointig_2_41855_44283 1 2423 2428 -1 -1 2163 0.0255857
Chain
	Aln	5	-SRR33939694.67782/1 20 2432 3289 -edge_3_0_-disjointig_2_41855_44283 4 2426 2428 -1 -1 2163 0.0255857
Chain
	Aln	2	-SRR33939694.67782/1 2433 3173 3289 +edge_2_1_+disjointig_2_2428_3588 0 732 1160 -1 -1 666 0.0216007
Chain
	Aln	3	+SRR33939694.70745/1 117 630 1174 -edge_2_1_+disjointig_2_2428_3588 645 1159 1160 -1 -1 453 0.0281799
Chain
	Aln	4	+SRR33939694.70745/1 631 1156 1174 +edge_3_0_-disjointig_2_41855_44283 1 528 2428 -1 -1 445 0.03172
Chain
	Aln	5	-SRR33939694.70745/1 17 542 1174 -edge_3_0_-disjointig_2_41855_44283 1899 2426 2428 -1 -1 445 0.03172
Chain
	Aln	2	-SRR33939694.70745/1 543 1056 1174 +edge_2_1_+disjointig_2_2428_3588 0 514 1160 -1 -1 453 0.0281799
Chain
	Aln	3	+SRR33939694.72274/1 104 672 1420 -edge_2_1_+disjointig_2_2428_3588 587 1149 1160 -1 -1 474 0.0297763
Chain
	Aln	4	+SRR33939694.72274/1 741 1324 1420 +edge_3_0_-disjointig_2_41855_44283 68 672 2428 -1 -1 462 0.0506587
Chain
	Aln	5	-SRR33939694.72274/1 95 678 1420 -edge_3_0_-disjointig_2_41855_44283 1755 2359 2428 -1 -1 462 0.0506587
Chain
	Aln	2	-SRR33939694.72274/1 747 1315 1420 +edge_2_1_+disjointig_2_2428_3588 10 572 1160 -1 -1 474 0.0297763
Chain
	Aln	3	+SRR33939694.73895/1 127 760 1770 -edge_2_1_+disjointig_2_2428_3588 523 1159 1160 -1 -1 554 0.0270661
Chain
	Aln	4	+SRR33939694.73895/1 761 1764 1770 +edge_3_0_-disjointig_2_41855_44283 1 1005 2428 -1 -1 863 0.0318078
Chain
	Aln	5	-SRR33939694.73895/1 5 1008 1770 -edge_3_0_-disjointig_2_41855_44283 1422 2426 2428 -1 -1 863 0.0318078
Chain
	Aln	2	-SRR33939694.73895/1 1009 1642 1770 +edge_2_1_+disjointig_2_2428_3588 0 636 1160 -1 -1 554 0.0270661
Chain
	Aln	3	+SRR33939694.76620/1 745 1899 2441 -edge_2_0_+disjointig_1_20896_22059 13 1162 1163 -1 -1 1074 0.0185462
Chain
	Aln	1	+SRR33939694.76620/1 1902 2438 2441 -edge_1_0_+disjointig_1_0_20896 2 540 20896 -1 -1 526 0.0188588
Chain
	Aln	0	-SRR33939694.76620/1 2 538 2441 +edge_1_0_+disjointig_1_0_20896 20355 20893 20896 -1 -1 526 0.0188588
Chain
	Aln	2	-SRR33939694.76620/1 541 1695 2441 +edge_2_0_+disjointig_1_20896_22059 0 1149 1163 -1 -1 1074 0.0185462
Chain
	Aln	2	+SRR33939694.81749/1 113 969 1534 +edge_2_1_+disjointig_2_2428_3588 279 1158 1160 -1 -1 692 0.0373903
Chain
	Aln	8	+SRR33939694.81749/1 972 1532 1534 +edge_5_0_+disjointig_2_3588_44283 1 573 40695 -1 -1 473 0.0324687
Chain
	Aln	9	-SRR33939694.81749/1 1 561 1534 -edge_5_0_+disjointig_2_3588_44283 40121 40693 40695 -1 -1 473 0.0324687
Chain
	Aln	3	-SRR33939694.81749/1 564 1420 1534 -edge_2_1_+disjointig_2_2428_3588 1 880 1160 -1 -1 692 0.0373903
Chain
	Aln	5	+SRR33939694.82166/1 118 683 1360 -edge_3_0_-disjointig_2_41855_44283 1842 2406 2428 -1 -1 554 0.0116462
Chain
	Aln	2	+SRR33939694.82166/1 702 1348 1360 +edge_2_1_+disjointig_2_2428_3588 1 652 1160 -1 -1 626 0.0151063
Chain
	Aln	3	-SRR33939694.82166/1 11 657 1360 -edge_2_1_+disjointig_2_2428_3588 507 1158 1160 -1 -1 626 0.0151063
Chain
	Aln	4	-SRR33939694.82166/1 676 1241 1360 +edge_3_0_-disjointig_2_41855_44283 21 585 2428 -1 -1 554 0.0116462
Chain
	Aln	5	+SRR33939694.83036/1 117 723 1331 -edge_3_0_-disjointig_2_41855_44283 1822 2427 2428 -1 -1 497 0.0387979
Chain
	Aln	2	+SRR33939694.83036/1 724 1329 1331 +edge_2_1_+disjointig_2_2428_3588 1 623 1160 -1 -1 476 0.0373982
Chain
	Aln	3	-SRR33939694.83036/1 1 606 1331 -edge_2_1_+disjointig_2_2428_3588 536 1158 1160 -1 -1 476 0.0373982
Chain
	Aln	4	-SRR33939694.83036/1 607 1213 1331 +edge_3_0_-disjointig_2_41855_44283 0 605 2428 -1 -1 497 0.0387979
Chain
	Aln	5	+SRR33939694.84429/1 108 674 1376 -edge_3_0_-disjointig_2_41855_44283 1852 2411 2428 -1 -1 486 0.0255793
Chain
	Aln	2	+SRR33939694.84429/1 695 1338 1376 +edge_2_1_+disjointig_2_2428_3588 1 650 1160 -1 -1 574 0.0294418
Chain
	Aln	3	-SRR33939694.84429/1 37 680 1376 -edge_2_1_+disjointig_2_2428_3588 509 1158 1160 -1 -1 574 0.0294418
Chain
	Aln	4	-SRR33939694.84429/1 701 1267 1376 +edge_3_0_-disjointig_2_41855_44283 16 575 2428 -1 -1 486 0.0255793
Chain
	Aln	2	+SRR33939694.85435/1 108 635 1518 +edge_2_1_+disjointig_2_2428_3588 613 1158 1160 -1 -1 480 0.0294459
Chain
	Aln	8	+SRR33939694.85435/1 639 1516 1518 +edge_5_0_+disjointig_2_3588_44283 1 883 40695 -1 -1 838 0.0176178
Chain
	Aln	9	-SRR33939694.85435/1 1 878 1518 -edge_5_0_+disjointig_2_3588_44283 39811 40693 40695 -1 -1 838 0.0176178
Chain
	Aln	3	-SRR33939694.85435/1 882 1409 1518 -edge_2_1_+disjointig_2_2428_3588 1 546 1160 -1 -1 480 0.0294459
Chain
	Aln	5	+SRR33939694.86510/1 118 2236 4531 -edge_3_0_-disjointig_2_41855_44283 292 2411 2428 -1 -1 2032 0.0118993
Chain
	Aln	2	+SRR33939694.86510/1 2252 3388 4531 +edge_2_1_+disjointig_2_2428_3588 1 1142 1160 -1 -1 1025 0.019727
Chain
	Aln	8	+SRR33939694.86510/1 3406 4529 4531 +edge_5_0_+disjointig_2_3588_44283 2 1125 40695 -1 -1 980 0.0179318
Chain
	Aln	9	-SRR33939694.86510/1 1 1124 4531 -edge_5_0_+disjointig_2_3588_44283 39569 40692 40695 -1 -1 980 0.0179318
Chain
	Aln	3	-SRR33939694.86510/1 1142 2278 4531 -edge_2_1_+disjointig_2_2428_3588 17 1158 1160 -1 -1 1025 0.019727
Chain
	Aln	4	-SRR33939694.86510/1 2294 4412 4531 +edge_3_0_-disjointig_2_41855_44283 16 2135 2428 -1 -1 2032 0.0118993
Chain
	Aln	3	+SRR33939694.91912/1 111 874 1782 -edge_2_1_+disjointig_2_2428_3588 390 1159 1160 -1 -1 579 0.0412458
Chain
	Aln	4	+SRR33939694.91912/1 940 1780 1782 +edge_3_0_-disjointig_2_41855_44283 68 928 2428 -1 -1 510 0.0709849
Chain
	Aln	5	-SRR33939694.91912/1 1 841 1782 -edge_3_0_-disjointig_2_41855_44283 1499 2359 2428 -1 -1 510 0.0709849
Chain
	Aln	2	-SRR33939694.91912/1 907 1670 1782 +edge_2_1_+disjointig_2_2428_3588 0 769 1160 -1 -1 579 0.0412458
Chain
	Aln	9	+SRR33939694.92073/1 113 717 1317 -edge_5_0_+disjointig_2_3588_44283 40091 40694 40695 -1 -1 573 0.0192421
Chain
	Aln	3	+SRR33939694.92073/1 720 1315 1317 -edge_2_1_+disjointig_2_2428_3588 2 604 1160 -1 -1 520 0.0287263
Chain
	Aln	2	-SRR33939694.92073/1 1 596 1317 +edge_2_1_+disjointig_2_2428_3588 555 1157 1160 -1 -1 520 0.0287263
Chain
	Aln	8	-SRR33939694.92073/1 599 1203 1317 +edge_5_0_+disjointig_2_3588_44283 0 603 40695 -1 -1 573 0.0192421
Chain
	Aln	2	+SRR33939694.94186/1 512 1631 2440 +edge_2_1_+disjointig_2_2428_3588 19 1141 1160 -1 -1 1010 0.019832
Chain
	Aln	8	+SRR33939694.94186/1 1654 2438 2440 +edge_5_0_+disjointig_2_3588_44283 6 797 40695 -1 -1 699 0.030431
Chain
	Aln	9	-SRR33939694.94186/1 1 785 2440 -edge_5_0_+disjointig_2_3588_44283 39897 40688 40695 -1 -1 699 0.030431
Chain
	Aln	3	-SRR33939694.94186/1 808 1927 2440 -edge_2_1_+disjointig_2_2428_3588 18 1140 1160 -1 -1 1010 0.019832
Chain
	Aln	9	+SRR33939694.95541/1 115 3038 6631 -edge_5_0_+disjointig_2_3588_44283 37739 40694 40695 -1 -1 2716 0.0229552
Chain
	Aln	3	+SRR33939694.95541/1 3041 4197 6631 -edge_2_1_+disjointig_2_2428_3588 2 1159 1160 -1 -1 1054 0.0184198
Chain
	Aln	4	+SRR33939694.95541/1 4198 6600 6631 +edge_3_0_-disjointig_2_41855_44283 1 2414 2428 -1 -1 2263 0.0184299
Chain
	Aln	5	-SRR33939694.95541/1 30 2432 6631 -edge_3_0_-disjointig_2_41855_44283 13 2426 2428 -1 -1 2263 0.0184299
Chain
	Aln	2	-SRR33939694.95541/1 2433 3589 6631 +edge_2_1_+disjointig_2_2428_3588 0 1157 1160 -1 -1 1054 0.0184198
Chain
	Aln	8	-SRR33939694.95541/1 3592 6515 6631 +edge_5_0_+disjointig_2_3588_44283 0 2955 40695 -1 -1 2716 0.0229552
Chain
	Aln	5	+SRR33939694.97373/1 111 1421 4895 -edge_3_0_-disjointig_2_41855_44283 1091 2398 2428 -1 -1 1262 0.0124464
Chain
	Aln	2	+SRR33939694.97373/1 1450 2595 4895 +edge_2_1_+disjointig_2_2428_3588 3 1158 1160 -1 -1 1053 0.0181789
Chain
	Aln	8	+SRR33939694.97373/1 2598 4893 4895 +edge_5_0_+disjointig_2_3588_44283 1 2303 40695 -1 -1 2119 0.0159274
Chain
	Aln	9	-SRR33939694.97373/1 1 2296 4895 -edge_5_0_+disjointig_2_3588_44283 38391 40693 40695 -1 -1 2119 0.0159274
Chain
	Aln	3	-SRR33939694.97373/1 2299 3444 4895 -edge_2_1_+disjointig_2_2428_3588 1 1156 1160 -1 -1 1053 0.0181789
Chain
	Aln	4	-SRR33939694.97373/1 3473 4783 4895 +edge_3_0_-disjointig_2_41855_44283 29 1336 2428 -1 -1 1262 0.0124464
Chain
	Aln	5	+SRR33939694.99735/1 139 1188 4283 -edge_3_0_-disjointig_2_41855_44283 1292 2382 2428 -1 -1 744 0.0490426
Chain
	Aln	2	+SRR33939694.99735/1 1224 2360 4283 +edge_2_1_+disjointig_2_2428_3588 1 1158 1160 -1 -1 862 0.046866
Chain
	Aln	8	+SRR33939694.99735/1 2387 4162 4283 +edge_5_0_+disjointig_2_3588_44283 30 1867 40695 -1 -1 1407 0.0400393
Chain
	Aln	9	-SRR33939694.99735/1 120 1895 4283 -edge_5_0_+disjointig_2_3588_44283 38827 40664 40695 -1 -1 1407 0.0400393
Chain
	Aln	3	-SRR33939694.99735/1 1922 3058 4283 -edge_2_1_+disjointig_2_2428_3588 1 1158 1160 -1 -1 862 0.046866
Chain
	Aln	4	-SRR33939694.99735/1 3094 4143 4283 +edge_3_0_-disjointig_2_41855_44283 45 1135 2428 -1 -1 744 0.0490426
Chain
	Aln	3	+SRR33939694.100475/1 122 776 1322 -edge_2_1_+disjointig_2_2428_3588 477 1159 1160 -1 -1 582 0.0278931
Chain
	Aln	4	+SRR33939694.100475/1 785 1310 1322 +edge_3_0_-disjointig_2_41855_44283 10 539 2428 -1 -1 498 0.0133672
Chain
	Aln	5	-SRR33939694.100475/1 11 536 1322 -edge_3_0_-disjointig_2_41855_44283 1888 2417 2428 -1 -1 498 0.0133672
Chain
	Aln	2	-SRR33939694.100475/1 545 1199 1322 +edge_2_1_+disjointig_2_2428_3588 0 682 1160 -1 -1 582 0.0278931
Chain
	Aln	3	+SRR33939694.103853/1 140 849 3281 -edge_2_1_+disjointig_2_2428_3588 449 1159 1160 -1 -1 689 0.0101315
Chain
	Aln	4	+SRR33939694.103853/1 850 3260 3281 +edge_3_0_-disjointig_2_41855_44283 1 2423 2428 -1 -1 2195 0.0208253
Chain
	Aln	5	-SRR33939694.103853/1 20 2430 3281 -edge_3_0_-disjointig_2_41855_44283 4 2426 2428 -1 -1 2195 0.0208253
Chain
	Aln	2	-SRR33939694.103853/1 2431 3140 3281 +edge_2_1_+disjointig_2_2428_3588 0 710 1160 -1 -1 689 0.0101315
Chain
	Aln	5	+SRR33939694.106146/1 205 871 1474 -edge_3_0_-disjointig_2_41855_44283 1736 2395 2428 -1 -1 539 0.0286154
Chain
	Aln	2	+SRR33939694.106146/1 952 1471 1474 +edge_2_1_+disjointig_2_2428_3588 50 568 1160 -1 -1 415 0.036869
Chain
	Aln	3	-SRR33939694.106146/1 2 521 1474 -edge_2_1_+disjointig_2_2428_3588 591 1109 1160 -1 -1 415 0.036869
Chain
	Aln	4	-SRR33939694.106146/1 602 1268 1474 +edge_3_0_-disjointig_2_41855_44283 32 691 2428 -1 -1 539 0.0286154
Chain
	Aln	2	+SRR33939694.106300/1 119 1263 5160 +edge_2_0_+disjointig_1_20896_22059 17 1161 1163 -1 -1 1077 0.0223881
Chain
	Aln	6	+SRR33939694.106300/1 1266 5158 5160 +edge_4_0_+disjointig_1_22059_47419 1 3866 25360 -1 -1 3225 0.0293866
Chain
	Aln	7	-SRR33939694.106300/1 1 3893 5160 -edge_4_0_+disjointig_1_22059_47419 21493 25358 25360 -1 -1 3225 0.0293866
Chain
	Aln	3	-SRR33939694.106300/1 3896 5040 5160 -edge_2_0_+disjointig_1_20896_22059 1 1145 1163 -1 -1 1077 0.0223881
Chain
	Aln	3	+SRR33939694.106950/1 186 1340 3761 -edge_2_1_+disjointig_2_2428_3588 5 1159 1160 -1 -1 785 0.0525234
Chain
	Aln	4	+SRR33939694.106950/1 1407 3707 3761 +edge_3_0_-disjointig_2_41855_44283 72 2388 2428 -1 -1 1688 0.0442677
Chain
	Aln	5	-SRR33939694.106950/1 53 2353 3761 -edge_3_0_-disjointig_2_41855_44283 39 2355 2428 -1 -1 1688 0.0442677
Chain
	Aln	2	-SRR33939694.106950/1 2420 3574 3761 +edge_2_1_+disjointig_2_2428_3588 0 1154 1160 -1 -1 785 0.0525234
Chain
	Aln	9	+SRR33939694.108030/1 113 847 1731 -edge_5_0_+disjointig_2_3588_44283 39935 40694 40695 -1 -1 561 0.0415666
Chain
	Aln	3	+SRR33939694.108030/1 850 1720 1731 -edge_2_1_+disjointig_2_2428_3588 2 867 1160 -1 -1 677 0.0457893
Chain
	Aln	2	-SRR33939694.108030/1 10 880 1731 +edge_2_1_+disjointig_2_2428_3588 292 1157 1160 -1 -1 677 0.0457893
Chain
	Aln	8	-SRR33939694.108030/1 883 1617 1731 +edge_5_0_+disjointig_2_3588_44283 0 759 40695 -1 -1 561 0.0415666
Chain
	Aln	5	+SRR33939694.109521/1 114 830 1580 -edge_3_0_-disjointig_2_41855_44283 1695 2411 2428 -1 -1 655 0.0203547
Chain
	Aln	2	+SRR33939694.109521/1 847 1566 1580 +edge_2_1_+disjointig_2_2428_3588 1 720 1160 -1 -1 695 0.0179859
Chain
	Aln	3	-SRR33939694.109521/1 13 732 1580 -edge_2_1_+disjointig_2_2428_3588 439 1158 1160 -1 -1 695 0.0179859
Chain
	Aln	4	-SRR33939694.109521/1 749 1465 1580 +edge_3_0_-disjointig_2_41855_44283 16 732 2428 -1 -1 655 0.0203547
Chain
	Aln	9	+SRR33939694.111032/1 146 1580 2274 -edge_5_0_+disjointig_2_3588_44283 39258 40694 40695 -1 -1 1392 0.012338
Chain
	Aln	3	+SRR33939694.111032/1 1583 2272 2274 -edge_2_1_+disjointig_2_2428_3588 2 684 1160 -1 -1 599 0.028217
Chain
	Aln	2	-SRR33939694.111032/1 1 690 2274 +edge_2_1_+disjointig_2_2428_3588 475 1157 1160 -1 -1 599 0.028217
Chain
	Aln	8	-SRR33939694.111032/1 693 2127 2274 +edge_5_0_+disjointig_2_3588_44283 0 1436 40695 -1 -1 1392 0.012338
Chain
	Aln	3	+SRR33939694.112477/1 112 755 1597 -edge_2_1_+disjointig_2_2428_3588 518 1159 1160 -1 -1 621 0.0150848
Chain
	Aln	4	+SRR33939694.112477/1 756 1594 1597 +edge_3_0_-disjointig_2_41855_44283 1 837 2428 -1 -1 790 0.014788
Chain
	Aln	5	-SRR33939694.112477/1 2 840 1597 -edge_3_0_-disjointig_2_41855_44283 1590 2426 2428 -1 -1 790 0.014788
Chain
	Aln	2	-SRR33939694.112477/1 841 1484 1597 +edge_2_1_+disjointig_2_2428_3588 0 641 1160 -1 -1 621 0.0150848
